date,kind,term,islands,new_7d,ranked,unique_players,plays
2026-09-25,tag,,1,0,0,0,0
2026-09-25,tag,1v1,62609,7,205,2781982,5058653
2026-09-25,tag,2d,647,0,1,1126,1384
2026-09-25,tag,2v2,5763,1,40,1421576,2782800
2026-09-25,tag,3v3,2537,3,18,318778,548886
2026-09-25,tag,4v4,3654,1,14,103976,169685
2026-09-25,tag,5v5,1793,1,4,64496,149032
2026-09-25,tag,6v6,1156,0,0,0,0
2026-09-25,tag,7v7,211,0,0,0,0
2026-09-25,tag,8v8,3084,0,3,64,81
2026-09-25,tag,action,31969,1,87,62339,87621
2026-09-25,tag,ad,188,0,2,280,473
2026-09-25,tag,adventure,8692,1,139,481263,599662
2026-09-25,tag,aim course,2818,0,33,289574,449476
2026-09-25,tag,arcade,3064,0,14,6091,7406
2026-09-25,tag,arena,11467,0,33,129994,203709
2026-09-25,tag,artistic,2956,0,33,1884,2427
2026-09-25,tag,atmospheric,3654,0,15,2795,2997
2026-09-25,tag,attack,5941,2,8,4070,4823
2026-09-25,tag,base,2143,0,28,158911,305368
2026-09-25,tag,base building,1701,0,9,20801,25112
2026-09-25,tag,battle,23734,0,68,125024,204213
2026-09-25,tag,battle royale,9913,0,18,46196,133133
2026-09-25,tag,board game,647,0,23,7102,8596
2026-09-25,tag,boss battle,2765,3,200,141931,194317
2026-09-25,tag,boxfight,25263,0,56,2373069,4421973
2026-09-25,tag,building,35290,2,108,923590,1931810
2026-09-25,tag,capture the flag,1814,0,1,271,358
2026-09-25,tag,card game,121,0,2,163,275
2026-09-25,tag,casual,17591,3,397,1743182,4850064
2026-09-25,tag,choices matter,510,0,5,34302,78461
2026-09-25,tag,classes,1075,0,6,48080,67305
2026-09-25,tag,clicker,240,0,6,313,436
2026-09-25,tag,co-op,6340,0,216,179916,250991
2026-09-25,tag,collection,1165,1,25,6244,8820
2026-09-25,tag,competitive,43992,5,126,1282742,2439652
2026-09-25,tag,crafting,258,0,4,1332,1909
2026-09-25,tag,creatures,4298,1,176,134569,176201
2026-09-25,tag,deathrun,16586,2,296,572154,741669
2026-09-25,tag,defend,1111,0,0,0,0
2026-09-25,tag,difficulty: easy,7611,0,57,26281,33399
2026-09-25,tag,difficulty: hard,2427,0,45,177100,220260
2026-09-25,tag,difficulty: impossible,1122,1,24,186741,240874
2026-09-25,tag,difficulty: medium,2465,0,11,16578,19870
2026-09-25,tag,difficulty: ultra hard,535,1,0,0,0
2026-09-25,tag,difficulty: very hard,705,0,2,0,0
2026-09-25,tag,driver simulator,8518,0,114,126946,174577
2026-09-25,tag,duo,3464,1,54,857630,1792896
2026-09-25,tag,economy,421,0,3,2523,3383
2026-09-25,tag,edit course,3619,0,38,311791,485006
2026-09-25,tag,educational,808,0,7,984,1266
2026-09-25,tag,episodic,66,0,0,0,0
2026-09-25,tag,escape,8386,0,283,379340,531629
2026-09-25,tag,event,1224,0,56,15659,22232
2026-09-25,tag,exploration,3909,0,55,32715,55610
2026-09-25,tag,explosives,801,0,0,0,0
2026-09-25,tag,farming simulator,350,0,3,1718,2547
2026-09-25,tag,fashion,2269,1,46,12928,26419
2026-09-25,tag,fighting,13658,0,47,29013,44208
2026-09-25,tag,first person,6217,0,140,233348,333405
2026-09-25,tag,fortnitemares,986,0,4,334,629
2026-09-25,tag,free for all,74578,9,310,2037785,3102711
2026-09-25,tag,friendly,6409,0,85,22119,83191
2026-09-25,tag,funny,9680,0,46,51776,90352
2026-09-25,tag,gun fight,7786,0,9,11776,32617
2026-09-25,tag,gun game,12721,4,16,30576,39278
2026-09-25,tag,hardcore,579,0,1,0,0
2026-09-25,tag,heroes,2514,0,21,5006,8987
2026-09-25,tag,horror,5606,0,214,309704,393364
2026-09-25,tag,hub,477,0,4,0,0
2026-09-25,tag,infection,442,0,1,0,0
2026-09-25,tag,jam system,320,0,27,836,1956
2026-09-25,tag,just for fun,64370,13,993,4410798,8798611
2026-09-25,tag,king of the hill,600,0,1,160,194
2026-09-25,tag,melee,1620,0,10,3194,4883
2026-09-25,tag,memes,2994,0,14,13990,15671
2026-09-25,tag,minigame,17695,4,312,1480088,2198154
2026-09-25,tag,mining,126,0,0,0,0
2026-09-25,tag,moba,139,0,0,0,0
2026-09-25,tag,moving,937,0,6,45940,63071
2026-09-25,tag,music,2749,3,150,53873,65112
2026-09-25,tag,mystery,1412,0,21,16404,21328
2026-09-25,tag,nonlinear,71,0,1,0,0
2026-09-25,tag,objective,1442,0,3,0,0
2026-09-25,tag,one in the chamber,376,0,1,0,0
2026-09-25,tag,one life,1017,0,5,385,694
2026-09-25,tag,one shot,8687,0,18,18229,26135
2026-09-25,tag,open world,12190,0,221,304336,495349
2026-09-25,tag,parkour,17590,3,237,558800,718594
2026-09-25,tag,party game,14563,4,468,1674475,2814565
2026-09-25,tag,party world,2323,0,72,76233,208508
2026-09-25,tag,patchwork,77,0,1,0,0
2026-09-25,tag,peaceful,1913,0,11,978,1351
2026-09-25,tag,physics,371,0,14,11921,14925
2026-09-25,tag,pinball,64,0,0,0,0
2026-09-25,tag,pixel art,87,0,2,0,0
2026-09-25,tag,platformer,1412,0,32,52576,62596
2026-09-25,tag,point capture,1097,0,4,355,460
2026-09-25,tag,practice,59356,8,295,5836994,10087410
2026-09-25,tag,prop,645,0,1,0,0
2026-09-25,tag,prop hunt,3308,1,16,102713,120312
2026-09-25,tag,puzzle,2193,0,55,24981,29054
2026-09-25,tag,pve,5578,1,267,185607,249793
2026-09-25,tag,pvp,67495,12,338,5128344,8067453
2026-09-25,tag,quiz,930,0,15,10602,12440
2026-09-25,tag,race,10864,0,223,357916,509037
2026-09-25,tag,respawn,8762,1,21,368775,517947
2026-09-25,tag,retro,213,0,0,0,0
2026-09-25,tag,roguelike,1229,0,215,172582,242298
2026-09-25,tag,role playing,5704,2,199,536837,1148670
2026-09-25,tag,rounds,3058,0,10,18836,24377
2026-09-25,tag,rpg,999,0,23,27567,36327
2026-09-25,tag,runner,1545,1,10,10327,12899
2026-09-25,tag,sandbox,996,1,19,25064,58899
2026-09-25,tag,search & destroy,534,0,1,11916,50458
2026-09-25,tag,seasonal,519,0,5,6,19
2026-09-25,tag,secrets,1162,0,10,4725,8085
2026-09-25,tag,sequel,61,0,2,0,0
2026-09-25,tag,series,403,0,1,0,0
2026-09-25,tag,shooter,7807,1,32,442809,667429
2026-09-25,tag,shop,144,0,0,0,0
2026-09-25,tag,show,557,0,14,328,373
2026-09-25,tag,side scroller,152,0,0,0,0
2026-09-25,tag,simulator,6352,2,280,1468766,4218374
2026-09-25,tag,single player,1840,0,13,6366,21041
2026-09-25,tag,skills,2043,0,5,44646,61148
2026-09-25,tag,sniper,4642,1,10,12530,21943
2026-09-25,tag,solo,6914,0,25,99829,160684
2026-09-25,tag,space,435,0,3,551,735
2026-09-25,tag,sports,2249,0,80,86286,110457
2026-09-25,tag,squad,1302,2,11,4351,7095
2026-09-25,tag,stealth,628,0,4,1833,3782
2026-09-25,tag,story,1325,0,36,9434,10867
2026-09-25,tag,strategy,3169,0,63,72320,136003
2026-09-25,tag,survival,6428,3,181,175311,328905
2026-09-25,tag,survival horror,4115,1,200,449689,736508
2026-09-25,tag,team deathmatch,21961,6,35,389350,594021
2026-09-25,tag,teams,6474,4,13,22164,105554
2026-09-25,tag,timed,1080,0,5,6766,7997
2026-09-25,tag,top-down,226,0,0,0,0
2026-09-25,tag,tower defense,264,0,3,4852,5469
2026-09-25,tag,training,8188,0,60,484392,895227
2026-09-25,tag,trios,903,0,21,137508,262855
2026-09-25,tag,trivia,223,0,2,326,505
2026-09-25,tag,turn-based,173,0,2,1533,1976
2026-09-25,tag,tutorial,225,0,1,374,1243
2026-09-25,tag,tycoon,6834,5,306,1406710,4252921
2026-09-25,tag,unbalanced teams,385,0,0,0,0
2026-09-25,tag,visual novel,59,0,1,808,982
2026-09-25,tag,winterfest,947,0,5,65,88
2026-09-25,tag,word games,93,0,1,0,0
2026-09-25,tag,zonewars,23860,6,139,2529322,3932202
2026-09-25,word,1v1,43420,4,168,2307354,4354355
2026-09-25,word,1v1 1v1,127,0,2,11694,17593
2026-09-25,word,1v1 2v2,171,0,3,11148,16288
2026-09-25,word,1v1 4v4,429,0,17,164105,290259
2026-09-25,word,1v1 all,669,0,10,49714,73920
2026-09-25,word,1v1 build,9464,1,45,640218,1418701
2026-09-25,word,1v1 every,402,0,3,330132,483757
2026-09-25,word,1v1 ffa,1002,0,7,6312,9463
2026-09-25,word,1v1 freebuild,93,0,2,30916,45717
2026-09-25,word,1v1 map,2819,0,5,1091,1895
2026-09-25,word,1v1 music,238,0,2,19,25
2026-09-25,word,1v1 pro,177,0,2,1735,1886
2026-09-25,word,1v1 reload,132,0,2,1947,3366
2026-09-25,word,1v1v1,4460,2,22,362933,527764
2026-09-25,word,1v1v1 1v1,153,0,2,11694,17593
2026-09-25,word,1v1v1 reload,1274,0,10,317598,464173
2026-09-25,word,1v2,158,0,2,43801,54873
2026-09-25,word,2v1,163,0,2,43801,54873
2026-09-25,word,2v2,1874,0,17,1063243,2204094
2026-09-25,word,2v2v2,145,0,4,51298,85684
2026-09-25,word,3v3,680,2,6,270436,479422
2026-09-25,word,4v4,974,1,19,168028,297599
2026-09-25,word,5v5,269,1,2,52580,98574
2026-09-25,word,action,104,0,2,0,0
2026-09-25,word,adventure,487,0,33,49375,59735
2026-09-25,word,ai,119,0,2,204,242
2026-09-25,word,aim,1379,0,30,193647,285401
2026-09-25,word,aim edit,400,0,19,162973,233349
2026-09-25,word,aim piece,109,0,5,28026,48321
2026-09-25,word,airport,103,0,2,8380,11343
2026-09-25,word,alien,170,0,2,2689,5004
2026-09-25,word,all,9104,1,43,344495,482403
2026-09-25,word,all guns,1557,1,20,54128,81182
2026-09-25,word,all skins,52,0,3,15315,18816
2026-09-25,word,all vehicles,53,0,4,420,550
2026-09-25,word,all weapons,2015,0,6,9424,12099
2026-09-25,word,allguns,1611,1,20,54128,81182
2026-09-25,word,am,83,0,7,363944,474634
2026-09-25,word,amazing,360,0,5,846,972
2026-09-25,word,among,119,0,2,366,424
2026-09-25,word,among us,93,0,2,366,424
2026-09-25,word,animal,107,0,7,13642,15902
2026-09-25,word,animals,44,0,5,21303,31560
2026-09-25,word,anime,254,0,5,3602,5169
2026-09-25,word,anomalies,30,0,8,3986,4974
2026-09-25,word,anomaly,49,0,6,14189,16576
2026-09-25,word,apocalypse,156,0,2,10660,16336
2026-09-25,word,area,149,0,3,128,159
2026-09-25,word,arena,3640,0,8,2352,2857
2026-09-25,word,asmr,64,1,9,1764,2011
2026-09-25,word,astro,60,0,2,2919,3069
2026-09-25,word,at,286,0,5,3582,4390
2026-09-25,word,aura,254,0,6,11781,17578
2026-09-25,word,baby,66,0,2,0,0
2026-09-25,word,backrooms,519,0,25,45511,59419
2026-09-25,word,backrooms escape,31,0,4,528,622
2026-09-25,word,bad,87,0,2,0,0
2026-09-25,word,balkan,61,0,2,78,102
2026-09-25,word,ball,291,0,3,900,1782
2026-09-25,word,baller,30,0,2,384,452
2026-09-25,word,ballistic,379,0,2,11916,50458
2026-09-25,word,bank,250,0,8,30415,46801
2026-09-25,word,bank city,63,0,2,15142,22817
2026-09-25,word,bank heist,56,0,3,13394,21877
2026-09-25,word,barry,49,0,3,871,924
2026-09-25,word,base,395,0,2,195,266
2026-09-25,word,baseball,30,0,4,384,452
2026-09-25,word,basketball,105,0,3,1204,1673
2026-09-25,word,battle,4131,0,23,29145,36491
2026-09-25,word,battle lab,32,0,4,0,0
2026-09-25,word,battles,302,0,3,2051,2442
2026-09-25,word,be,157,1,10,13387,17446
2026-09-25,word,beach,335,0,3,4795,5445
2026-09-25,word,bean,84,0,2,1905,2492
2026-09-25,word,beat,50,0,2,5128,10221
2026-09-25,word,become,56,0,2,676,837
2026-09-25,word,bed,406,0,16,136105,265829
2026-09-25,word,bed wars,372,0,16,136105,265829
2026-09-25,word,bedwars,616,0,20,153777,299013
2026-09-25,word,best,1621,0,16,11842,16763
2026-09-25,word,best music,131,0,2,6090,8804
2026-09-25,word,best slide,106,0,6,3314,5341
2026-09-25,word,better,81,0,3,199,318
2026-09-25,word,big,724,0,8,9968,12645
2026-09-25,word,bike,264,0,5,2835,3446
2026-09-25,word,bios,59,0,4,14457,18472
2026-09-25,word,blade,101,0,2,900,1782
2026-09-25,word,blind,73,0,10,0,0
2026-09-25,word,blind test,41,0,10,0,0
2026-09-25,word,blitz,350,0,2,22,24
2026-09-25,word,block,660,0,25,29136,47936
2026-09-25,word,block pillars,30,0,3,467,653
2026-09-25,word,blocks,334,0,4,1726,2491
2026-09-25,word,blue,16261,6,9,349039,516715
2026-09-25,word,board,47,0,3,1132,1330
2026-09-25,word,board game,26,0,3,1132,1330
2026-09-25,word,bomb,117,0,3,1969,2299
2026-09-25,word,boom,111,0,3,50,76
2026-09-25,word,boss,636,3,40,23162,29146
2026-09-25,word,boss battle,74,0,3,736,811
2026-09-25,word,boss fight,198,0,22,4757,5883
2026-09-25,word,boss survival,26,0,11,13666,17170
2026-09-25,word,bossfight,339,0,33,17210,22406
2026-09-25,word,bot,605,0,5,9386,13143
2026-09-25,word,bots,1231,0,15,14414,20932
2026-09-25,word,bots royale,126,0,3,0,0
2026-09-25,word,box,14012,0,27,903665,1385578
2026-09-25,word,box fight,3698,0,3,593,788
2026-09-25,word,box fights,2168,0,11,161193,330641
2026-09-25,word,box pvp,6748,0,10,746859,1057267
2026-09-25,word,boxfight,6243,0,4,593,788
2026-09-25,word,boxfights,4541,0,12,161193,330641
2026-09-25,word,boxpvp,7032,0,10,746859,1057267
2026-09-25,word,brainrot,3150,0,57,379952,1362791
2026-09-25,word,brainrot city,30,0,2,66,80
2026-09-25,word,brainrots,733,0,49,257726,1556328
2026-09-25,word,brainrots tycoon,77,0,3,3833,6408
2026-09-25,word,break,153,0,4,1867,2655
2026-09-25,word,breakout,69,0,4,1744,3467
2026-09-25,word,brick,538,0,3,1432,1720
2026-09-25,word,bridge,330,0,7,16506,18846
2026-09-25,word,build,16823,2,83,777777,1666055
2026-09-25,word,build fight,5633,1,16,318462,723842
2026-09-25,word,build fights,5719,0,31,390960,815557
2026-09-25,word,build training,62,0,2,391,739
2026-09-25,word,build zone,139,0,2,3703,5156
2026-09-25,word,buildfight,7178,1,16,318462,723842
2026-09-25,word,buildfights,6435,0,31,390960,815557
2026-09-25,word,building,293,0,3,87545,139259
2026-09-25,word,bull,45,0,2,56,67
2026-09-25,word,bunker,106,0,3,5100,6342
2026-09-25,word,but,104,0,2,0,0
2026-09-25,word,capture,870,0,2,1280,1637
2026-09-25,word,car,2369,0,33,21914,25939
2026-09-25,word,car drive,153,0,11,11261,12960
2026-09-25,word,car game,626,0,12,234,268
2026-09-25,word,car race,59,0,2,0,0
2026-09-25,word,card,47,0,7,9029,16821
2026-09-25,word,cars,2296,0,29,63761,82545
2026-09-25,word,cars games,131,0,3,0,0
2026-09-25,word,cars mega,94,0,3,0,0
2026-09-25,word,cars ramp,26,0,2,1917,2520
2026-09-25,word,cartoon,82,0,2,0,0
2026-09-25,word,cash,149,0,3,158019,218360
2026-09-25,word,castle,769,0,2,0,0
2026-09-25,word,cat,166,0,4,713,761
2026-09-25,word,center,68,0,2,436,586
2026-09-25,word,ch1,45,0,2,0,0
2026-09-25,word,chained,45,0,2,0,0
2026-09-25,word,chained together,37,0,2,0,0
2026-09-25,word,challenge,452,0,6,5952,7349
2026-09-25,word,chameleon,46,0,2,40244,45897
2026-09-25,word,champions,241,0,2,358,399
2026-09-25,word,chaos,1219,0,7,29198,36006
2026-09-25,word,chapter,2537,0,27,83557,119284
2026-09-25,word,chapter late,37,0,3,26047,34247
2026-09-25,word,chat,276,0,5,44474,152310
2026-09-25,word,checkpoints,53,0,3,0,0
2026-09-25,word,chicken,141,0,3,865,1077
2026-09-25,word,chill,1567,0,24,11892,17621
2026-09-25,word,chill slide,55,0,3,615,899
2026-09-25,word,christmas,1460,0,4,125,194
2026-09-25,word,circle,166,0,2,4026,6150
2026-09-25,word,circuit,169,0,3,940,1073
2026-09-25,word,circus,57,0,3,846,972
2026-09-25,word,city,6215,2,73,130708,185781
2026-09-25,word,city boss,27,0,6,2207,2735
2026-09-25,word,city car,119,0,7,799,1034
2026-09-25,word,city drive,319,0,4,1792,2053
2026-09-25,word,city new,76,0,2,1794,2561
2026-09-25,word,city rp,215,0,3,10073,15305
2026-09-25,word,city weapons,34,0,2,0,0
2026-09-25,word,cizzorz,68,0,4,41483,57113
2026-09-25,word,cizzorz deathrun,46,0,3,41483,57113
2026-09-25,word,clash,581,0,2,0,0
2026-09-25,word,clean,727,0,3,2401,2768
2026-09-25,word,clicker,58,0,2,0,0
2026-09-25,word,climb,228,0,3,1142,1391
2026-09-25,word,clown,38,0,3,1395,1629
2026-09-25,word,club,268,0,5,5598,11453
2026-09-25,word,clutch,211,0,4,49111,63661
2026-09-25,word,co,329,0,14,20054,25125
2026-09-25,word,co op,319,0,14,20054,25125
2026-09-25,word,coin,282,0,2,15,18
2026-09-25,word,cold,84,0,2,5704,54274
2026-09-25,word,color,709,0,11,4632,5536
2026-09-25,word,color switch,317,0,4,0,0
2026-09-25,word,colour,41,0,2,0,0
2026-09-25,word,combat,502,0,5,5809,7712
2026-09-25,word,concert,142,0,22,8122,9296
2026-09-25,word,control,940,0,6,1037217,2363522
2026-09-25,word,coop,374,0,14,20054,25125
2026-09-25,word,core,96,0,2,0,0
2026-09-25,word,course,521,0,2,3139,4140
2026-09-25,word,cover,110,0,2,79,96
2026-09-25,word,cowboy,35,0,3,299,342
2026-09-25,word,craft,56,0,2,1884,3691
2026-09-25,word,crank,39,0,2,0,0
2026-09-25,word,crash,216,0,2,2990,3579
2026-09-25,word,crazy,4230,0,16,2979,3428
2026-09-25,word,crazy mega,55,0,2,0,0
2026-09-25,word,crime,212,0,2,1383,1671
2026-09-25,word,criminal,29,0,2,1579,2005
2026-09-25,word,cross,78,0,2,301,365
2026-09-25,word,crosshair,217,0,3,0,0
2026-09-25,word,cube,338,0,5,1489,1650
2026-09-25,word,cup,862,0,12,178648,266666
2026-09-25,word,cup zone,122,0,3,159617,238665
2026-09-25,word,custom,622,0,3,0,0
2026-09-25,word,dance,102,0,2,0,0
2026-09-25,word,dark,408,0,8,1034,1547
2026-09-25,word,days,259,0,5,1280,1848
2026-09-25,word,dead,292,0,4,0,0
2026-09-25,word,death,548,0,4,0,0
2026-09-25,word,death star,33,0,3,0,0
2026-09-25,word,deathrun,4955,1,46,187823,236543
2026-09-25,word,deathrun level,98,0,2,622,780
2026-09-25,word,deathrun parkour,325,0,7,4616,5619
2026-09-25,word,deathrun remake,25,0,4,45517,61768
2026-09-25,word,deathrun باركور,36,0,7,112628,138222
2026-09-25,word,default,1087,0,7,4002,4639
2026-09-25,word,default deathrun,323,0,2,1547,1848
2026-09-25,word,default parkour,528,0,2,666,742
2026-09-25,word,defend,54,0,2,4678,5271
2026-09-25,word,defense,164,0,9,11402,15726
2026-09-25,word,demon,348,0,12,5203,6611
2026-09-25,word,demon hunters,141,0,5,1729,2067
2026-09-25,word,desert,1241,0,20,13111,16554
2026-09-25,word,desert drive,50,0,4,72,94
2026-09-25,word,desert zone,172,0,4,0,0
2026-09-25,word,diamond,298,0,4,747,924
2026-09-25,word,die,245,1,9,57398,77899
2026-09-25,word,dig,42,0,3,4827,5793
2026-09-25,word,digital,34,0,2,846,972
2026-09-25,word,dino,128,0,7,8542,14061
2026-09-25,word,dirt,168,0,5,2835,3446
2026-09-25,word,dirt bike,118,0,5,2835,3446
2026-09-25,word,dirtbike,144,0,5,2835,3446
2026-09-25,word,don,293,0,6,9944,11859
2026-09-25,word,don fall,95,0,2,948,1086
2026-09-25,word,doors,73,0,4,0,0
2026-09-25,word,dragon,288,0,6,1846,2364
2026-09-25,word,dragons,41,0,2,0,0
2026-09-25,word,dream,147,0,2,121,220
2026-09-25,word,drift,367,0,5,4432,6342
2026-09-25,word,drive,3834,1,84,70649,90407
2026-09-25,word,drive city,635,0,12,12333,17223
2026-09-25,word,driver,1243,0,2,457,661
2026-09-25,word,driving,2319,0,6,14527,16616
2026-09-25,word,driving ffa,141,0,2,11269,12683
2026-09-25,word,drop,269,0,3,1908,2306
2026-09-25,word,dungeon,135,0,2,397,575
2026-09-25,word,duo,1435,1,41,346310,536205
2026-09-25,word,duo escape,223,0,21,4959,5201
2026-09-25,word,duo zone,135,1,3,7214,11065
2026-09-25,word,duos,479,0,7,20107,26200
2026-09-25,word,dziedzic,51,0,2,0,0
2026-09-25,word,easy,2460,0,11,4321,6150
2026-09-25,word,easy deathrun,401,0,3,4173,5957
2026-09-25,word,edit,3147,0,35,223405,325189
2026-09-25,word,edit aim,152,0,3,24672,39746
2026-09-25,word,edit course,278,0,2,3139,4140
2026-09-25,word,edit piece,316,0,16,161153,230688
2026-09-25,word,edit wars,458,0,6,19778,26947
2026-09-25,word,edition,739,0,10,44,51
2026-09-25,word,egg,172,0,8,25268,36830
2026-09-25,word,egg hunt,83,0,3,62,77
2026-09-25,word,eggs,45,0,6,73386,125330
2026-09-25,word,elevator,30,0,5,3788,4582
2026-09-25,word,elite,263,0,6,18690,36711
2026-09-25,word,empire,166,0,5,2677,3178
2026-09-25,word,empire tycoon,39,0,3,2677,3178
2026-09-25,word,empty,38,0,2,0,0
2026-09-25,word,end,377,0,3,280,473
2026-09-25,word,endgame,863,0,22,227102,332804
2026-09-25,word,endless,384,0,2,0,0
2026-09-25,word,epic,595,0,2,0,0
2026-09-25,word,escape,5219,0,240,201175,272321
2026-09-25,word,escape from,268,0,12,8224,11009
2026-09-25,word,escape horror,68,0,3,1514,1671
2026-09-25,word,escape prison,40,0,2,2742,3247
2026-09-25,word,escape roguelike,87,0,48,79294,107356
2026-09-25,word,escape room,1974,0,97,15194,16272
2026-09-25,word,escape tsunami,84,0,3,6646,12439
2026-09-25,word,event,448,0,40,12338,14879
2026-09-25,word,events,169,0,5,5118,6398
2026-09-25,word,everest,28,0,2,0,0
2026-09-25,word,every,991,0,6,335637,491551
2026-09-25,word,every gun,682,0,5,335637,491551
2026-09-25,word,evil,125,0,4,87,106
2026-09-25,word,evolution,72,0,4,18662,22738
2026-09-25,word,extreme,654,0,4,436,506
2026-09-25,word,factory,225,0,3,0,0
2026-09-25,word,factory tycoon,37,0,2,0,0
2026-09-25,word,fall,1405,0,16,7623,9462
2026-09-25,word,fall guys,962,0,12,4438,5379
2026-09-25,word,fallguys,1027,0,12,4438,5379
2026-09-25,word,family,83,0,3,792,994
2026-09-25,word,fan,25,0,2,390,519
2026-09-25,word,fantasy,85,0,2,2555,8592
2026-09-25,word,farm,586,0,10,8220,10786
2026-09-25,word,farming,46,0,2,191,236
2026-09-25,word,fashion,851,1,13,5035,7233
2026-09-25,word,fashion show,719,0,13,5035,7233
2026-09-25,word,fast,667,0,4,0,0
2026-09-25,word,festival,98,0,5,2077,2966
2026-09-25,word,ffa,13839,3,28,72267,103184
2026-09-25,word,ffa all,655,0,6,2467,3896
2026-09-25,word,fight,12008,2,46,334467,743951
2026-09-25,word,fight pump,119,0,2,10302,21302
2026-09-25,word,fight zone,147,0,3,593,788
2026-09-25,word,fighter,65,0,2,736,811
2026-09-25,word,fighting,255,1,3,1985,2355
2026-09-25,word,fights,8791,0,46,578793,1188286
2026-09-25,word,fights 1v1,284,0,2,0,0
2026-09-25,word,fights ffa,300,0,3,25497,39254
2026-09-25,word,fights pumps,517,0,10,68438,120046
2026-09-25,word,fights zone,47,0,2,1114,1325
2026-09-25,word,final,412,0,3,1753,2137
2026-09-25,word,finale,47,0,2,2502,3153
2026-09-25,word,find,356,0,5,0,0
2026-09-25,word,finest,35,0,8,315030,498100
2026-09-25,word,fire,321,0,3,170,213
2026-09-25,word,first,2620,0,2,570,666
2026-09-25,word,fish,209,0,4,10359,22173
2026-09-25,word,fishing,129,0,2,0,0
2026-09-25,word,flash,69,0,2,0,0
2026-09-25,word,floor,464,0,3,4554,5821
2026-09-25,word,floor lava,328,0,3,4554,5821
2026-09-25,word,flow,32,0,2,469,685
2026-09-25,word,fn,194,0,4,3561,5210
2026-09-25,word,fnaf,323,0,20,17743,22979
2026-09-25,word,food,194,0,3,34,44
2026-09-25,word,football,539,0,19,17285,27251
2026-09-25,word,football soccer,38,0,2,1905,2492
2026-09-25,word,forest,509,0,11,12164,15674
2026-09-25,word,forever,310,0,2,2605,3656
2026-09-25,word,formula,44,0,15,642,763
2026-09-25,word,formula racing,29,0,15,642,763
2026-09-25,word,fort,357,0,3,5243,10486
2026-09-25,word,fortnite,1177,1,16,73679,98674
2026-09-25,word,fortography,99,0,2,0,0
2026-09-25,word,fr,85,0,4,347,661
2026-09-25,word,free,7058,0,14,356747,515482
2026-09-25,word,free all,4836,0,6,259305,361793
2026-09-25,word,free build,976,0,4,9828,14350
2026-09-25,word,free building,117,0,2,87545,139259
2026-09-25,word,freebuild,3305,1,13,50951,74933
2026-09-25,word,freebuilding,143,0,3,87545,139259
2026-09-25,word,freestyle,38,0,3,4700,5550
2026-09-25,word,frenzy,211,0,2,14335,92119
2026-09-25,word,friday,32,0,2,1907,2573
2026-09-25,word,friends,132,0,2,0,0
2026-09-25,word,from,387,0,14,8642,11464
2026-09-25,word,from prison,29,0,2,6849,9519
2026-09-25,word,fruits,32,0,2,6419,19628
2026-09-25,word,fun,1385,1,14,14975,18688
2026-09-25,word,funny,382,0,2,0,0
2026-09-25,word,furry,27,0,2,86,179
2026-09-25,word,fury,96,0,2,729,998
2026-09-25,word,gacha,45,0,2,24766,31493
2026-09-25,word,galactic,245,0,3,0,0
2026-09-25,word,galaxy,644,0,3,146,183
2026-09-25,word,game,12542,1,52,140957,227582
2026-09-25,word,game new,104,0,2,0,0
2026-09-25,word,game one,2187,0,4,42,68
2026-09-25,word,game parkour,35,0,2,0,0
2026-09-25,word,games,954,0,7,35,36
2026-09-25,word,garden,146,0,5,3186,5681
2026-09-25,word,get,185,0,4,10502,12047
2026-09-25,word,ghost,251,0,5,4659,8359
2026-09-25,word,giant,185,0,5,458,482
2026-09-25,word,glass,239,0,6,15982,18213
2026-09-25,word,glass bridge,122,0,6,15982,18213
2026-09-25,word,go,876,0,10,632332,2145555
2026-09-25,word,go goated,352,0,4,421933,680383
2026-09-25,word,goated,642,0,7,421933,680383
2026-09-25,word,god,147,0,2,0,0
2026-09-25,word,godzilla,211,0,2,0,0
2026-09-25,word,golf,58,0,7,5039,5981
2026-09-25,word,grand,2497,0,7,9338,15385
2026-09-25,word,grand drive,346,0,4,1146,1483
2026-09-25,word,granny,32,0,5,2631,2945
2026-09-25,word,green,1005,0,3,0,0
2026-09-25,word,grow,58,0,4,306581,510489
2026-09-25,word,guess,1025,0,39,14138,15782
2026-09-25,word,guess logo,346,0,5,15,20
2026-09-25,word,guess song,74,0,24,909,975
2026-09-25,word,gun,10480,1,18,366472,531192
2026-09-25,word,gun game,9119,1,13,29886,38492
2026-09-25,word,gungame,10036,1,13,29886,38492
2026-09-25,word,guns,2293,1,20,54128,81182
2026-09-25,word,guns cars,95,0,2,8616,11340
2026-09-25,word,guns ffa,122,0,4,8024,12566
2026-09-25,word,guns rides,154,0,4,2467,3896
2026-09-25,word,guns vehicles,189,0,2,27087,41409
2026-09-25,word,guys,1090,0,13,8792,10884
2026-09-25,word,hacker,27,0,2,1271,1665
2026-09-25,word,halloween,1012,0,4,0,0
2026-09-25,word,hard,1181,3,34,172022,214508
2026-09-25,word,hard deathrun,183,0,8,6307,7801
2026-09-25,word,hard parkour,319,1,14,152044,190410
2026-09-25,word,haunted,339,0,3,0,0
2026-09-25,word,havoc,144,0,3,5453,7747
2026-09-25,word,heist,290,0,17,37049,53726
2026-09-25,word,hello,49,0,3,222,263
2026-09-25,word,hero,614,0,5,1546,2144
2026-09-25,word,heroes,491,0,8,4901,7044
2026-09-25,word,hide,906,0,13,97983,124926
2026-09-25,word,hide seek,814,0,12,52225,61883
2026-09-25,word,high,276,0,7,822,907
2026-09-25,word,high iq,31,0,5,822,907
2026-09-25,word,hill,262,0,2,1146,1279
2026-09-25,word,hills,49,0,2,0,0
2026-09-25,word,hood,203,0,7,19013,46729
2026-09-25,word,horde,109,0,4,405,493
2026-09-25,word,horizon,87,0,2,17,15
2026-09-25,word,horror,2430,1,135,291067,375134
2026-09-25,word,hospital,100,0,9,15245,17811
2026-09-25,word,hotel,245,0,7,5453,7747
2026-09-25,word,house,654,0,9,52960,85692
2026-09-25,word,huggy,65,0,5,202,227
2026-09-25,word,hunt,3157,1,25,66014,78829
2026-09-25,word,hunter,202,0,5,113,139
2026-09-25,word,hunters,353,0,7,2452,3053
2026-09-25,word,hyper,185,0,3,6812,10884
2026-09-25,word,impossible,741,0,5,422,457
2026-09-25,word,impostor,26,0,3,7572,10440
2026-09-25,word,infinite,1428,0,16,21098,30994
2026-09-25,word,infinite box,124,0,2,9798,15781
2026-09-25,word,infinite slide,47,0,3,1729,2421
2026-09-25,word,infinity,429,0,6,13637,19556
2026-09-25,word,insane,998,2,3,709,895
2026-09-25,word,into,66,0,3,5343,6380
2026-09-25,word,io,104,0,4,6971,9864
2026-09-25,word,iq,362,0,15,929,1015
2026-09-25,word,iq escape,191,0,11,929,1015
2026-09-25,word,ishowspeed,71,0,2,0,0
2026-09-25,word,island,3312,0,15,698,892
2026-09-25,word,island tycoon,91,0,4,77,81
2026-09-25,word,israel,36,0,2,0,0
2026-09-25,word,jackson,42,0,8,3931,4526
2026-09-25,word,jam,164,0,12,195,277
2026-09-25,word,japanese,99,0,3,827,1092
2026-09-25,word,jujutsu,74,0,2,1140,1365
2026-09-25,word,jump,487,0,19,83464,138541
2026-09-25,word,jurassic,101,0,4,2337,3145
2026-09-25,word,just,341,0,2,546,584
2026-09-25,word,keyboard,196,1,10,37905,48071
2026-09-25,word,keyboard escape,31,0,4,37859,48016
2026-09-25,word,kick,54,0,4,17387,31245
2026-09-25,word,king,764,0,3,851,1870
2026-09-25,word,kingdom,143,0,3,171,214
2026-09-25,word,klombo,52,0,2,1215,1969
2026-09-25,word,knight,69,0,2,701,1105
2026-09-25,word,kpop,597,0,10,9442,12508
2026-09-25,word,kpop demon,135,0,4,4959,6311
2026-09-25,word,lab,161,0,7,30,37
2026-09-25,word,lake,131,0,4,2076,2600
2026-09-25,word,land,259,1,3,241,284
2026-09-25,word,laser,145,0,2,2039,2637
2026-09-25,word,last,671,0,9,417880,782019
2026-09-25,word,last storm,157,0,8,417880,782019
2026-09-25,word,late,734,0,6,58432,87368
2026-09-25,word,late game,676,0,6,58432,87368
2026-09-25,word,lategame,843,0,6,58432,87368
2026-09-25,word,lava,1096,0,7,7229,10332
2026-09-25,word,league,294,0,7,1955,2576
2026-09-25,word,legend,107,0,4,1964,2814
2026-09-25,word,legends,256,0,3,0,0
2026-09-25,word,level,2027,1,26,12143,14573
2026-09-25,word,level easy,162,0,2,94,140
2026-09-25,word,level escape,113,0,2,50,55
2026-09-25,word,level hard,93,1,4,1753,1980
2026-09-25,word,level obby,143,0,2,5531,6771
2026-09-25,word,level parkour,142,0,4,2760,3361
2026-09-25,word,leveling,40,0,3,2804,4376
2026-09-25,word,levels,2236,1,27,112377,147064
2026-09-25,word,levels باركور,39,0,6,37173,49586
2026-09-25,word,life,313,0,17,5210,9719
2026-09-25,word,like,76,0,2,0,0
2026-09-25,word,live,223,0,20,7419,8548
2026-09-25,word,live event,125,0,15,3308,4142
2026-09-25,word,loadout,143,0,2,16025,23352
2026-09-25,word,locker,43,0,2,199,318
2026-09-25,word,logo,506,0,5,15,20
2026-09-25,word,loot,432,0,3,1890,2403
2026-09-25,word,los,120,0,4,12036,13939
2026-09-25,word,lost,241,0,5,1781,2400
2026-09-25,word,lucky,516,0,24,40589,73022
2026-09-25,word,lucky block,189,0,15,21190,38135
2026-09-25,word,lucky blocks,50,0,3,1647,2395
2026-09-25,word,lucky pillars,32,0,2,0,0
2026-09-25,word,lvl,224,0,2,4518,5530
2026-09-25,word,mafia,51,0,3,2976,4477
2026-09-25,word,mall,298,0,3,62154,73996
2026-09-25,word,mansion,394,0,4,533,696
2026-09-25,word,mansion tycoon,78,0,2,494,656
2026-09-25,word,map,6819,0,13,15680,22988
2026-09-25,word,map edit,288,0,2,10600,15266
2026-09-25,word,map pumps,121,0,3,0,0
2026-09-25,word,martoz,58,0,4,87784,131819
2026-09-25,word,master,139,0,2,0,0
2026-09-25,word,masters,48,0,3,980,2097
2026-09-25,word,mayhem,426,0,2,1211,1401
2026-09-25,word,maze,744,0,2,0,0
2026-09-25,word,mc,194,0,7,2626,2956
2026-09-25,word,mc jackson,30,0,6,2626,2956
2026-09-25,word,mechanics,184,0,9,138839,235191
2026-09-25,word,mechanics training,76,0,3,114499,195978
2026-09-25,word,mega,3832,0,28,214178,342463
2026-09-25,word,mega city,153,0,3,115,139
2026-09-25,word,mega parkour,51,0,2,0,0
2026-09-25,word,mega ramp,849,0,9,347,407
2026-09-25,word,meme,1238,0,11,15268,17559
2026-09-25,word,meme pillars,64,0,2,1773,2423
2026-09-25,word,memes,174,0,2,1773,2423
2026-09-25,word,merge,38,0,7,2259,3160
2026-09-25,word,meta,66,0,3,1480,1924
2026-09-25,word,mexico,56,0,2,0,0
2026-09-25,word,mic,98,0,2,35855,135562
2026-09-25,word,midnight,150,0,3,989,1197
2026-09-25,word,military,168,0,8,7644,9956
2026-09-25,word,mine,87,0,2,30,40
2026-09-25,word,minecraft,315,0,7,4957,6093
2026-09-25,word,miner,44,0,3,3147,7941
2026-09-25,word,mini,1259,0,7,1246,1437
2026-09-25,word,mini games,106,0,3,35,36
2026-09-25,word,minigame,460,0,6,103179,125583
2026-09-25,word,minigames,512,0,12,119509,146886
2026-09-25,word,mining,46,0,2,810,910
2026-09-25,word,mission,104,0,3,80,117
2026-09-25,word,mix,82,0,2,0,0
2026-09-25,word,money,66,0,2,10377,11914
2026-09-25,word,monkey,104,0,2,1099,1484
2026-09-25,word,monster,213,0,5,191,236
2026-09-25,word,monsters,47,0,2,542,697
2026-09-25,word,moon,208,0,3,199,215
2026-09-25,word,motel,27,0,3,80,95
2026-09-25,word,moto,106,0,7,4700,5550
2026-09-25,word,motocross,70,0,4,358,399
2026-09-25,word,mountain,384,0,5,105,130
2026-09-25,word,murder,174,0,7,108598,306348
2026-09-25,word,murder mystery,87,0,2,103422,287872
2026-09-25,word,muscle,29,0,3,651,912
2026-09-25,word,music,1482,0,26,9695,12992
2026-09-25,word,music 1v1,364,0,4,193,251
2026-09-25,word,mx,39,0,2,856,1353
2026-09-25,word,mystery,238,0,3,103422,287872
2026-09-25,word,mythic,597,0,3,1518,1804
2026-09-25,word,naruto,77,0,2,0,0
2026-09-25,word,natural,42,0,2,0,0
2026-09-25,word,neo,230,0,2,509,689
2026-09-25,word,neon,442,0,3,1371,1935
2026-09-25,word,new,4087,0,26,10305,13541
2026-09-25,word,new city,156,0,2,0,0
2026-09-25,word,new combat,47,0,2,132,166
2026-09-25,word,new weapons,569,0,2,417,556
2026-09-25,word,night,668,0,9,7403,9471
2026-09-25,word,night shift,28,0,3,7380,9448
2026-09-25,word,nightmare,168,0,5,1786,2193
2026-09-25,word,nights,145,0,7,22361,27176
2026-09-25,word,ninja,271,0,2,1255,1632
2026-09-25,word,nite,102,0,2,502,646
2026-09-25,word,not,149,0,2,0,0
2026-09-25,word,nuke,121,0,2,156,186
2026-09-25,word,obby,1512,1,17,13464,15752
2026-09-25,word,obby parkour,535,1,9,11604,13713
2026-09-25,word,off,201,0,2,3682,4378
2026-09-25,word,og,4483,0,12,2917,3476
2026-09-25,word,old,253,0,2,0,0
2026-09-25,word,omega,90,0,4,1144,1292
2026-09-25,word,one,7983,0,18,31600,41048
2026-09-25,word,one block,30,0,2,311,355
2026-09-25,word,one shot,7026,0,10,28598,37008
2026-09-25,word,oneshot,7693,0,10,28598,37008
2026-09-25,word,online,29,0,2,0,0
2026-09-25,word,only,3586,0,22,106731,138945
2026-09-25,word,only up,1081,0,21,106731,138945
2026-09-25,word,onlyup,1529,0,24,106731,138945
2026-09-25,word,op,437,0,15,21981,27224
2026-09-25,word,open,479,0,7,5034,7067
2026-09-25,word,open world,321,0,3,4253,6129
2026-09-25,word,operation,130,0,2,863,1036
2026-09-25,word,or,568,1,11,56583,75757
2026-09-25,word,or die,177,0,8,49247,67416
2026-09-25,word,order,56,0,3,296,346
2026-09-25,word,pack,27,0,3,2508,4103
2026-09-25,word,pandvil,58,0,4,138629,300487
2026-09-25,word,panic,56,0,4,70,97
2026-09-25,word,paradise,510,0,4,25410,33084
2026-09-25,word,park,568,0,5,4474,5284
2026-09-25,word,parkour,7238,2,89,290576,364899
2026-09-25,word,parkour deathrun,295,0,13,111871,137440
2026-09-25,word,parkour hard,77,0,6,8313,10008
2026-09-25,word,parkour levels,784,0,15,97621,129795
2026-09-25,word,parkour obby,68,0,2,0,0
2026-09-25,word,parkour باركور,41,0,2,0,0
2026-09-25,word,part,189,0,3,281,323
2026-09-25,word,party,2360,1,108,97690,273948
2026-09-25,word,party royal,419,0,22,3906,10979
2026-09-25,word,party royale,989,1,52,71339,210942
2026-09-25,word,per,39,0,2,0,0
2026-09-25,word,perfect,96,0,2,144,251
2026-09-25,word,pet,115,1,7,22575,27705
2026-09-25,word,pets,52,0,2,819,1840
2026-09-25,word,phonk,47,0,2,14143,17424
2026-09-25,word,photo,43,0,2,0,0
2026-09-25,word,piece,1358,0,31,1224862,2636617
2026-09-25,word,piece 1v1,68,0,5,125252,177449
2026-09-25,word,piece control,759,0,6,1037217,2363522
2026-09-25,word,piece practice,41,0,3,23506,38024
2026-09-25,word,pilars,124,0,8,11141,15862
2026-09-25,word,pilars pilers,35,0,3,1215,1378
2026-09-25,word,pilers,78,0,8,12841,18271
2026-09-25,word,pilers pilars,27,0,3,2784,3711
2026-09-25,word,pillars,3196,0,73,1109890,1669324
2026-09-25,word,pillars new,36,0,2,0,0
2026-09-25,word,pillars pilers,27,0,3,2784,3711
2026-09-25,word,pillars pillers,38,0,4,2915,3787
2026-09-25,word,pillers,134,0,9,12841,18271
2026-09-25,word,pillers pilars,48,0,2,1215,1378
2026-09-25,word,pit,3711,0,5,259362,363684
2026-09-25,word,pizza,161,0,2,0,0
2026-09-25,word,place,91,0,2,3743,8690
2026-09-25,word,plane,87,0,3,270,385
2026-09-25,word,play,216,0,3,1504,2154
2026-09-25,word,player,1326,0,2,4377,5328
2026-09-25,word,players,1774,0,10,28684,47777
2026-09-25,word,playground,299,0,6,3753,4725
2026-09-25,word,playtime,46,0,8,2128,2339
2026-09-25,word,police,72,0,2,0,0
2026-09-25,word,poppy,68,0,10,4974,5823
2026-09-25,word,power,420,0,4,1483,1798
2026-09-25,word,practice,2276,0,24,250428,382993
2026-09-25,word,practice aim,56,0,5,21896,33374
2026-09-25,word,prime,202,0,2,0,0
2026-09-25,word,prison,800,0,20,29560,42946
2026-09-25,word,prison escape,100,0,4,14500,21193
2026-09-25,word,pro,2104,0,21,129886,217836
2026-09-25,word,pro zone,103,0,2,69679,104729
2026-09-25,word,project,155,0,2,0,0
2026-09-25,word,prop,2662,1,7,62154,73996
2026-09-25,word,prop hunt,2593,1,7,62154,73996
2026-09-25,word,prophunt,2770,1,7,62154,73996
2026-09-25,word,protocol,42,0,2,89,119
2026-09-25,word,proximity,212,0,3,44451,152272
2026-09-25,word,proximity chat,184,0,3,44451,152272
2026-09-25,word,pt,28,0,2,460,613
2026-09-25,word,pump,1638,0,4,11493,24145
2026-09-25,word,pumps,1099,0,14,68438,120046
2026-09-25,word,pursuit,35,0,2,5092,6876
2026-09-25,word,pve,133,0,2,466,653
2026-09-25,word,pvp,11248,1,24,797050,1125308
2026-09-25,word,pvp box,207,0,2,20283,26693
2026-09-25,word,queen,42,0,2,897,1051
2026-09-25,word,quest,110,0,2,56,69
2026-09-25,word,race,1452,0,13,2731,5685
2026-09-25,word,racing,596,0,17,1419,1616
2026-09-25,word,raft,63,0,3,4290,5779
2026-09-25,word,raft tycoon,25,0,2,4290,5779
2026-09-25,word,rage,138,0,2,19,28
2026-09-25,word,raiders,34,0,2,0,0
2026-09-25,word,rails,27,0,2,233,283
2026-09-25,word,rainbow,312,0,5,12791,16494
2026-09-25,word,ramp,1753,0,25,35390,43312
2026-09-25,word,ramp jump,53,0,5,4807,6412
2026-09-25,word,ramp survival,46,0,2,0,0
2026-09-25,word,rampage,71,0,2,0,0
2026-09-25,word,ranked,2935,0,10,152912,219476
2026-09-25,word,rap,60,0,6,115,149
2026-09-25,word,rapid,427,0,7,35679,60018
2026-09-25,word,rasf,140,0,3,12794,18053
2026-09-25,word,real,328,1,12,14544,21189
2026-09-25,word,realistic,1577,0,14,362511,566794
2026-09-25,word,realistic pvp,180,0,3,11486,14249
2026-09-25,word,realistic reload,55,0,2,21798,35889
2026-09-25,word,realistics,1031,0,17,399254,631863
2026-09-25,word,realistics 1v1,133,0,4,40423,78890
2026-09-25,word,red,16543,6,11,356973,528686
2026-09-25,word,red blue,15194,6,8,349039,516715
2026-09-25,word,reimagined,41,0,2,6229,7605
2026-09-25,word,relax,125,0,3,482,688
2026-09-25,word,reload,3690,0,35,485227,706192
2026-09-25,word,reload 1v1,280,0,3,502,724
2026-09-25,word,reload ffa,240,0,3,7934,11971
2026-09-25,word,remake,122,0,4,45517,61768
2026-09-25,word,remix,229,0,4,2443,3076
2026-09-25,word,respawn,258,0,2,0,0
2026-09-25,word,rewind,28,0,3,4768,6106
2026-09-25,word,rex,48,0,4,415,553
2026-09-25,word,rezon,78,0,2,277675,631672
2026-09-25,word,ride,93,0,3,1179,1461
2026-09-25,word,riders,50,0,4,653,786
2026-09-25,word,rides,178,0,6,4414,7262
2026-09-25,word,rng,91,0,3,57,62
2026-09-25,word,road,737,0,8,16918,21844
2026-09-25,word,robot,64,0,2,0,0
2026-09-25,word,rocket,553,0,8,2150,3156
2026-09-25,word,rocket league,76,0,2,0,0
2026-09-25,word,rockets,365,0,5,22183,29560
2026-09-25,word,rockets cars,212,0,3,22129,29492
2026-09-25,word,rogue,58,0,6,264,323
2026-09-25,word,roguelike,521,0,161,157649,219807
2026-09-25,word,roleplay,265,0,5,6022,7952
2026-09-25,word,roll,34,0,2,9836,11285
2026-09-25,word,room,2362,0,99,19986,29311
2026-09-25,word,room levels,45,0,4,817,932
2026-09-25,word,rooms,204,0,2,0,0
2026-09-25,word,rot,103,0,2,12814,25028
2026-09-25,word,royal,1015,0,22,3906,10979
2026-09-25,word,royale,4258,2,69,127834,289111
2026-09-25,word,rp,1815,0,42,35435,58034
2026-09-25,word,rp og,31,0,2,0,0
2026-09-25,word,rpg,158,0,3,77,191
2026-09-25,word,run,1351,0,11,85530,116473
2026-09-25,word,run obby,27,0,2,0,0
2026-09-25,word,runners,275,1,2,725,839
2026-09-25,word,rush,741,0,7,56,67
2026-09-25,word,rvb,1003,2,2,36548,47002
2026-09-25,word,rvb red,306,1,2,36548,47002
2026-09-25,word,s2,164,0,3,1393,4054
2026-09-25,word,samurai,140,0,2,3911,6287
2026-09-25,word,save,133,0,4,900,1078
2026-09-25,word,says,132,0,2,0,0
2026-09-25,word,scary,141,0,7,12155,15877
2026-09-25,word,school,281,0,10,6269,8919
2026-09-25,word,scott,73,0,6,3023,3191
2026-09-25,word,scp,56,0,6,854,1000
2026-09-25,word,scream,31,0,3,93140,126276
2026-09-25,word,scrims,1052,0,17,120484,180937
2026-09-25,word,scrims ranked,31,0,2,27109,39208
2026-09-25,word,scrims سكرمز,87,0,3,4259,6539
2026-09-25,word,season,1516,0,2,4322,5834
2026-09-25,word,secret,434,0,4,1471,1903
2026-09-25,word,secret 1v1,47,0,2,1471,1903
2026-09-25,word,seek,847,0,13,52436,62144
2026-09-25,word,seven,133,0,4,3363,11598
2026-09-25,word,shadow,333,0,5,4079,8479
2026-09-25,word,shadow rp,38,0,2,985,2008
2026-09-25,word,shift,81,0,5,55413,69737
2026-09-25,word,shinobi,28,0,2,2572,3649
2026-09-25,word,shoot,223,0,2,2039,2637
2026-09-25,word,shop,80,0,2,0,0
2026-09-25,word,shot,7403,0,13,29307,37903
2026-09-25,word,shot parkour,73,0,3,709,895
2026-09-25,word,show,839,0,14,6435,9069
2026-09-25,word,show players,25,0,2,1903,2679
2026-09-25,word,showdown,664,1,2,353,460
2026-09-25,word,sidekick,71,0,7,2606,4622
2026-09-25,word,sidekicks,40,0,2,0,0
2026-09-25,word,siege,131,0,3,542,697
2026-09-25,word,simulator,644,0,12,9642,14831
2026-09-25,word,skate,64,0,2,2182,2660
2026-09-25,word,skibidi,315,0,2,0,0
2026-09-25,word,skibidi toilet,114,0,2,0,0
2026-09-25,word,skin,231,0,2,0,0
2026-09-25,word,skins,185,0,6,15315,18816
2026-09-25,word,sky,769,0,7,2879,9207
2026-09-25,word,sky wars,109,0,2,1082,1445
2026-09-25,word,skywars,263,0,2,1082,1445
2026-09-25,word,slap,83,0,3,5497,8339
2026-09-25,word,slayer,78,0,2,423,586
2026-09-25,word,sleep,60,0,3,909,1637
2026-09-25,word,slide,807,0,31,9958,15236
2026-09-25,word,slide chill,240,0,14,6114,9718
2026-09-25,word,sniper,3112,0,9,16286,27243
2026-09-25,word,sniper one,1032,0,2,0,0
2026-09-25,word,soccer,263,0,10,13337,23220
2026-09-25,word,soccer football,36,0,3,9521,17403
2026-09-25,word,solo,2255,0,18,185916,280302
2026-09-25,word,solo cup,108,0,2,75412,118028
2026-09-25,word,solo endgame,82,0,2,0,0
2026-09-25,word,solo leveling,37,0,2,185,220
2026-09-25,word,solo scrims,193,0,4,99920,146781
2026-09-25,word,solos,159,0,3,191,263
2026-09-25,word,song,183,0,29,13304,14880
2026-09-25,word,songs,308,0,17,6706,9616
2026-09-25,word,sonic,67,0,6,1199,1406
2026-09-25,word,space,902,0,6,1676,2331
2026-09-25,word,spawn,64,0,2,3355,4888
2026-09-25,word,speed,1397,3,21,340281,510786
2026-09-25,word,speed keyboard,28,0,5,37265,47331
2026-09-25,word,speed run,169,0,2,0,0
2026-09-25,word,speedrun,329,0,6,2046,2381
2026-09-25,word,spider,177,0,4,824,971
2026-09-25,word,spleef,135,0,2,54,65
2026-09-25,word,spooky,326,0,2,0,0
2026-09-25,word,sprite,144,0,12,93772,135512
2026-09-25,word,sprites,62,1,7,9354,23615
2026-09-25,word,squad,303,0,8,6383,9161
2026-09-25,word,squid,782,0,9,50639,99372
2026-09-25,word,squid game,408,0,9,50639,99372
2026-09-25,word,squishy,27,0,3,2391,3222
2026-09-25,word,stadium,205,0,3,40,51
2026-09-25,word,stage,80,0,4,371,454
2026-09-25,word,star,1388,0,49,188008,397440
2026-09-25,word,star wars,996,0,43,187607,397005
2026-09-25,word,starwars,1062,0,43,187607,397005
2026-09-25,word,steal,589,0,13,327590,1152860
2026-09-25,word,storm,569,0,12,423190,790807
2026-09-25,word,story,108,0,5,156,239
2026-09-25,word,stranger,159,0,7,1237,1767
2026-09-25,word,stranger things,121,0,6,973,1293
2026-09-25,word,streamer,115,0,3,56,67
2026-09-25,word,street,177,0,2,526,599
2026-09-25,word,studio,138,0,4,6,10
2026-09-25,word,stunt,39,0,3,358,399
2026-09-25,word,summer,1032,0,10,18317,23147
2026-09-25,word,summit,52,0,2,0,0
2026-09-25,word,super,5852,0,35,367932,534599
2026-09-25,word,super 1v1,220,0,4,8832,12602
2026-09-25,word,super 1v1v1,74,0,2,4723,7296
2026-09-25,word,super pillars,87,0,3,181935,283050
2026-09-25,word,super ramp,140,0,2,26954,32451
2026-09-25,word,superhero,210,0,4,0,0
2026-09-25,word,supermarket,76,0,5,62820,74878
2026-09-25,word,survival,1222,1,74,55015,69456
2026-09-25,word,survival horror,27,0,3,61,85
2026-09-25,word,survive,469,0,15,9412,13123
2026-09-25,word,survivors,65,0,2,0,0
2026-09-25,word,switch,520,0,5,0,0
2026-09-25,word,tag,264,0,7,22624,34169
2026-09-25,word,tank,115,0,2,46687,63251
2026-09-25,word,tatooine,58,0,2,0,0
2026-09-25,word,team,1387,0,3,4034,4655
2026-09-25,word,test,399,0,14,0,0
2026-09-25,word,theme,87,0,2,79,96
2026-09-25,word,things,137,0,7,973,1293
2026-09-25,word,tiktok,406,0,4,0,0
2026-09-25,word,tilted,5094,4,11,374348,488317
2026-09-25,word,tilted zero,26,0,2,0,0
2026-09-25,word,tilted zone,749,3,7,371377,484446
2026-09-25,word,time,351,0,4,1130,1342
2026-09-25,word,tmnt,1009,0,6,529,750
2026-09-25,word,together,68,0,3,0,0
2026-09-25,word,toilet,174,0,2,0,0
2026-09-25,word,tokyo,144,0,3,0,0
2026-09-25,word,top,342,0,4,1275,1991
2026-09-25,word,tour,82,0,4,0,0
2026-09-25,word,tournament,229,0,3,4936,7383
2026-09-25,word,tower,992,0,17,21964,31280
2026-09-25,word,tower defense,53,0,4,7739,10932
2026-09-25,word,tower tycoon,46,0,5,8537,13214
2026-09-25,word,town,642,0,9,17546,48609
2026-09-25,word,toy,125,1,3,5505,7794
2026-09-25,word,train,161,0,2,0,0
2026-09-25,word,training,1630,0,20,150729,250492
2026-09-25,word,training practice,30,0,3,21018,32112
2026-09-25,word,trap,131,0,4,2597,3116
2026-09-25,word,travis,96,0,8,3023,3191
2026-09-25,word,travis scott,72,0,6,3023,3191
2026-09-25,word,treasure,81,0,2,193,355
2026-09-25,word,trick,173,0,4,709,895
2026-09-25,word,trick shot,114,0,3,709,895
2026-09-25,word,trickshot,1125,0,6,2462,3032
2026-09-25,word,trickshot parkour,491,0,3,1753,2137
2026-09-25,word,trio,341,0,15,30250,38078
2026-09-25,word,trio escape,36,0,9,1517,1760
2026-09-25,word,trio zone,57,0,2,14457,18472
2026-09-25,word,troll,227,0,3,1288,1440
2026-09-25,word,truck,73,0,2,5092,6876
2026-09-25,word,try,68,0,2,0,0
2026-09-25,word,tsunami,227,0,3,6646,12439
2026-09-25,word,tsunami brainrots,46,0,2,3599,8688
2026-09-25,word,tu,61,0,2,95,180
2026-09-25,word,tung,297,0,3,0,0
2026-09-25,word,tung tung,129,0,3,0,0
2026-09-25,word,turtle,464,0,2,25567,39351
2026-09-25,word,twdu,217,0,4,0,0
2026-09-25,word,two,99,0,3,687,757
2026-09-25,word,tycoon,4028,2,128,334066,610833
2026-09-25,word,tycoon co,164,0,7,1923,2195
2026-09-25,word,tycoon new,62,0,3,3996,4922
2026-09-25,word,ultimate,2533,0,10,7844,11443
2026-09-25,word,ultra,1211,0,3,8531,12758
2026-09-25,word,ultra 1v1,72,0,2,7934,11971
2026-09-25,word,unc,722,1,6,21707,32778
2026-09-25,word,underworld,93,0,2,0,0
2026-09-25,word,universe,94,0,4,897,976
2026-09-25,word,unreal,210,0,3,3809,4635
2026-09-25,word,up,2338,0,30,355392,1747259
2026-09-25,word,up chapter,32,0,3,15637,20061
2026-09-25,word,update,765,0,7,2771,5143
2026-09-25,word,us,139,0,2,366,424
2026-09-25,word,v1,602,0,5,1699,3411
2026-09-25,word,v2,742,0,6,1805,2521
2026-09-25,word,v3,152,0,2,2608,3659
2026-09-25,word,v4,61,0,2,0,0
2026-09-25,word,vader,28,0,2,1048,1311
2026-09-25,word,vault,191,0,3,2095,2766
2026-09-25,word,vehicles,443,0,9,28855,43987
2026-09-25,word,verity,47,0,10,27445,34099
2026-09-25,word,version,212,0,2,0,0
2026-09-25,word,vi,191,0,4,856,1003
2026-09-25,word,vibe,123,0,3,7359,17071
2026-09-25,word,video,33,0,3,0,0
2026-09-25,word,walking,48,0,2,0,0
2026-09-25,word,walls,61,0,3,0,0
2026-09-25,word,warmup,614,0,4,6763,9104
2026-09-25,word,wars,14893,4,125,1442783,2315075
2026-09-25,word,wars 1v1,261,0,6,92739,146473
2026-09-25,word,wars all,80,0,3,10879,13349
2026-09-25,word,wars duo,93,0,3,21118,29565
2026-09-25,word,wars endgame,51,0,4,159617,238665
2026-09-25,word,wars pvp,62,0,2,6198,11106
2026-09-25,word,wars solo,182,0,2,5472,7138
2026-09-25,word,wasteland,135,0,2,729,998
2026-09-25,word,weapons,3803,0,10,9841,12655
2026-09-25,word,wild,506,0,2,0,0
2026-09-25,word,winter,1386,0,3,22129,29492
2026-09-25,word,winterfest,116,0,2,6,19
2026-09-25,word,wizard,32,0,2,0,0
2026-09-25,word,world,1495,1,22,250340,299284
2026-09-25,word,worlds,101,0,3,51,66
2026-09-25,word,wuggy,34,0,3,202,227
2026-09-25,word,you,364,0,3,0,0
2026-09-25,word,youtuber,82,0,2,3504,4730
2026-09-25,word,zb,429,1,4,560,705
2026-09-25,word,zero,3270,1,23,32464,60848
2026-09-25,word,zero build,2543,1,23,32464,60848
2026-09-25,word,zerobuild,2718,1,23,32464,60848
2026-09-25,word,zombie,1768,0,39,41115,57082
2026-09-25,word,zombie city,91,0,4,454,559
2026-09-25,word,zombie escape,39,0,2,10227,15339
2026-09-25,word,zombie farm,36,0,2,5123,6367
2026-09-25,word,zombie island,54,0,2,72,91
2026-09-25,word,zombie tycoon,29,0,2,0,0
2026-09-25,word,zombieland,49,0,2,241,284
2026-09-25,word,zombies,744,0,15,7971,10495
2026-09-25,word,zone,11346,5,55,1102425,1630199
2026-09-25,word,zone wars,9826,4,52,1097923,1623485
2026-09-25,word,zonewars,14258,4,56,1097995,1623606
2026-09-25,word,zoo,58,0,4,2460,2880
2026-09-25,word,العاصفه,47,0,8,417880,782019
2026-09-25,word,العرب,43,0,3,0,0
2026-09-25,word,المعرقين,133,0,4,99557,155069
2026-09-25,word,باركور,504,0,44,213442,264185
2026-09-25,word,باركور صعب,84,0,7,36163,48364
2026-09-25,word,باركور مرحلة,25,0,2,0,0
2026-09-25,word,بالبناء,304,0,2,863,1227
2026-09-25,word,تحدي,44,0,4,5042,6748
2026-09-25,word,حرب,205,0,3,12664,19894
2026-09-25,word,دو,32,0,3,44745,72620
2026-09-25,word,ريلود,34,0,3,22480,36898
2026-09-25,word,سكرمز,858,0,29,602421,1074168
2026-09-25,word,سكرمز العاصفه,37,0,7,413420,775169
2026-09-25,word,سكرمز المعرقين,41,0,2,90854,133013
2026-09-25,word,صعب,99,0,8,39211,51999
2026-09-25,word,فايت,133,0,2,3823,5928
2026-09-25,word,فلسطين,49,0,2,37147,61261
2026-09-25,word,كل,33,0,2,0,0
2026-09-25,word,ماب,344,0,8,8703,22056
2026-09-25,word,ماب باركور,35,0,5,0,0
2026-09-25,word,مرحلة,42,0,5,0,0
2026-09-25,word,高性能,76,0,2,51943,98000
2026-09-25,word,高性能 1v1,30,0,2,51943,98000
2026-09-26,tag,,1,0,0,0,0
2026-09-26,tag,1v1,62527,124,206,3512667,6312000
2026-09-26,tag,2d,650,3,1,1430,1817
2026-09-26,tag,2v2,5735,15,40,1731404,3371584
2026-09-26,tag,3v3,2518,9,18,441284,781410
2026-09-26,tag,4v4,3624,7,14,148429,250343
2026-09-26,tag,5v5,1790,2,4,66649,155299
2026-09-26,tag,6v6,1156,2,0,0,0
2026-09-26,tag,7v7,211,1,0,0,0
2026-09-26,tag,8v8,3084,3,3,952,1064
2026-09-26,tag,action,31988,37,88,125222,175416
2026-09-26,tag,ad,188,0,2,147,364
2026-09-26,tag,adventure,8736,61,138,426707,545768
2026-09-26,tag,aim course,2818,5,33,360912,566711
2026-09-26,tag,arcade,3069,6,14,7711,9235
2026-09-26,tag,arena,11485,22,33,157240,241187
2026-09-26,tag,artistic,2958,2,33,135309,162823
2026-09-26,tag,atmospheric,3660,8,15,4357,4982
2026-09-26,tag,attack,5930,7,7,5356,6462
2026-09-26,tag,base,2143,2,28,197138,366177
2026-09-26,tag,base building,1700,2,9,33332,40050
2026-09-26,tag,battle,23733,23,68,165372,261764
2026-09-26,tag,battle royale,9925,20,18,62592,157066
2026-09-26,tag,board game,646,3,23,9574,11457
2026-09-26,tag,boss battle,2727,12,200,185541,250536
2026-09-26,tag,boxfight,25267,28,56,2990260,5557442
2026-09-26,tag,building,34801,57,108,1164202,2374504
2026-09-26,tag,capture the flag,1814,1,1,397,560
2026-09-26,tag,card game,120,0,2,316,528
2026-09-26,tag,casual,17611,57,396,2207358,6072902
2026-09-26,tag,choices matter,513,3,5,43165,100295
2026-09-26,tag,classes,1075,0,6,52438,70935
2026-09-26,tag,clicker,241,1,6,1012,1300
2026-09-26,tag,co-op,5318,12,215,221868,308686
2026-09-26,tag,collection,1167,5,25,150538,202360
2026-09-26,tag,competitive,43992,59,126,1638762,3059604
2026-09-26,tag,crafting,258,1,4,1987,2738
2026-09-26,tag,creatures,4162,35,176,327366,407883
2026-09-26,tag,deathrun,16538,54,296,732821,960298
2026-09-26,tag,defend,1114,5,0,0,0
2026-09-26,tag,difficulty: easy,7607,8,57,40787,50543
2026-09-26,tag,difficulty: hard,2430,8,45,196685,242098
2026-09-26,tag,difficulty: impossible,1124,7,24,196536,251855
2026-09-26,tag,difficulty: medium,2470,7,11,20365,24203
2026-09-26,tag,difficulty: ultra hard,535,4,0,0,0
2026-09-26,tag,difficulty: very hard,699,2,2,574,649
2026-09-26,tag,driver simulator,4144,24,114,176358,234137
2026-09-26,tag,duo,3472,8,54,1103156,2263666
2026-09-26,tag,economy,423,3,3,5644,8251
2026-09-26,tag,edit course,3616,4,38,385926,608289
2026-09-26,tag,educational,808,1,7,1788,2455
2026-09-26,tag,episodic,66,1,0,0,0
2026-09-26,tag,escape,8373,14,283,492309,691035
2026-09-26,tag,event,1225,2,56,19926,28708
2026-09-26,tag,exploration,3908,9,55,39122,65456
2026-09-26,tag,explosives,801,1,0,0,0
2026-09-26,tag,farming simulator,353,3,3,1847,2778
2026-09-26,tag,fashion,2267,0,46,32092,58308
2026-09-26,tag,fighting,13550,18,46,50231,77382
2026-09-26,tag,first person,6213,3,140,315200,439610
2026-09-26,tag,fortnitemares,986,1,4,612,1212
2026-09-26,tag,free for all,70654,119,310,2977890,4460127
2026-09-26,tag,friendly,6404,16,85,34447,120644
2026-09-26,tag,funny,9596,15,46,63526,109012
2026-09-26,tag,gun fight,7790,12,9,16276,39864
2026-09-26,tag,gun game,12712,29,16,43094,56852
2026-09-26,tag,hardcore,580,2,1,286,373
2026-09-26,tag,heroes,2515,2,21,10391,16158
2026-09-26,tag,horror,5601,12,214,421400,531937
2026-09-26,tag,hub,477,0,4,203,270
2026-09-26,tag,infection,444,2,1,101,142
2026-09-26,tag,jam system,321,1,27,1568,3168
2026-09-26,tag,just for fun,60724,222,996,6030649,11781411
2026-09-26,tag,king of the hill,598,0,1,185,234
2026-09-26,tag,melee,1617,2,10,6589,9844
2026-09-26,tag,memes,2991,5,14,24775,29111
2026-09-26,tag,minigame,17642,62,312,1926935,2868702
2026-09-26,tag,mining,127,1,0,0,0
2026-09-26,tag,moba,139,0,0,0,0
2026-09-26,tag,moving,938,1,6,44339,59617
2026-09-26,tag,music,2758,20,150,64737,77948
2026-09-26,tag,mystery,1413,2,21,25886,33251
2026-09-26,tag,nonlinear,71,0,1,7,8
2026-09-26,tag,objective,1460,18,3,376,471
2026-09-26,tag,one in the chamber,376,0,1,87,103
2026-09-26,tag,one life,1019,3,5,459,802
2026-09-26,tag,one shot,8676,45,18,188385,249628
2026-09-26,tag,open world,7759,40,220,383526,616898
2026-09-26,tag,parkour,17586,61,237,700980,911627
2026-09-26,tag,party game,14567,27,466,2200068,3682540
2026-09-26,tag,party world,2326,6,72,101659,302213
2026-09-26,tag,patchwork,77,0,1,7,6
2026-09-26,tag,peaceful,1919,7,11,1299,1755
2026-09-26,tag,physics,369,0,14,17541,21918
2026-09-26,tag,pinball,64,0,0,0,0
2026-09-26,tag,pixel art,87,0,2,8,9
2026-09-26,tag,platformer,1415,8,32,80298,95892
2026-09-26,tag,point capture,1099,2,4,593,786
2026-09-26,tag,practice,59381,111,297,7764014,13274389
2026-09-26,tag,prop,646,1,1,10,11
2026-09-26,tag,prop hunt,3316,9,16,136875,157652
2026-09-26,tag,puzzle,2183,3,55,32328,37358
2026-09-26,tag,pve,5531,4,264,252342,338957
2026-09-26,tag,pvp,66386,118,341,7136580,11152104
2026-09-26,tag,quiz,926,2,15,11251,12857
2026-09-26,tag,race,10777,76,223,521720,724241
2026-09-26,tag,respawn,8752,10,21,486614,704829
2026-09-26,tag,retro,214,1,0,0,0
2026-09-26,tag,roguelike,1231,4,214,213331,297811
2026-09-26,tag,role playing,5706,14,200,703357,1480707
2026-09-26,tag,rounds,3062,3,10,21921,28038
2026-09-26,tag,rpg,997,4,22,40531,53039
2026-09-26,tag,runner,1543,2,10,13265,16642
2026-09-26,tag,sandbox,994,3,19,32067,70721
2026-09-26,tag,search & destroy,536,1,1,13863,56495
2026-09-26,tag,seasonal,520,1,5,105,121
2026-09-26,tag,secrets,1159,0,10,6642,10926
2026-09-26,tag,sequel,60,0,2,41,55
2026-09-26,tag,series,402,0,1,24,28
2026-09-26,tag,shooter,7564,77,32,601740,894336
2026-09-26,tag,shop,143,0,0,0,0
2026-09-26,tag,show,558,1,14,1136,1888
2026-09-26,tag,side scroller,152,0,0,0,0
2026-09-26,tag,simulator,6360,47,281,1743003,5187240
2026-09-26,tag,single player,1840,0,13,6869,21707
2026-09-26,tag,skills,2017,10,5,42720,57433
2026-09-26,tag,sniper,4560,11,10,176450,236539
2026-09-26,tag,solo,6917,6,25,132427,214328
2026-09-26,tag,space,436,1,3,821,1022
2026-09-26,tag,sports,2210,7,81,130167,165277
2026-09-26,tag,squad,1299,3,11,5783,9461
2026-09-26,tag,stealth,631,3,5,2610,4796
2026-09-26,tag,story,1324,1,36,14854,17128
2026-09-26,tag,strategy,3164,24,62,85603,158721
2026-09-26,tag,survival,6392,38,180,252324,437596
2026-09-26,tag,survival horror,4098,13,200,584836,951349
2026-09-26,tag,team deathmatch,21852,45,35,855121,1249779
2026-09-26,tag,teams,6461,20,13,31860,124325
2026-09-26,tag,timed,1082,2,5,10766,12542
2026-09-26,tag,top-down,226,0,0,0,0
2026-09-26,tag,tower defense,263,0,3,6151,7220
2026-09-26,tag,training,8189,11,61,597253,1096255
2026-09-26,tag,trios,903,1,21,217960,417232
2026-09-26,tag,trivia,223,0,2,336,609
2026-09-26,tag,turn-based,173,0,2,1733,2156
2026-09-26,tag,tutorial,224,0,1,287,890
2026-09-26,tag,tycoon,6806,47,306,1840622,5408072
2026-09-26,tag,unbalanced teams,387,2,0,0,0
2026-09-26,tag,visual novel,61,1,1,693,844
2026-09-26,tag,winterfest,948,1,5,232,287
2026-09-26,tag,word games,94,2,1,7,8
2026-09-26,tag,zonewars,23859,34,139,3276255,5132117
2026-09-26,word,1v1,43279,83,169,2959906,5513955
2026-09-26,word,1v1 1v1,126,0,2,25370,38659
2026-09-26,word,1v1 2v2,171,1,3,13814,20273
2026-09-26,word,1v1 4v4,429,1,17,199840,370007
2026-09-26,word,1v1 all,662,1,10,66268,100505
2026-09-26,word,1v1 build,9474,17,45,762702,1664312
2026-09-26,word,1v1 every,402,4,3,404061,616350
2026-09-26,word,1v1 ffa,1002,2,8,58516,87517
2026-09-26,word,1v1 freebuild,94,1,2,32894,49554
2026-09-26,word,1v1 map,2824,6,5,59990,98358
2026-09-26,word,1v1 music,238,0,2,407,695
2026-09-26,word,1v1 pro,176,0,2,1790,2092
2026-09-26,word,1v1 reload,132,0,2,3135,5285
2026-09-26,word,1v1v1,4450,5,22,479114,688722
2026-09-26,word,1v1v1 1v1,151,0,2,16322,24965
2026-09-26,word,1v1v1 reload,1272,2,10,417662,601470
2026-09-26,word,1v2,159,1,2,49732,61654
2026-09-26,word,2v1,163,0,2,49732,61654
2026-09-26,word,2v2,1829,7,17,1325436,2730891
2026-09-26,word,2v2v2,146,0,4,70117,111413
2026-09-26,word,3v3,651,4,6,383189,697883
2026-09-26,word,4v4,932,4,19,231261,423175
2026-09-26,word,5v5,266,0,2,52580,98574
2026-09-26,word,action,102,1,2,11,15
2026-09-26,word,adventure,486,3,33,62831,76597
2026-09-26,word,ai,119,0,2,266,331
2026-09-26,word,aim,1376,2,29,247371,369563
2026-09-26,word,aim edit,400,1,19,205244,300234
2026-09-26,word,aim piece,109,1,4,33401,57147
2026-09-26,word,airport,54,1,2,10676,14267
2026-09-26,word,alien,171,2,2,3171,5705
2026-09-26,word,all,8866,7,43,487667,708763
2026-09-26,word,all guns,1534,2,20,124133,187644
2026-09-26,word,all skins,52,0,3,22055,28205
2026-09-26,word,all vehicles,48,0,4,1188,1460
2026-09-26,word,all weapons,1881,0,6,18440,25061
2026-09-26,word,allguns,1592,6,20,124133,187644
2026-09-26,word,am,83,0,7,478699,624676
2026-09-26,word,amazing,263,2,5,1957,2395
2026-09-26,word,among,119,0,2,537,657
2026-09-26,word,among us,93,0,2,537,657
2026-09-26,word,animal,107,0,7,16831,20063
2026-09-26,word,animals,45,2,5,27885,42686
2026-09-26,word,anime,251,0,5,3988,5812
2026-09-26,word,anomalies,29,0,8,5558,6944
2026-09-26,word,anomaly,49,0,6,17038,20317
2026-09-26,word,apocalypse,157,1,2,13222,19988
2026-09-26,word,area,149,0,3,135,165
2026-09-26,word,arena,3634,6,8,6865,8799
2026-09-26,word,asmr,66,2,9,45039,55752
2026-09-26,word,astro,60,0,2,3471,3787
2026-09-26,word,at,288,1,5,4453,5437
2026-09-26,word,aura,257,5,6,21465,33891
2026-09-26,word,baby,64,0,2,705,774
2026-09-26,word,backrooms,517,0,25,61857,79074
2026-09-26,word,backrooms escape,31,0,4,654,757
2026-09-26,word,bad,86,0,2,257,281
2026-09-26,word,balkan,61,0,2,231,289
2026-09-26,word,ball,291,0,3,1356,2403
2026-09-26,word,baller,30,0,2,552,668
2026-09-26,word,ballistic,379,0,2,14812,57993
2026-09-26,word,bank,200,0,8,37048,57763
2026-09-26,word,bank heist,56,0,3,15611,25669
2026-09-26,word,barry,49,0,3,1117,1174
2026-09-26,word,base,394,0,2,375,486
2026-09-26,word,baseball,30,0,4,574,692
2026-09-26,word,basketball,105,0,3,2051,2692
2026-09-26,word,battle,4116,9,23,55192,68946
2026-09-26,word,battle lab,32,0,4,9245,11841
2026-09-26,word,battles,299,0,3,4408,5495
2026-09-26,word,be,158,2,10,16981,22002
2026-09-26,word,beach,326,1,3,6061,7190
2026-09-26,word,bean,84,0,2,3310,4260
2026-09-26,word,beat,50,0,2,5935,11164
2026-09-26,word,become,54,0,2,1683,2443
2026-09-26,word,bed,406,0,16,168512,318001
2026-09-26,word,bed wars,372,0,16,168512,318001
2026-09-26,word,bedwars,617,1,20,190925,358424
2026-09-26,word,best,1601,1,15,14890,21067
2026-09-26,word,best music,131,0,2,7411,10658
2026-09-26,word,best slide,106,0,6,3334,5464
2026-09-26,word,better,81,0,3,706,991
2026-09-26,word,big,573,1,8,16070,20134
2026-09-26,word,bike,264,0,5,3494,4191
2026-09-26,word,bios,59,0,4,19770,25321
2026-09-26,word,blade,101,0,2,1247,2270
2026-09-26,word,blind,73,0,10,313,336
2026-09-26,word,blind test,41,0,10,313,336
2026-09-26,word,blitz,350,1,2,57,67
2026-09-26,word,block,628,0,25,40091,62629
2026-09-26,word,block pillars,30,0,3,747,948
2026-09-26,word,blocks,335,0,4,1903,2673
2026-09-26,word,blue,16109,42,10,782077,1128209
2026-09-26,word,board,47,0,3,2211,2662
2026-09-26,word,board game,26,0,3,2211,2662
2026-09-26,word,bomb,118,1,3,2632,3258
2026-09-26,word,boom,111,0,3,313,371
2026-09-26,word,boss,601,3,40,35440,44350
2026-09-26,word,boss battle,68,0,3,2336,2578
2026-09-26,word,boss fight,195,0,22,8304,10094
2026-09-26,word,boss survival,26,0,11,20147,25585
2026-09-26,word,bossfight,336,0,33,25267,32834
2026-09-26,word,bot,602,0,5,11532,16216
2026-09-26,word,bots,1212,0,14,20439,29859
2026-09-26,word,bots royale,126,0,3,941,1207
2026-09-26,word,box,13991,11,27,1152678,1832720
2026-09-26,word,box fight,3681,5,3,2006,2467
2026-09-26,word,box fights,2169,2,11,241858,494401
2026-09-26,word,box pvp,6750,5,10,920591,1349121
2026-09-26,word,boxfight,6214,11,4,2280,2884
2026-09-26,word,boxfights,4537,3,12,262077,534604
2026-09-26,word,boxpvp,7035,6,10,920591,1349121
2026-09-26,word,brainrot,3107,4,57,510467,1907608
2026-09-26,word,brainrots,734,5,49,282003,1727893
2026-09-26,word,brainrots tycoon,76,0,3,4365,7071
2026-09-26,word,break,152,1,4,3461,4427
2026-09-26,word,breakout,69,0,4,2195,4125
2026-09-26,word,brick,537,1,3,3331,4441
2026-09-26,word,bridge,328,1,7,16814,18999
2026-09-26,word,build,16805,30,83,961464,2037145
2026-09-26,word,build fight,5641,11,16,376248,856435
2026-09-26,word,build fights,5721,6,31,464511,951528
2026-09-26,word,build training,63,1,2,745,1178
2026-09-26,word,build zone,140,0,2,4239,5792
2026-09-26,word,buildfight,7189,14,16,376248,856435
2026-09-26,word,buildfights,6440,9,31,464511,951528
2026-09-26,word,building,280,2,3,110759,173622
2026-09-26,word,bull,45,0,2,326,439
2026-09-26,word,bunker,106,0,3,6044,7593
2026-09-26,word,but,104,0,2,472,590
2026-09-26,word,capture,869,0,2,1693,2168
2026-09-26,word,car,1986,19,34,36973,43828
2026-09-26,word,car drive,133,0,12,13616,15775
2026-09-26,word,car game,633,13,12,2884,3254
2026-09-26,word,car race,60,1,2,45,56
2026-09-26,word,card,47,0,7,11227,22097
2026-09-26,word,cars,1872,1,29,84484,107457
2026-09-26,word,cars games,124,0,3,69,83
2026-09-26,word,cars mega,94,0,3,609,715
2026-09-26,word,cars ramp,26,0,2,7783,9122
2026-09-26,word,cartoon,83,1,2,34,41
2026-09-26,word,cash,149,0,3,233835,318609
2026-09-26,word,castle,768,0,2,61,61
2026-09-26,word,cat,166,0,4,2789,3190
2026-09-26,word,center,67,0,2,1106,1466
2026-09-26,word,ch1,45,0,2,150,191
2026-09-26,word,chained,45,0,2,533,620
2026-09-26,word,chained together,37,0,2,533,620
2026-09-26,word,challenge,447,1,6,6284,7759
2026-09-26,word,chameleon,46,0,2,40901,46347
2026-09-26,word,champions,240,0,2,539,599
2026-09-26,word,chaos,1215,6,7,41631,50316
2026-09-26,word,chapter,2501,3,27,142668,202866
2026-09-26,word,chapter late,33,0,3,58649,80344
2026-09-26,word,chat,276,0,5,51496,168222
2026-09-26,word,checkpoints,54,1,3,1325,1551
2026-09-26,word,chicken,141,0,3,894,1131
2026-09-26,word,chill,1547,4,24,15754,22830
2026-09-26,word,chill slide,55,0,3,700,1030
2026-09-26,word,christmas,1460,0,4,241,413
2026-09-26,word,circle,167,1,2,4269,6520
2026-09-26,word,circuit,169,0,3,1227,1367
2026-09-26,word,circus,57,0,3,1719,2082
2026-09-26,word,city,4062,79,74,171617,246208
2026-09-26,word,city car,113,1,7,992,1248
2026-09-26,word,city drive,179,2,4,2304,2722
2026-09-26,word,city mc,135,30,1,12,15
2026-09-26,word,city new,67,0,2,2198,2939
2026-09-26,word,city rp,116,1,4,12347,18266
2026-09-26,word,city weapons,32,0,2,15,17
2026-09-26,word,cizzorz,68,0,4,44445,61214
2026-09-26,word,cizzorz deathrun,46,0,3,42195,58402
2026-09-26,word,clash,580,1,2,895,1411
2026-09-26,word,clean,728,1,3,2675,3528
2026-09-26,word,clicker,59,1,2,55,62
2026-09-26,word,climb,227,0,3,2339,2970
2026-09-26,word,clown,38,0,3,2091,2551
2026-09-26,word,club,269,2,5,6335,13004
2026-09-26,word,clutch,213,2,4,62555,81057
2026-09-26,word,co,326,0,14,25025,31368
2026-09-26,word,co op,316,0,14,25025,31368
2026-09-26,word,coin,282,0,2,37,41
2026-09-26,word,cold,85,1,2,6210,57520
2026-09-26,word,color,709,1,11,10817,13097
2026-09-26,word,color switch,317,0,4,1939,2841
2026-09-26,word,colour,42,1,2,690,823
2026-09-26,word,combat,499,0,5,17113,23330
2026-09-26,word,concert,142,0,22,9370,10880
2026-09-26,word,control,935,2,6,1285714,2843792
2026-09-26,word,coop,371,0,14,25025,31368
2026-09-26,word,core,96,0,2,3764,5179
2026-09-26,word,course,519,0,2,4983,6729
2026-09-26,word,cover,110,0,2,135,160
2026-09-26,word,cowboy,35,0,3,409,456
2026-09-26,word,craft,56,0,2,2524,4709
2026-09-26,word,crank,39,0,2,783,1181
2026-09-26,word,crash,204,1,2,3566,4513
2026-09-26,word,crazy,4079,8,17,297599,430697
2026-09-26,word,crazy mega,53,0,2,7968,8965
2026-09-26,word,crime,108,0,2,1696,2014
2026-09-26,word,criminal,28,0,2,2692,3854
2026-09-26,word,cross,78,0,2,411,465
2026-09-26,word,crosshair,217,0,3,12725,16599
2026-09-26,word,cube,338,0,5,4183,4556
2026-09-26,word,cup,861,2,12,203261,307288
2026-09-26,word,cup zone,122,0,3,176613,265931
2026-09-26,word,custom,614,3,3,1120,1466
2026-09-26,word,dance,104,2,2,28,29
2026-09-26,word,dark,403,1,8,2798,3934
2026-09-26,word,days,258,0,5,2088,2923
2026-09-26,word,dead,291,0,4,69,78
2026-09-26,word,death,547,1,4,8691,10264
2026-09-26,word,death star,33,0,3,76,91
2026-09-26,word,deathrun,4964,17,46,230363,287783
2026-09-26,word,deathrun level,98,0,2,833,914
2026-09-26,word,deathrun parkour,325,1,6,17104,20432
2026-09-26,word,deathrun remake,26,1,4,48039,65079
2026-09-26,word,deathrun باركور,40,4,7,119612,147237
2026-09-26,word,default,1087,0,7,5169,5966
2026-09-26,word,default deathrun,323,0,2,2264,2655
2026-09-26,word,default parkour,528,0,2,1114,1257
2026-09-26,word,defend,54,0,2,6188,7525
2026-09-26,word,defense,165,1,9,14137,19580
2026-09-26,word,demon,348,1,12,12229,15319
2026-09-26,word,demon hunters,140,0,5,7809,9308
2026-09-26,word,desert,1217,2,20,75987,91660
2026-09-26,word,desert drive,42,0,4,1399,1607
2026-09-26,word,desert zone,171,0,4,58684,70099
2026-09-26,word,diamond,291,0,4,971,1249
2026-09-26,word,die,246,1,10,68394,93592
2026-09-26,word,dig,43,1,3,7833,9141
2026-09-26,word,digital,34,0,2,1529,1872
2026-09-26,word,dino,129,1,7,10147,14933
2026-09-26,word,dirt,168,0,5,3494,4191
2026-09-26,word,dirt bike,118,0,5,3494,4191
2026-09-26,word,dirtbike,144,0,5,3494,4191
2026-09-26,word,don,294,1,6,12643,15582
2026-09-26,word,don fall,95,0,2,1429,1638
2026-09-26,word,doors,73,0,4,875,1094
2026-09-26,word,dragon,288,0,6,2977,3746
2026-09-26,word,dragons,41,0,2,41,60
2026-09-26,word,dream,143,0,2,310,475
2026-09-26,word,drift,335,0,5,4830,6786
2026-09-26,word,drive,2470,44,84,123780,161445
2026-09-26,word,drive city,225,3,12,15773,21409
2026-09-26,word,driver,190,0,2,812,1179
2026-09-26,word,driving,534,7,6,22566,25940
2026-09-26,word,driving ffa,52,2,2,18314,20591
2026-09-26,word,drop,265,0,3,5069,5736
2026-09-26,word,dungeon,135,0,2,448,671
2026-09-26,word,duo,1429,6,41,403498,632511
2026-09-26,word,duo escape,223,0,21,5869,6225
2026-09-26,word,duo zone,136,2,3,11336,18014
2026-09-26,word,duos,481,2,7,26523,34868
2026-09-26,word,dziedzic,51,0,2,200,256
2026-09-26,word,easy,2461,8,11,10280,14293
2026-09-26,word,easy deathrun,401,0,3,5360,7844
2026-09-26,word,edit,3150,6,34,281832,416579
2026-09-26,word,edit aim,152,0,3,29782,47939
2026-09-26,word,edit course,278,0,2,4983,6729
2026-09-26,word,edit piece,317,1,16,200864,294108
2026-09-26,word,edit wars,460,2,6,25352,34173
2026-09-26,word,edition,726,1,10,756,826
2026-09-26,word,egg,173,1,9,39622,59659
2026-09-26,word,egg hunt,83,0,3,171,212
2026-09-26,word,eggs,52,7,6,105167,217445
2026-09-26,word,elevator,30,0,5,5115,6172
2026-09-26,word,elite,270,7,6,19808,37610
2026-09-26,word,empire,167,1,5,4561,5570
2026-09-26,word,empire tycoon,39,0,3,4188,5146
2026-09-26,word,empty,38,0,2,165,259
2026-09-26,word,end,376,0,3,536,865
2026-09-26,word,endgame,863,2,22,294833,435046
2026-09-26,word,endless,382,0,2,3236,4371
2026-09-26,word,epic,590,1,2,194,247
2026-09-26,word,escape,5205,17,240,267519,372221
2026-09-26,word,escape from,268,0,12,9745,12803
2026-09-26,word,escape horror,68,0,3,1932,2197
2026-09-26,word,escape prison,40,0,2,5189,6147
2026-09-26,word,escape roguelike,88,1,48,97179,133690
2026-09-26,word,escape room,1963,10,97,22284,24360
2026-09-26,word,escape tsunami,84,1,3,8406,14852
2026-09-26,word,event,446,0,40,16639,20164
2026-09-26,word,events,168,0,5,9287,10932
2026-09-26,word,everest,28,0,2,304,400
2026-09-26,word,every,985,6,6,411819,626993
2026-09-26,word,every gun,681,4,5,411036,626087
2026-09-26,word,evil,125,0,4,1235,1418
2026-09-26,word,evolution,72,0,4,13492,16903
2026-09-26,word,extreme,648,4,4,1423,1774
2026-09-26,word,factory,226,1,3,892,1164
2026-09-26,word,factory tycoon,37,0,2,892,1164
2026-09-26,word,fall,1403,1,16,18524,22925
2026-09-26,word,fall guys,959,0,12,14121,17197
2026-09-26,word,fallguys,1024,0,12,14121,17197
2026-09-26,word,family,84,1,3,1702,2192
2026-09-26,word,fantasy,85,0,2,2972,9616
2026-09-26,word,farm,586,1,10,10175,13254
2026-09-26,word,farming,46,0,2,249,309
2026-09-26,word,fashion,849,0,13,19190,31184
2026-09-26,word,fashion show,719,0,13,19190,31184
2026-09-26,word,fast,643,0,4,1456,2042
2026-09-26,word,festival,98,0,5,2526,3672
2026-09-26,word,ffa,13004,19,29,243436,338243
2026-09-26,word,ffa all,648,0,6,53243,79788
2026-09-26,word,fight,11970,25,45,404516,891727
2026-09-26,word,fight pump,119,1,2,15603,31554
2026-09-26,word,fight zone,147,0,3,2006,2467
2026-09-26,word,fighter,58,0,2,2316,2561
2026-09-26,word,fighting,129,5,3,2675,3168
2026-09-26,word,fights,8792,10,46,735127,1492379
2026-09-26,word,fights 1v1,284,0,2,5898,9335
2026-09-26,word,fights ffa,301,1,3,31188,48837
2026-09-26,word,fights pumps,518,0,10,100638,186234
2026-09-26,word,fights zone,47,0,2,1237,1632
2026-09-26,word,final,410,1,3,4877,7235
2026-09-26,word,finale,47,0,2,2502,3153
2026-09-26,word,find,355,0,5,2095,2311
2026-09-26,word,finest,34,0,8,376208,607852
2026-09-26,word,fire,321,1,3,387,448
2026-09-26,word,first,2607,0,2,753,865
2026-09-26,word,fish,211,1,4,16152,30709
2026-09-26,word,fishing,130,1,2,140,171
2026-09-26,word,flash,68,0,2,356,533
2026-09-26,word,floor,465,1,3,4898,6400
2026-09-26,word,floor lava,328,0,3,4898,6400
2026-09-26,word,flow,32,0,2,509,769
2026-09-26,word,fn,194,0,4,4478,6363
2026-09-26,word,fnaf,322,0,20,25376,33070
2026-09-26,word,food,193,0,3,653,772
2026-09-26,word,football,539,1,19,24538,38267
2026-09-26,word,football soccer,38,0,2,3211,4139
2026-09-26,word,forest,510,2,11,16634,21741
2026-09-26,word,forever,310,0,2,3196,4439
2026-09-26,word,formula,44,0,15,1304,1542
2026-09-26,word,formula racing,29,0,15,1304,1542
2026-09-26,word,fort,343,0,3,6413,13000
2026-09-26,word,fortnite,1176,1,16,90799,125995
2026-09-26,word,fortography,99,0,2,2154,3281
2026-09-26,word,fr,85,0,4,512,703
2026-09-26,word,free,6256,10,14,446661,660451
2026-09-26,word,free all,4738,4,6,318915,462452
2026-09-26,word,free build,954,3,4,17154,24579
2026-09-26,word,free building,112,2,2,110474,173280
2026-09-26,word,freebuild,3283,7,13,65260,97380
2026-09-26,word,freebuilding,138,2,3,111014,174102
2026-09-26,word,freestyle,38,0,3,5414,6343
2026-09-26,word,frenzy,211,0,2,15878,97792
2026-09-26,word,friday,32,0,2,2842,3718
2026-09-26,word,friends,132,0,2,884,1003
2026-09-26,word,from,387,0,14,10475,13674
2026-09-26,word,from prison,29,0,2,7882,10800
2026-09-26,word,fruits,32,0,2,9906,27923
2026-09-26,word,fun,1341,3,14,21860,26912
2026-09-26,word,funny,378,0,2,51,72
2026-09-26,word,furry,27,0,2,482,591
2026-09-26,word,fury,96,0,2,924,1231
2026-09-26,word,gacha,45,0,2,32874,40987
2026-09-26,word,galactic,248,3,3,3298,4038
2026-09-26,word,galaxy,642,1,3,477,588
2026-09-26,word,game,12489,64,52,221238,351173
2026-09-26,word,game mc,28,28,0,0,0
2026-09-26,word,game new,104,0,2,15,17
2026-09-26,word,game one,2187,2,4,100,126
2026-09-26,word,game parkour,35,0,2,992,1139
2026-09-26,word,games,942,0,7,235,329
2026-09-26,word,garden,147,1,5,134427,162681
2026-09-26,word,get,186,1,4,13474,15161
2026-09-26,word,ghost,251,1,5,9603,15379
2026-09-26,word,giant,185,0,5,1283,1497
2026-09-26,word,glass,238,0,6,15813,17754
2026-09-26,word,glass bridge,121,0,6,15813,17754
2026-09-26,word,go,864,3,10,753699,2471522
2026-09-26,word,go goated,353,1,4,534190,863359
2026-09-26,word,goated,643,1,7,561684,903135
2026-09-26,word,god,144,0,2,1532,1741
2026-09-26,word,godzilla,190,0,2,852,987
2026-09-26,word,golf,58,0,7,6154,7488
2026-09-26,word,grand,472,6,7,11021,17400
2026-09-26,word,grand drive,89,1,4,2812,3480
2026-09-26,word,granny,32,0,5,2401,2723
2026-09-26,word,green,990,5,3,26,31
2026-09-26,word,grow,57,0,4,219223,528626
2026-09-26,word,guess,1008,1,39,19482,21791
2026-09-26,word,guess logo,336,0,5,1933,2182
2026-09-26,word,guess song,75,0,25,5762,6278
2026-09-26,word,gun,10464,48,18,454119,682822
2026-09-26,word,gun game,9118,44,13,41545,54877
2026-09-26,word,gungame,10035,44,13,41545,54877
2026-09-26,word,guns,2269,2,20,124133,187644
2026-09-26,word,guns cars,92,0,2,8291,10890
2026-09-26,word,guns ffa,121,0,4,10742,17427
2026-09-26,word,guns rides,153,0,4,24842,38706
2026-09-26,word,guns vehicles,188,1,2,35340,54963
2026-09-26,word,guys,1087,0,13,20541,25123
2026-09-26,word,gym,54,0,2,472,650
2026-09-26,word,hacker,27,0,2,2448,3072
2026-09-26,word,halloween,1016,3,4,662,686
2026-09-26,word,hard,1184,16,34,182260,225696
2026-09-26,word,hard deathrun,184,1,8,9796,11712
2026-09-26,word,hard parkour,323,8,14,156988,195665
2026-09-26,word,haunted,340,1,3,45,45
2026-09-26,word,havoc,144,0,3,6707,9394
2026-09-26,word,heist,277,2,17,42584,63423
2026-09-26,word,hello,49,0,3,744,894
2026-09-26,word,hero,610,0,5,1958,2641
2026-09-26,word,heroes,491,0,8,18891,26333
2026-09-26,word,hide,910,4,13,113565,145774
2026-09-26,word,hide seek,817,3,12,63351,74891
2026-09-26,word,high,274,0,7,2995,4673
2026-09-26,word,high iq,31,0,5,1127,1282
2026-09-26,word,hill,260,0,2,1559,1820
2026-09-26,word,hills,49,0,2,8,9
2026-09-26,word,hood,158,0,7,24168,58666
2026-09-26,word,horde,108,0,4,335,403
2026-09-26,word,horizon,88,1,2,39,42
2026-09-26,word,horror,2429,5,135,371862,477611
2026-09-26,word,hospital,100,0,9,17927,21396
2026-09-26,word,hotel,243,0,7,7712,10529
2026-09-26,word,house,650,2,9,62479,98883
2026-09-26,word,huggy,63,1,5,657,747
2026-09-26,word,hunt,3164,10,25,100373,116614
2026-09-26,word,hunter,201,0,5,761,947
2026-09-26,word,hunters,351,0,7,8532,10294
2026-09-26,word,hyper,184,0,3,9143,14438
2026-09-26,word,il,91,5,3,217,321
2026-09-26,word,impossible,739,3,5,649,692
2026-09-26,word,impostor,26,0,3,21237,31533
2026-09-26,word,infinite,1422,1,16,28098,40621
2026-09-26,word,infinite box,124,0,2,13331,21002
2026-09-26,word,infinite slide,47,0,3,1889,2734
2026-09-26,word,infinity,424,0,6,17306,24545
2026-09-26,word,insane,996,4,3,2234,2669
2026-09-26,word,into,66,0,3,6916,8287
2026-09-26,word,io,104,0,4,8658,12104
2026-09-26,word,iq,361,1,15,1712,1923
2026-09-26,word,iq escape,191,1,11,1602,1804
2026-09-26,word,ishowspeed,61,0,2,532,651
2026-09-26,word,island,3082,2,15,2422,2938
2026-09-26,word,island tycoon,92,1,4,598,765
2026-09-26,word,israel,38,2,3,227,494
2026-09-26,word,jackson,42,0,8,5894,6876
2026-09-26,word,jam,164,0,12,422,601
2026-09-26,word,japanese,99,0,3,1054,1389
2026-09-26,word,jujutsu,74,0,2,2003,2582
2026-09-26,word,jump,488,1,19,120395,236402
2026-09-26,word,jurassic,101,0,4,4305,5549
2026-09-26,word,just,295,1,2,265,289
2026-09-26,word,keyboard,197,2,10,83387,116518
2026-09-26,word,keyboard escape,31,1,4,54138,81390
2026-09-26,word,kick,54,0,4,26789,53666
2026-09-26,word,king,736,3,3,877,1955
2026-09-26,word,kingdom,142,0,3,214,276
2026-09-26,word,klombo,52,0,2,1701,2554
2026-09-26,word,knight,69,0,2,743,1165
2026-09-26,word,kpop,592,0,10,21704,29303
2026-09-26,word,kpop demon,134,0,4,6109,8029
2026-09-26,word,lab,161,1,7,9592,12308
2026-09-26,word,lake,131,0,4,2745,3340
2026-09-26,word,land,258,0,3,294,339
2026-09-26,word,laser,143,0,2,3028,3845
2026-09-26,word,last,674,6,9,500041,934453
2026-09-26,word,last storm,160,4,8,499868,934257
2026-09-26,word,late,732,3,6,95348,141050
2026-09-26,word,late game,673,2,6,95348,141050
2026-09-26,word,lategame,840,2,6,95348,141050
2026-09-26,word,lava,1095,0,7,8171,11951
2026-09-26,word,league,294,0,7,11933,16868
2026-09-26,word,legend,107,1,4,2097,3054
2026-09-26,word,legends,256,0,3,25643,34894
2026-09-26,word,level,2019,13,26,20034,23543
2026-09-26,word,level easy,163,1,2,630,797
2026-09-26,word,level escape,117,4,2,58,63
2026-09-26,word,level hard,93,1,4,4436,4819
2026-09-26,word,level obby,142,0,2,6116,7271
2026-09-26,word,level parkour,140,0,4,4944,6305
2026-09-26,word,leveling,40,0,3,2927,4552
2026-09-26,word,levels,2240,18,27,110601,141986
2026-09-26,word,levels باركور,41,1,6,35801,46678
2026-09-26,word,life,305,3,18,7392,12474
2026-09-26,word,like,75,1,2,21,24
2026-09-26,word,live,223,0,20,9225,10751
2026-09-26,word,live event,125,0,15,4315,5372
2026-09-26,word,loadout,144,2,2,19876,28803
2026-09-26,word,locker,43,0,2,400,672
2026-09-26,word,logo,496,0,5,1933,2182
2026-09-26,word,loot,433,1,3,3582,4300
2026-09-26,word,los,105,0,3,16163,18853
2026-09-26,word,lost,242,1,5,2250,3200
2026-09-26,word,lucky,517,0,24,61383,111106
2026-09-26,word,lucky block,189,0,15,30735,51173
2026-09-26,word,lucky blocks,51,0,3,1834,2594
2026-09-26,word,lucky pillars,33,0,2,1203,1518
2026-09-26,word,lvl,224,1,2,4927,5891
2026-09-26,word,mafia,41,1,3,3443,4956
2026-09-26,word,mall,298,0,3,88881,103120
2026-09-26,word,mansion,389,0,4,3850,4481
2026-09-26,word,mansion tycoon,75,0,2,766,993
2026-09-26,word,map,6816,10,13,80443,129132
2026-09-26,word,map edit,287,0,2,13356,19805
2026-09-26,word,map pumps,122,1,3,58622,96042
2026-09-26,word,martoz,58,0,4,91294,139848
2026-09-26,word,master,141,2,2,1373,1695
2026-09-26,word,masters,48,0,3,4410,6306
2026-09-26,word,mayhem,421,0,2,1608,1918
2026-09-26,word,maze,747,3,2,0,0
2026-09-26,word,mc,232,60,7,4177,4773
2026-09-26,word,mc jackson,30,0,6,4165,4758
2026-09-26,word,mechanics,186,2,9,166154,283888
2026-09-26,word,mechanics training,77,1,3,130984,228297
2026-09-26,word,mega,3337,10,28,303343,466566
2026-09-26,word,mega city,133,0,3,170,208
2026-09-26,word,mega parkour,51,0,2,532,625
2026-09-26,word,mega ramp,848,4,9,4313,4880
2026-09-26,word,meme,1235,2,10,18586,22318
2026-09-26,word,meme pillars,65,0,2,3030,4126
2026-09-26,word,memes,173,0,2,5349,7160
2026-09-26,word,merge,38,0,7,6919,10720
2026-09-26,word,meta,66,0,3,1895,2415
2026-09-26,word,mexico,56,0,2,47,50
2026-09-26,word,mic,98,0,2,41608,147607
2026-09-26,word,midnight,150,0,3,1612,1888
2026-09-26,word,military,164,1,8,9590,12991
2026-09-26,word,mine,87,0,2,93,122
2026-09-26,word,minecraft,315,1,6,5653,6875
2026-09-26,word,miner,44,0,3,3438,8631
2026-09-26,word,mini,1261,2,7,3938,4534
2026-09-26,word,mini games,107,0,3,83,130
2026-09-26,word,minigame,455,0,6,138464,164866
2026-09-26,word,minigames,514,1,12,157012,190202
2026-09-26,word,mining,47,1,2,967,1109
2026-09-26,word,mission,103,1,3,85,121
2026-09-26,word,mix,82,0,2,294,381
2026-09-26,word,money,67,1,2,11848,13267
2026-09-26,word,monkey,106,2,2,1565,2037
2026-09-26,word,monster,209,0,5,581,704
2026-09-26,word,monsters,47,0,2,873,1102
2026-09-26,word,moon,206,1,2,219,260
2026-09-26,word,motel,27,0,3,74,89
2026-09-26,word,moto,106,0,7,5731,6678
2026-09-26,word,motocross,70,0,4,579,643
2026-09-26,word,mountain,341,0,5,1443,2188
2026-09-26,word,murder,173,0,6,131040,375709
2026-09-26,word,murder mystery,87,0,2,125384,354934
2026-09-26,word,muscle,29,0,3,1722,2272
2026-09-26,word,music,1482,0,26,13335,18139
2026-09-26,word,music 1v1,364,0,4,232,294
2026-09-26,word,mx,39,0,2,1263,1960
2026-09-26,word,mystery,238,0,3,125736,355633
2026-09-26,word,mythic,594,0,3,2021,2311
2026-09-26,word,naruto,77,0,2,133,144
2026-09-26,word,natural,42,0,2,1988,2120
2026-09-26,word,neo,201,0,2,509,689
2026-09-26,word,neon,440,1,3,1694,2458
2026-09-26,word,new,3864,3,26,32548,51295
2026-09-26,word,new city,112,0,2,15,17
2026-09-26,word,new combat,46,0,2,9824,13557
2026-09-26,word,new weapons,563,0,2,7580,17802
2026-09-26,word,night,614,1,9,10208,13302
2026-09-26,word,night shift,27,0,3,9254,12186
2026-09-26,word,nightmare,167,0,5,2407,2956
2026-09-26,word,nights,145,0,7,32657,39846
2026-09-26,word,ninja,271,1,2,2003,2375
2026-09-26,word,nite,102,0,2,1109,1900
2026-09-26,word,not,149,0,2,208,309
2026-09-26,word,nuke,121,0,2,2220,3032
2026-09-26,word,obby,1505,3,17,29984,34818
2026-09-26,word,obby parkour,535,2,9,15528,18047
2026-09-26,word,off,201,1,2,11788,14199
2026-09-26,word,og,4416,5,12,16405,20456
2026-09-26,word,old,253,0,2,300,325
2026-09-26,word,omega,87,0,4,2175,2455
2026-09-26,word,one,7944,13,18,109223,145152
2026-09-26,word,one block,30,0,2,483,561
2026-09-26,word,one shot,6986,12,10,104836,139324
2026-09-26,word,oneshot,7654,12,10,104836,139324
2026-09-26,word,online,29,0,2,46,54
2026-09-26,word,only,3569,2,22,130703,176240
2026-09-26,word,only up,1069,1,21,130664,176193
2026-09-26,word,onlyup,1519,3,24,131521,177256
2026-09-26,word,op,432,0,15,27343,33906
2026-09-26,word,open,418,3,7,7229,10383
2026-09-26,word,open world,269,2,3,6759,9782
2026-09-26,word,operation,131,1,2,942,1139
2026-09-26,word,or,570,3,11,62498,85448
2026-09-26,word,or die,178,0,9,58919,81055
2026-09-26,word,order,56,0,3,349,406
2026-09-26,word,pack,27,0,3,2920,4908
2026-09-26,word,pandvil,58,0,4,198437,431664
2026-09-26,word,panic,56,0,4,262,313
2026-09-26,word,paradise,512,1,4,29880,39892
2026-09-26,word,park,549,0,5,6471,7543
2026-09-26,word,parkour,7244,28,89,325275,404539
2026-09-26,word,parkour deathrun,297,4,13,122640,150880
2026-09-26,word,parkour hard,81,2,6,8611,10296
2026-09-26,word,parkour levels,790,5,15,92729,121208
2026-09-26,word,parkour obby,68,0,2,2055,2322
2026-09-26,word,parkour باركور,41,1,2,911,1019
2026-09-26,word,part,189,0,3,385,435
2026-09-26,word,party,2357,11,107,114659,325623
2026-09-26,word,party royal,418,4,22,5143,13039
2026-09-26,word,party royale,985,3,52,80919,248380
2026-09-26,word,per,40,1,2,2561,2821
2026-09-26,word,perfect,94,0,2,684,1103
2026-09-26,word,pet,117,3,7,26945,33181
2026-09-26,word,pets,51,0,2,874,1880
2026-09-26,word,phonk,47,0,2,6741,8951
2026-09-26,word,photo,43,0,2,2154,3281
2026-09-26,word,piece,1354,3,30,1522591,3195055
2026-09-26,word,piece 1v1,68,0,5,153832,223688
2026-09-26,word,piece control,756,2,6,1285714,2843792
2026-09-26,word,piece practice,41,0,3,29948,48008
2026-09-26,word,pilars,124,0,8,15031,21110
2026-09-26,word,pilars pilers,35,0,3,1760,2025
2026-09-26,word,pilers,78,0,8,16218,22640
2026-09-26,word,pilers pilars,27,0,3,2928,3891
2026-09-26,word,pillars,3201,11,73,1395471,2106255
2026-09-26,word,pillars new,36,0,2,116,171
2026-09-26,word,pillars pilers,27,0,3,2928,3891
2026-09-26,word,pillars pillers,38,0,4,5165,6366
2026-09-26,word,pillers,134,0,9,17357,24087
2026-09-26,word,pillers pilars,48,0,2,2765,3293
2026-09-26,word,pit,3687,2,5,337165,491082
2026-09-26,word,pizza,161,0,2,196,232
2026-09-26,word,place,91,0,2,4559,10685
2026-09-26,word,plane,87,0,3,718,937
2026-09-26,word,play,210,1,3,1586,2332
2026-09-26,word,player,1301,0,2,5667,7230
2026-09-26,word,players,1774,1,10,31591,51467
2026-09-26,word,playground,298,0,6,12848,16220
2026-09-26,word,playtime,48,2,8,3434,3858
2026-09-26,word,police,65,0,2,389,562
2026-09-26,word,poppy,69,2,10,6501,7690
2026-09-26,word,poppy playtime,26,2,6,3219,3607
2026-09-26,word,power,415,0,4,1653,2014
2026-09-26,word,practice,2279,5,23,308446,477380
2026-09-26,word,practice aim,56,0,5,28550,43577
2026-09-26,word,prime,180,1,2,1480,2177
2026-09-26,word,prison,795,0,20,38191,53894
2026-09-26,word,prison escape,100,0,4,17313,25174
2026-09-26,word,pro,2052,4,21,169859,293558
2026-09-26,word,pro zone,102,0,2,83224,132821
2026-09-26,word,project,154,0,2,67,99
2026-09-26,word,prop,2668,7,7,94499,109433
2026-09-26,word,prop hunt,2599,7,7,94499,109433
2026-09-26,word,prophunt,2776,7,7,94499,109433
2026-09-26,word,protocol,42,0,2,115,159
2026-09-26,word,proximity,212,0,3,51200,167701
2026-09-26,word,proximity chat,184,0,3,51200,167701
2026-09-26,word,pt,28,0,2,605,760
2026-09-26,word,pump,1639,2,4,16966,35016
2026-09-26,word,pumps,1100,1,14,161072,284923
2026-09-26,word,pursuit,35,0,2,6276,8493
2026-09-26,word,pve,132,0,2,547,749
2026-09-26,word,pvp,11226,12,24,988193,1440356
2026-09-26,word,pvp box,208,1,2,29960,40841
2026-09-26,word,queen,42,0,2,1456,1745
2026-09-26,word,quest,110,0,2,60,79
2026-09-26,word,race,1455,6,13,4527,7718
2026-09-26,word,racing,598,3,17,2797,3241
2026-09-26,word,raft,63,0,3,4977,6866
2026-09-26,word,raft tycoon,25,0,2,4914,6779
2026-09-26,word,rage,128,1,2,69,80
2026-09-26,word,raiders,34,0,2,316,350
2026-09-26,word,rails,27,0,2,332,410
2026-09-26,word,rainbow,314,1,5,18088,23509
2026-09-26,word,ramp,1757,11,25,71698,85809
2026-09-26,word,ramp jump,53,0,5,5573,7241
2026-09-26,word,ramp survival,46,0,2,3876,4305
2026-09-26,word,rampage,70,0,2,55,69
2026-09-26,word,ranked,2931,1,10,179255,264832
2026-09-26,word,rap,60,0,6,287,328
2026-09-26,word,rapid,428,1,7,110046,211808
2026-09-26,word,rasf,140,0,3,17761,25390
2026-09-26,word,real,329,4,13,17062,24355
2026-09-26,word,realistic,1567,4,14,426313,681831
2026-09-26,word,realistic pvp,181,1,3,15313,19422
2026-09-26,word,realistic reload,55,0,2,27136,43817
2026-09-26,word,realistics,1029,0,17,497291,807595
2026-09-26,word,realistics 1v1,132,0,4,45276,93095
2026-09-26,word,red,16388,42,12,803384,1159301
2026-09-26,word,red blue,15061,40,9,782031,1128144
2026-09-26,word,reimagined,41,0,2,8209,9856
2026-09-26,word,relax,125,0,3,1229,1656
2026-09-26,word,reload,3688,3,35,639551,925004
2026-09-26,word,reload 1v1,279,0,3,13825,20798
2026-09-26,word,reload ffa,240,0,3,10865,16651
2026-09-26,word,remake,124,2,4,48039,65079
2026-09-26,word,remix,229,0,4,2453,3099
2026-09-26,word,respawn,258,0,2,1074,1335
2026-09-26,word,rewind,28,0,3,10005,13070
2026-09-26,word,rex,49,1,4,632,804
2026-09-26,word,rezon,78,0,2,314704,717187
2026-09-26,word,ride,94,2,3,1244,1828
2026-09-26,word,riders,50,0,4,1105,1328
2026-09-26,word,rides,177,0,6,29108,45580
2026-09-26,word,rng,91,0,3,332,402
2026-09-26,word,road,535,2,8,22186,28802
2026-09-26,word,robot,64,0,2,179,214
2026-09-26,word,rocket,549,1,8,4063,5468
2026-09-26,word,rocket league,76,0,2,611,700
2026-09-26,word,rockets,366,1,5,28643,36366
2026-09-26,word,rockets cars,213,1,3,28494,36196
2026-09-26,word,rogue,58,0,6,419,507
2026-09-26,word,roguelike,523,2,161,190660,266661
2026-09-26,word,roleplay,265,0,5,9014,11721
2026-09-26,word,roll,35,1,2,11541,12931
2026-09-26,word,room,2351,10,99,27435,38325
2026-09-26,word,room levels,45,0,4,1455,1643
2026-09-26,word,rooms,204,0,2,49,55
2026-09-26,word,rot,103,0,2,22198,47738
2026-09-26,word,royal,1013,4,22,5143,13039
2026-09-26,word,royale,4258,8,69,149394,340392
2026-09-26,word,rp,1503,18,43,61463,98172
2026-09-26,word,rp og,31,0,2,113,175
2026-09-26,word,rpg,158,0,3,1121,1468
2026-09-26,word,run,1345,5,11,114856,154119
2026-09-26,word,run obby,27,0,2,8680,10249
2026-09-26,word,runners,275,1,2,1080,1316
2026-09-26,word,rush,727,4,7,539,685
2026-09-26,word,rvb,1005,13,2,48500,60662
2026-09-26,word,rvb red,310,4,2,48500,60662
2026-09-26,word,s2,166,1,3,6712,10910
2026-09-26,word,samurai,138,0,2,4051,6600
2026-09-26,word,save,133,0,4,1042,1249
2026-09-26,word,says,132,0,2,180,213
2026-09-26,word,scary,142,1,7,16670,21746
2026-09-26,word,school,280,0,10,9691,14299
2026-09-26,word,scott,73,0,6,3679,4025
2026-09-26,word,scp,56,0,6,1254,1485
2026-09-26,word,scream,34,2,3,113995,154430
2026-09-26,word,scrims,1054,3,17,148324,228090
2026-09-26,word,scrims ranked,31,0,2,34620,50474
2026-09-26,word,scrims سكرمز,87,0,3,4503,7124
2026-09-26,word,season,1511,2,2,5154,6619
2026-09-26,word,secret,434,1,4,5979,8562
2026-09-26,word,secret 1v1,47,0,2,2896,4015
2026-09-26,word,seek,850,3,13,63657,75271
2026-09-26,word,seven,133,1,4,3826,13233
2026-09-26,word,shadow,334,2,5,8874,15567
2026-09-26,word,shadow rp,39,1,2,1502,2883
2026-09-26,word,shift,79,0,5,67133,85214
2026-09-26,word,shinobi,28,0,2,2783,3843
2026-09-26,word,shoot,224,2,2,3286,4316
2026-09-26,word,shop,80,0,2,585,689
2026-09-26,word,shot,7355,14,13,107346,142370
2026-09-26,word,shot parkour,74,1,3,2510,3046
2026-09-26,word,show,839,0,14,21470,34145
2026-09-26,word,show players,25,0,2,3068,3887
2026-09-26,word,showdown,658,2,2,427,589
2026-09-26,word,sidekick,71,0,7,2554,5029
2026-09-26,word,sidekicks,40,0,2,1156,1280
2026-09-26,word,siege,131,0,3,4012,4945
2026-09-26,word,simulator,642,1,12,11364,17409
2026-09-26,word,skate,64,0,2,2440,2918
2026-09-26,word,skibidi,315,0,2,220,260
2026-09-26,word,skibidi toilet,114,0,2,220,260
2026-09-26,word,skin,230,0,2,965,1278
2026-09-26,word,skins,185,1,6,27586,35734
2026-09-26,word,sky,762,0,7,3606,10706
2026-09-26,word,sky wars,109,0,2,1115,1486
2026-09-26,word,skywars,263,0,2,1115,1486
2026-09-26,word,slap,83,1,3,7982,11456
2026-09-26,word,slayer,78,0,2,496,660
2026-09-26,word,sleep,60,0,3,1411,2324
2026-09-26,word,slide,808,1,31,14342,21262
2026-09-26,word,slide chill,240,0,14,8256,12939
2026-09-26,word,sniper,2994,8,9,178149,238735
2026-09-26,word,sniper one,999,2,2,63324,84566
2026-09-26,word,soccer,265,2,10,17888,31243
2026-09-26,word,soccer football,36,0,3,12184,22706
2026-09-26,word,solo,2258,3,18,229619,353034
2026-09-26,word,solo cup,108,0,2,92588,145553
2026-09-26,word,solo endgame,82,0,2,1064,1676
2026-09-26,word,solo leveling,37,0,2,245,312
2026-09-26,word,solo scrims,193,0,4,122861,185980
2026-09-26,word,solos,159,0,3,6080,9119
2026-09-26,word,song,183,0,29,16673,18600
2026-09-26,word,songs,308,0,17,8356,11747
2026-09-26,word,sonic,67,0,6,2357,2732
2026-09-26,word,space,898,1,6,2656,3914
2026-09-26,word,spawn,64,0,2,4269,6428
2026-09-26,word,speed,1361,11,21,462583,709605
2026-09-26,word,speed keyboard,28,0,5,70381,100728
2026-09-26,word,speed run,170,1,2,399,449
2026-09-26,word,speedrun,333,4,6,4054,4794
2026-09-26,word,spider,136,1,4,3360,3871
2026-09-26,word,spiders,197,60,1,12,15
2026-09-26,word,spiders city,181,58,1,12,15
2026-09-26,word,spleef,135,0,2,232,268
2026-09-26,word,spooky,326,0,2,69,78
2026-09-26,word,sprite,144,2,12,262027,365261
2026-09-26,word,sprites,63,1,7,15626,49842
2026-09-26,word,squad,304,1,8,6807,9668
2026-09-26,word,squid,781,3,9,77380,146740
2026-09-26,word,squid game,409,1,9,77380,146740
2026-09-26,word,squishy,27,0,3,5351,6765
2026-09-26,word,stadium,207,2,3,306,361
2026-09-26,word,stage,80,0,4,487,597
2026-09-26,word,star,1289,3,49,257283,488839
2026-09-26,word,star wars,965,3,43,255289,486638
2026-09-26,word,starwars,1031,3,43,255289,486638
2026-09-26,word,steal,593,4,13,423794,1537385
2026-09-26,word,storm,570,4,12,511114,952566
2026-09-26,word,story,108,0,5,750,951
2026-09-26,word,stranger,157,0,7,1579,2171
2026-09-26,word,stranger things,119,0,6,1245,1539
2026-09-26,word,streamer,115,0,3,177,249
2026-09-26,word,street,169,1,2,700,792
2026-09-26,word,studio,139,1,4,2484,3718
2026-09-26,word,stunt,39,0,3,626,698
2026-09-26,word,summer,1027,0,10,23900,31331
2026-09-26,word,summit,52,0,2,66,86
2026-09-26,word,super,5349,14,35,484461,706270
2026-09-26,word,super 1v1,213,0,4,11523,16868
2026-09-26,word,super 1v1v1,73,0,2,6212,9686
2026-09-26,word,super pillars,87,0,3,219251,347721
2026-09-26,word,super ramp,143,3,2,42473,51369
2026-09-26,word,superhero,210,0,4,310,411
2026-09-26,word,supermarket,76,0,5,89849,104568
2026-09-26,word,survival,1207,2,73,85489,106808
2026-09-26,word,survival horror,27,0,3,282,349
2026-09-26,word,survive,465,0,15,10702,15088
2026-09-26,word,survivors,65,0,2,9,10
2026-09-26,word,switch,519,0,5,2165,3102
2026-09-26,word,tag,264,0,7,28552,42604
2026-09-26,word,tank,115,0,2,50964,66794
2026-09-26,word,tatooine,58,0,2,20,20
2026-09-26,word,team,1382,2,3,6419,7349
2026-09-26,word,test,397,0,14,503,589
2026-09-26,word,theme,87,0,2,106,116
2026-09-26,word,things,135,0,7,1352,1659
2026-09-26,word,tiktok,382,0,4,21224,28043
2026-09-26,word,tilted,5092,8,11,489407,638773
2026-09-26,word,tilted zero,26,0,2,334,427
2026-09-26,word,tilted zone,748,3,7,486057,634415
2026-09-26,word,time,344,0,4,1592,1910
2026-09-26,word,tmnt,1005,3,6,1767,2206
2026-09-26,word,together,68,0,3,1196,1342
2026-09-26,word,toilet,175,1,2,220,260
2026-09-26,word,tokyo,144,0,3,19,19
2026-09-26,word,top,336,1,4,1335,2059
2026-09-26,word,tour,83,1,4,112,141
2026-09-26,word,tournament,229,0,3,6443,10123
2026-09-26,word,tower,988,4,17,28843,40175
2026-09-26,word,tower defense,54,1,4,9364,13330
2026-09-26,word,tower tycoon,47,1,5,11043,16495
2026-09-26,word,town,594,0,9,21414,55688
2026-09-26,word,toy,125,1,3,7702,10713
2026-09-26,word,training,1630,2,21,186515,310895
2026-09-26,word,training practice,30,0,3,22911,36086
2026-09-26,word,trap,127,0,4,3323,3959
2026-09-26,word,travis,96,0,8,3692,4047
2026-09-26,word,travis scott,72,0,6,3679,4025
2026-09-26,word,treasure,80,0,2,214,344
2026-09-26,word,trick,167,2,4,2568,3111
2026-09-26,word,trick shot,109,1,3,2510,3046
2026-09-26,word,trickshot,1107,20,6,5417,6625
2026-09-26,word,trickshot parkour,494,6,3,2907,3579
2026-09-26,word,trio,342,1,15,36236,45863
2026-09-26,word,trio escape,36,0,9,2859,3449
2026-09-26,word,trio zone,58,1,2,18830,24231
2026-09-26,word,troll,229,2,3,2621,2946
2026-09-26,word,truck,74,0,2,7270,9779
2026-09-26,word,try,68,0,2,52,59
2026-09-26,word,tsunami,227,1,3,8406,14852
2026-09-26,word,tsunami brainrots,46,0,2,4198,9581
2026-09-26,word,tu,61,1,2,425,769
2026-09-26,word,tung,295,0,3,294,331
2026-09-26,word,tung tung,127,0,3,294,331
2026-09-26,word,turtle,463,1,2,27259,43010
2026-09-26,word,twdu,217,0,4,402,466
2026-09-26,word,two,99,0,3,992,1088
2026-09-26,word,tycoon,4011,8,128,479751,802273
2026-09-26,word,tycoon co,164,0,7,4049,4693
2026-09-26,word,tycoon new,62,0,3,6128,7573
2026-09-26,word,ultimate,2522,5,10,10992,16169
2026-09-26,word,ultra,1034,2,3,11580,17500
2026-09-26,word,ultra 1v1,70,0,2,10962,16765
2026-09-26,word,unc,722,2,6,39185,59486
2026-09-26,word,underworld,92,0,2,81,120
2026-09-26,word,universe,94,0,4,1154,1502
2026-09-26,word,unreal,211,1,3,5463,6425
2026-09-26,word,up,2011,5,30,392362,1939622
2026-09-26,word,up chapter,32,0,3,17817,23313
2026-09-26,word,update,766,1,7,3784,6578
2026-09-26,word,us,139,0,2,537,657
2026-09-26,word,v1,602,2,5,5928,10110
2026-09-26,word,v2,745,3,7,2825,4133
2026-09-26,word,v3,153,0,2,2883,4053
2026-09-26,word,v4,60,0,2,2622,3709
2026-09-26,word,vader,28,0,2,1585,2025
2026-09-26,word,vault,191,0,3,2686,3640
2026-09-26,word,vehicles,433,1,9,37876,58451
2026-09-26,word,verity,46,0,10,38797,48110
2026-09-26,word,version,212,0,2,155,222
2026-09-26,word,vi,78,0,4,1908,2288
2026-09-26,word,vibe,120,0,3,8685,20035
2026-09-26,word,video,33,0,3,1507,2265
2026-09-26,word,walking,46,0,2,45,52
2026-09-26,word,walls,61,0,3,1299,1491
2026-09-26,word,warmup,613,0,4,7801,10577
2026-09-26,word,wars,14849,28,125,1900809,2974688
2026-09-26,word,wars 1v1,261,1,6,109560,178633
2026-09-26,word,wars all,80,0,3,14070,18291
2026-09-26,word,wars duo,93,0,3,25972,38051
2026-09-26,word,wars endgame,51,0,4,177104,266594
2026-09-26,word,wars pvp,62,0,2,7422,13530
2026-09-26,word,wars solo,182,0,2,5672,7416
2026-09-26,word,wasteland,135,0,2,974,1307
2026-09-26,word,weapons,3654,0,10,26035,42880
2026-09-26,word,wild,425,0,2,60813,81713
2026-09-26,word,winter,1371,1,3,29308,37857
2026-09-26,word,winterfest,116,0,2,85,175
2026-09-26,word,wizard,32,0,2,344,426
2026-09-26,word,world,1419,10,22,128842,160314
2026-09-26,word,worlds,101,0,3,483,555
2026-09-26,word,wuggy,35,1,3,530,592
2026-09-26,word,you,359,0,3,824,948
2026-09-26,word,youtuber,82,0,2,4440,5959
2026-09-26,word,zb,429,1,4,1637,2763
2026-09-26,word,zero,3273,4,23,73326,146397
2026-09-26,word,zero build,2545,2,23,73326,146397
2026-09-26,word,zerobuild,2720,2,23,73326,146397
2026-09-26,word,zombie,1566,4,39,54405,74313
2026-09-26,word,zombie city,66,0,4,854,1030
2026-09-26,word,zombie escape,38,0,2,13151,19278
2026-09-26,word,zombie farm,35,0,2,6558,8166
2026-09-26,word,zombie island,53,0,2,930,1041
2026-09-26,word,zombie tycoon,29,0,2,666,810
2026-09-26,word,zombieland,49,0,2,468,561
2026-09-26,word,zombies,744,0,15,12565,16116
2026-09-26,word,zone,11352,23,55,1437704,2118782
2026-09-26,word,zone wars,9836,20,52,1430246,2107588
2026-09-26,word,zonewars,14266,24,56,1431377,2109111
2026-09-26,word,zoo,58,0,4,2855,3354
2026-09-26,word,العاصفه,47,0,8,499868,934257
2026-09-26,word,العرب,43,0,3,7843,11220
2026-09-26,word,المعرقين,132,0,4,121472,192662
2026-09-26,word,باركور,518,12,44,236518,291326
2026-09-26,word,باركور صعب,84,1,7,36791,47894
2026-09-26,word,باركور مرحلة,26,1,2,1538,1755
2026-09-26,word,بالبناء,302,0,2,1128,1598
2026-09-26,word,تحدي,44,0,4,5399,7010
2026-09-26,word,حرب,206,1,3,14857,23705
2026-09-26,word,دو,32,0,3,48259,79526
2026-09-26,word,ريلود,32,0,3,27818,44826
2026-09-26,word,سكرمز,857,1,29,725777,1292290
2026-09-26,word,سكرمز العاصفه,37,0,7,495408,927407
2026-09-26,word,سكرمز المعرقين,41,0,2,111911,169030
2026-09-26,word,صعب,100,1,8,40483,52183
2026-09-26,word,فايت,133,0,2,6709,9393
2026-09-26,word,فلسطين,49,0,2,48075,77140
2026-09-26,word,كل,32,0,2,1767,2586
2026-09-26,word,ماب,344,2,8,13449,28732
2026-09-26,word,ماب باركور,37,2,5,1891,2108
2026-09-26,word,مرحلة,43,1,5,2445,2787
2026-09-26,word,高性能,76,0,2,56007,104075
2026-09-26,word,高性能 1v1,30,0,2,56007,104075
2026-09-27,tag,,1,0,0,0,0
2026-09-27,tag,1v1,62615,246,212,3951989,7103316
2026-09-27,tag,2d,652,5,1,1430,1817
2026-09-27,tag,2v2,5743,25,45,1885585,3648644
2026-09-27,tag,3v3,2524,16,21,501877,871874
2026-09-27,tag,4v4,3627,12,13,180474,327783
2026-09-27,tag,5v5,1796,8,6,72437,170515
2026-09-27,tag,6v6,1158,4,0,0,0
2026-09-27,tag,7v7,211,1,1,0,0
2026-09-27,tag,8v8,3088,7,9,7235,8732
2026-09-27,tag,action,32000,72,96,176836,247518
2026-09-27,tag,ad,189,1,2,141,358
2026-09-27,tag,adventure,8749,82,161,464903,597852
2026-09-27,tag,aim course,2820,9,32,381219,596124
2026-09-27,tag,arcade,3072,9,8,9318,11071
2026-09-27,tag,arena,11502,42,31,181924,282437
2026-09-27,tag,artistic,2965,11,31,136567,164802
2026-09-27,tag,atmospheric,3662,13,12,8417,10110
2026-09-27,tag,attack,5937,17,10,7665,9126
2026-09-27,tag,base,2144,4,25,198279,366889
2026-09-27,tag,base building,1702,5,13,35813,42822
2026-09-27,tag,battle,23761,64,52,191434,305075
2026-09-27,tag,battle royale,9941,41,26,83067,186004
2026-09-27,tag,board game,646,3,13,14677,16908
2026-09-27,tag,boss battle,2727,18,175,215927,293231
2026-09-27,tag,boxfight,25283,55,65,3737733,6690348
2026-09-27,tag,building,34838,113,97,1344599,2689196
2026-09-27,tag,capture the flag,1813,1,2,397,560
2026-09-27,tag,card game,121,1,1,205,360
2026-09-27,tag,casual,17631,92,359,2597257,7348041
2026-09-27,tag,choices matter,513,4,7,43825,101102
2026-09-27,tag,classes,1077,2,6,53227,72630
2026-09-27,tag,clicker,239,1,4,927,1194
2026-09-27,tag,co-op,5322,19,185,236959,324666
2026-09-27,tag,collection,1172,10,18,156704,220515
2026-09-27,tag,competitive,44036,108,118,2029481,3671796
2026-09-27,tag,crafting,258,1,5,2066,2869
2026-09-27,tag,creatures,4166,50,182,525732,653972
2026-09-27,tag,deathrun,16581,101,310,938893,1204106
2026-09-27,tag,defend,1115,6,2,0,0
2026-09-27,tag,difficulty: easy,7606,10,49,61927,74055
2026-09-27,tag,difficulty: hard,2433,14,46,214519,265943
2026-09-27,tag,difficulty: impossible,1127,11,29,209559,267804
2026-09-27,tag,difficulty: medium,2473,10,13,21873,26275
2026-09-27,tag,difficulty: ultra hard,537,6,4,132,159
2026-09-27,tag,difficulty: very hard,702,5,2,450,518
2026-09-27,tag,driver simulator,4161,48,112,190116,251133
2026-09-27,tag,duo,3473,13,60,1416843,2718351
2026-09-27,tag,economy,426,8,3,4626,5985
2026-09-27,tag,edit course,3620,8,34,406978,638897
2026-09-27,tag,educational,809,3,5,724,1055
2026-09-27,tag,episodic,66,1,0,0,0
2026-09-27,tag,escape,8361,38,285,608406,827989
2026-09-27,tag,event,1226,3,51,26981,38456
2026-09-27,tag,exploration,3926,28,60,54750,84964
2026-09-27,tag,explosives,803,3,2,0,0
2026-09-27,tag,farming simulator,354,4,4,1847,2778
2026-09-27,tag,fashion,2269,1,37,43672,78429
2026-09-27,tag,fighting,13571,45,38,61524,90828
2026-09-27,tag,first person,6214,6,150,372493,507373
2026-09-27,tag,fortnitemares,993,7,7,1815,2694
2026-09-27,tag,free for all,70714,242,351,3409900,5091783
2026-09-27,tag,friendly,6416,33,57,32147,117590
2026-09-27,tag,funny,9602,34,52,80801,131244
2026-09-27,tag,gun fight,7796,24,13,23353,48554
2026-09-27,tag,gun game,12723,53,38,72422,94679
2026-09-27,tag,hardcore,580,2,1,562,736
2026-09-27,tag,heroes,2513,2,21,186038,254586
2026-09-27,tag,horror,5616,28,218,502972,629054
2026-09-27,tag,hub,475,2,2,0,0
2026-09-27,tag,infection,444,2,5,1253,1569
2026-09-27,tag,jam system,321,1,13,1289,2792
2026-09-27,tag,just for fun,60809,377,1044,6834477,13619789
2026-09-27,tag,king of the hill,602,3,3,1913,2140
2026-09-27,tag,melee,1620,6,5,3503,4723
2026-09-27,tag,memes,3001,17,24,88344,111756
2026-09-27,tag,minigame,17660,121,301,2208902,3238587
2026-09-27,tag,mining,127,1,0,0,0
2026-09-27,tag,moba,140,1,1,0,0
2026-09-27,tag,moving,939,2,5,43732,58806
2026-09-27,tag,music,2768,31,158,82157,102555
2026-09-27,tag,mystery,1413,3,20,27582,35118
2026-09-27,tag,nonlinear,71,0,0,0,0
2026-09-27,tag,objective,1488,47,21,5725,6532
2026-09-27,tag,one in the chamber,376,0,0,0,0
2026-09-27,tag,one life,1019,4,2,125,390
2026-09-27,tag,one shot,8673,57,35,259799,336102
2026-09-27,tag,open world,7787,71,221,472104,728814
2026-09-27,tag,parkour,17621,101,248,886295,1127183
2026-09-27,tag,party game,14568,58,416,2415974,3975878
2026-09-27,tag,party world,2328,10,53,118066,334373
2026-09-27,tag,patchwork,78,1,0,0,0
2026-09-27,tag,peaceful,1921,9,8,3653,4755
2026-09-27,tag,physics,369,0,11,17581,21876
2026-09-27,tag,pinball,64,0,0,0,0
2026-09-27,tag,pixel art,87,0,1,28,32
2026-09-27,tag,platformer,1417,13,37,134474,162599
2026-09-27,tag,point capture,1099,2,2,499,646
2026-09-27,tag,practice,59408,162,299,8564514,14564082
2026-09-27,tag,prop,647,3,3,1959,2191
2026-09-27,tag,prop hunt,3321,15,44,172736,197777
2026-09-27,tag,puzzle,2176,8,41,31341,36232
2026-09-27,tag,pve,5544,17,237,267842,356823
2026-09-27,tag,pvp,66430,212,368,7925077,12278805
2026-09-27,tag,quiz,927,3,14,22701,25920
2026-09-27,tag,race,10817,124,240,568018,782820
2026-09-27,tag,respawn,8765,30,29,631188,932040
2026-09-27,tag,retro,214,1,1,0,0
2026-09-27,tag,roguelike,1231,6,193,214599,299421
2026-09-27,tag,role playing,5721,36,198,776256,1591941
2026-09-27,tag,rounds,3068,10,10,25177,32147
2026-09-27,tag,rpg,1003,16,24,70993,91064
2026-09-27,tag,runner,1546,4,8,19755,23983
2026-09-27,tag,sandbox,995,4,24,36845,75450
2026-09-27,tag,search & destroy,535,0,2,13863,56495
2026-09-27,tag,seasonal,520,1,4,47,62
2026-09-27,tag,secrets,1160,2,9,6377,10583
2026-09-27,tag,sequel,60,0,0,0,0
2026-09-27,tag,series,402,1,0,0,0
2026-09-27,tag,shooter,7606,132,41,691995,1013977
2026-09-27,tag,shop,144,1,0,0,0
2026-09-27,tag,show,558,1,14,996,1836
2026-09-27,tag,side scroller,153,1,0,0,0
2026-09-27,tag,simulator,6381,70,271,2130609,6452002
2026-09-27,tag,single player,1841,3,12,4010,17616
2026-09-27,tag,skills,2025,19,8,44980,60008
2026-09-27,tag,sniper,4555,14,17,230487,298530
2026-09-27,tag,solo,6919,12,19,196837,336038
2026-09-27,tag,space,435,1,3,871,1074
2026-09-27,tag,sports,2212,10,66,137727,174315
2026-09-27,tag,squad,1301,5,4,30415,74185
2026-09-27,tag,stealth,633,5,5,3102,5285
2026-09-27,tag,story,1326,4,29,17992,21020
2026-09-27,tag,strategy,3176,51,65,106249,186175
2026-09-27,tag,survival,6413,64,197,286705,477151
2026-09-27,tag,survival horror,4107,31,222,680218,1066340
2026-09-27,tag,team deathmatch,21869,86,67,916916,1340299
2026-09-27,tag,teams,6468,30,15,36977,133895
2026-09-27,tag,timed,1083,3,5,10742,12516
2026-09-27,tag,top-down,226,0,0,0,0
2026-09-27,tag,tower defense,264,1,3,6175,7250
2026-09-27,tag,training,8198,24,41,605843,1117006
2026-09-27,tag,trios,904,2,24,275695,505675
2026-09-27,tag,trivia,225,2,2,1370,1790
2026-09-27,tag,turn-based,173,0,2,1733,2156
2026-09-27,tag,tutorial,224,0,1,287,890
2026-09-27,tag,tycoon,6825,69,277,2232488,6685078
2026-09-27,tag,unbalanced teams,386,1,0,0,0
2026-09-27,tag,visual novel,60,0,1,693,844
2026-09-27,tag,winterfest,946,1,5,999,1165
2026-09-27,tag,word games,94,2,0,0,0
2026-09-27,tag,zonewars,23866,56,138,3722685,5806899
2026-09-27,word,1v1,43328,157,165,3352892,6204163
2026-09-27,word,1v1 1v1,127,0,3,30869,46430
2026-09-27,word,1v1 2v2,171,1,2,12865,18775
2026-09-27,word,1v1 4v4,430,2,11,199318,369182
2026-09-27,word,1v1 aim,56,1,2,8850,16792
2026-09-27,word,1v1 all,659,1,9,88142,137952
2026-09-27,word,1v1 build,9488,37,36,803603,1742157
2026-09-27,word,1v1 every,401,3,3,403223,615240
2026-09-27,word,1v1 ffa,1002,3,11,66241,99044
2026-09-27,word,1v1 free,250,1,2,11102,16258
2026-09-27,word,1v1 map,2828,10,3,73934,121499
2026-09-27,word,1v1 music,237,0,4,4211,8838
2026-09-27,word,1v1 practice,205,0,2,119338,179143
2026-09-27,word,1v1 pvp,202,0,2,2413,3281
2026-09-27,word,1v1 reload,133,0,2,3135,5285
2026-09-27,word,1v1v1,4443,12,22,491726,706889
2026-09-27,word,1v1v1 1v1,150,0,2,17042,26065
2026-09-27,word,1v1v1 all,52,1,2,16852,20557
2026-09-27,word,1v1v1 reload,1269,2,8,418844,603714
2026-09-27,word,1v2,159,1,2,58824,72948
2026-09-27,word,1vs1,1830,6,3,7406,10633
2026-09-27,word,1vs1 1vs1,52,0,2,7406,10633
2026-09-27,word,2v1,163,0,2,58824,72948
2026-09-27,word,2v2,1832,9,16,1329629,2733049
2026-09-27,word,2v2v2,146,0,4,70117,111413
2026-09-27,word,2v3,42,0,2,11893,14845
2026-09-27,word,3v3,653,5,9,408802,741566
2026-09-27,word,4v4,933,5,14,259625,494858
2026-09-27,word,adventure,490,6,32,90974,114688
2026-09-27,word,agent,71,0,2,809,998
2026-09-27,word,ai,119,0,2,250,302
2026-09-27,word,aim,1377,4,28,273229,407366
2026-09-27,word,aim edit,402,2,19,219514,321751
2026-09-27,word,aim piece,108,1,5,38632,64731
2026-09-27,word,aim training,157,0,2,11590,16250
2026-09-27,word,airport,54,1,3,12551,16464
2026-09-27,word,all,8865,15,47,526065,769036
2026-09-27,word,all guns,1538,7,25,159550,244736
2026-09-27,word,all skins,53,0,6,22733,29143
2026-09-27,word,all vehicles,48,0,2,1116,1378
2026-09-27,word,all weapons,1879,0,3,16001,22018
2026-09-27,word,allguns,1600,15,25,159550,244736
2026-09-27,word,am,83,0,5,483450,631324
2026-09-27,word,amazing,262,2,5,3352,4023
2026-09-27,word,among,118,0,2,521,637
2026-09-27,word,among us,92,0,2,521,637
2026-09-27,word,animal,107,0,7,19289,23157
2026-09-27,word,animals,45,2,6,29979,45310
2026-09-27,word,anime,251,0,3,4062,5920
2026-09-27,word,anomalies,29,0,8,6459,8046
2026-09-27,word,anomaly,49,0,4,16821,20053
2026-09-27,word,apocalypse,157,1,3,13187,19940
2026-09-27,word,arcade,162,0,2,0,0
2026-09-27,word,area,149,0,2,135,165
2026-09-27,word,arena,3635,11,12,31868,42378
2026-09-27,word,arenas,68,0,2,48298,117515
2026-09-27,word,asmr,68,4,10,49580,62601
2026-09-27,word,astro,60,0,2,3529,3855
2026-09-27,word,at,291,4,6,5151,6194
2026-09-27,word,aura,257,5,7,22111,34605
2026-09-27,word,auto,119,0,4,1240,1435
2026-09-27,word,backroom,48,1,3,23,28
2026-09-27,word,backrooms,518,1,24,66102,84002
2026-09-27,word,backrooms escape,31,0,3,588,731
2026-09-27,word,ball,292,1,2,1247,2270
2026-09-27,word,bank,201,1,8,37225,57977
2026-09-27,word,bank heist,56,0,2,15604,25660
2026-09-27,word,barcelona,45,0,2,42,50
2026-09-27,word,barry,50,1,5,26813,30062
2026-09-27,word,basketball,105,0,3,2141,2801
2026-09-27,word,battle,4125,19,33,64050,79401
2026-09-27,word,battle car,33,3,7,2539,2860
2026-09-27,word,battle lab,32,0,7,16534,20592
2026-09-27,word,battle royale,1036,2,4,4677,5968
2026-09-27,word,battlegrounds,113,0,2,2508,3999
2026-09-27,word,battles,299,0,3,4408,5495
2026-09-27,word,be,159,3,9,23830,30685
2026-09-27,word,beat,50,0,2,5935,11164
2026-09-27,word,become,54,0,2,1878,2599
2026-09-27,word,bed,406,0,12,167463,316209
2026-09-27,word,bed wars,372,0,12,167463,316209
2026-09-27,word,bedwars,617,1,15,189870,356626
2026-09-27,word,best,1599,2,18,40972,59148
2026-09-27,word,best 1v1,334,1,3,8544,11874
2026-09-27,word,best music,131,0,3,7389,10632
2026-09-27,word,best slide,105,0,3,2561,4279
2026-09-27,word,better,81,0,3,773,1074
2026-09-27,word,big,573,1,6,17878,22261
2026-09-27,word,bike,264,0,4,9831,12556
2026-09-27,word,bios,59,0,3,19826,25441
2026-09-27,word,blade,101,0,2,1247,2270
2026-09-27,word,blind,73,0,5,232,256
2026-09-27,word,blind test,41,0,5,232,256
2026-09-27,word,blitz,351,2,3,26,30
2026-09-27,word,block,628,0,25,93394,134146
2026-09-27,word,block pillars,30,0,2,45092,61488
2026-09-27,word,blocks,335,0,13,21185,33014
2026-09-27,word,blocks cover,96,0,6,28,33
2026-09-27,word,blue,16133,88,40,827252,1184370
2026-09-27,word,blue chaos,33,0,2,229,251
2026-09-27,word,blue star,41,0,2,8045,9529
2026-09-27,word,board,47,0,3,5667,6303
2026-09-27,word,board game,26,0,3,5667,6303
2026-09-27,word,bomb,118,1,3,2636,3193
2026-09-27,word,boss,604,7,40,41072,50976
2026-09-27,word,boss battle,70,1,2,2316,2561
2026-09-27,word,boss fight,194,0,22,12315,14849
2026-09-27,word,boss survival,26,0,9,20375,25840
2026-09-27,word,bossfight,335,0,28,28969,37216
2026-09-27,word,bot,603,1,4,11529,16209
2026-09-27,word,bots,1214,2,16,25221,35350
2026-09-27,word,bots royale,126,0,4,1530,1987
2026-09-27,word,box,14002,28,29,1507857,2369084
2026-09-27,word,box fight,3684,10,2,3043,3821
2026-09-27,word,box fights,2172,5,14,592820,1025665
2026-09-27,word,box pvp,6752,10,13,1160657,1673389
2026-09-27,word,boxfight,6215,17,2,3043,3821
2026-09-27,word,boxfights,4544,8,22,664765,1190447
2026-09-27,word,boxpvp,7037,11,13,1160657,1673389
2026-09-27,word,boy,54,0,2,0,0
2026-09-27,word,brain,83,1,2,0,0
2026-09-27,word,brainrot,3109,10,46,712973,2951077
2026-09-27,word,brainrot ffa,47,0,2,8370,11628
2026-09-27,word,brainrots,734,7,45,294505,1743429
2026-09-27,word,brainrots tycoon,76,0,2,4330,6963
2026-09-27,word,break,152,1,3,8675,10657
2026-09-27,word,breakout,69,1,3,2049,3971
2026-09-27,word,brick,538,2,12,27418,31685
2026-09-27,word,bricks,103,0,2,6856,7934
2026-09-27,word,bridge,328,1,9,17330,19578
2026-09-27,word,brr,33,0,2,500,570
2026-09-27,word,build,16831,64,73,1043088,2183543
2026-09-27,word,build 1v1,171,0,2,20758,43182
2026-09-27,word,build ffa,173,0,2,11102,16258
2026-09-27,word,build fight,5646,22,11,376437,859291
2026-09-27,word,build fights,5732,18,29,509825,1034421
2026-09-27,word,buildfight,7195,27,12,377944,861344
2026-09-27,word,buildfights,6454,24,29,509825,1034421
2026-09-27,word,building,280,2,2,110474,173280
2026-09-27,word,bumper,79,0,4,3104,3957
2026-09-27,word,bumper cars,58,0,4,3104,3957
2026-09-27,word,bunker,106,0,3,7257,8973
2026-09-27,word,but,104,0,2,539,673
2026-09-27,word,button,241,1,4,22435,32728
2026-09-27,word,cache,176,1,5,4602,5190
2026-09-27,word,cache cache,168,1,5,4602,5190
2026-09-27,word,can,190,0,2,4517,5979
2026-09-27,word,capture,869,0,2,1693,2168
2026-09-27,word,car,2018,50,55,63710,74983
2026-09-27,word,car drive,133,0,13,15807,18315
2026-09-27,word,car game,658,37,27,12146,13804
2026-09-27,word,car parkour,62,1,3,6081,6984
2026-09-27,word,car race,61,2,2,1404,1568
2026-09-27,word,card,46,0,4,10892,21690
2026-09-27,word,carros,59,4,2,0,0
2026-09-27,word,cars,1877,9,30,87825,112127
2026-09-27,word,cars car,81,3,2,0,0
2026-09-27,word,cars ffa,38,0,2,444,586
2026-09-27,word,cars mega,94,0,2,923,1088
2026-09-27,word,cars ramp,26,0,3,8079,9462
2026-09-27,word,caseoh,35,0,2,0,0
2026-09-27,word,cash,150,1,3,233942,318761
2026-09-27,word,cat,168,2,8,10051,12346
2026-09-27,word,ch1,45,0,2,136,163
2026-09-27,word,chained,45,0,3,14256,16932
2026-09-27,word,chained together,37,0,3,14256,16932
2026-09-27,word,challenge,447,1,5,6613,8012
2026-09-27,word,chameleon,46,0,5,44956,50925
2026-09-27,word,champions,240,0,3,564,634
2026-09-27,word,chaos,1217,10,10,43033,51829
2026-09-27,word,chapter,2499,4,37,174196,244012
2026-09-27,word,chapter late,33,0,3,67070,91802
2026-09-27,word,chapter og,39,0,2,1095,1568
2026-09-27,word,chapter season,372,0,5,7612,9316
2026-09-27,word,chat,276,0,5,51831,168677
2026-09-27,word,checkpoints,54,1,2,1935,2368
2026-09-27,word,cheese,44,1,2,12,12
2026-09-27,word,chill,1548,5,13,15113,21629
2026-09-27,word,chill guy,174,0,2,6600,8488
2026-09-27,word,chill slide,55,0,2,513,702
2026-09-27,word,christmas,1460,1,6,813,942
2026-09-27,word,circle,166,1,2,5347,7701
2026-09-27,word,circuit,168,0,3,1260,1393
2026-09-27,word,circus,58,1,5,1978,2372
2026-09-27,word,city,4076,98,85,196218,276687
2026-09-27,word,city car,113,1,7,1920,2353
2026-09-27,word,city drive,179,2,5,2804,3421
2026-09-27,word,city ffa,252,2,2,497,637
2026-09-27,word,city mc,135,30,3,0,0
2026-09-27,word,city rp,116,1,4,15973,22978
2026-09-27,word,cizzorz,68,0,4,46515,63592
2026-09-27,word,cizzorz deathrun,46,0,3,44210,60684
2026-09-27,word,click,39,2,8,15160,23629
2026-09-27,word,clicker,59,1,2,11,14
2026-09-27,word,climb,230,3,3,2527,3203
2026-09-27,word,club,268,2,3,5933,12398
2026-09-27,word,clutch,212,2,6,79654,102242
2026-09-27,word,co,326,0,13,25615,32134
2026-09-27,word,co op,316,0,13,25615,32134
2026-09-27,word,coin,282,0,2,30,37
2026-09-27,word,cold,85,1,2,6353,57840
2026-09-27,word,color,709,1,14,12946,15663
2026-09-27,word,color switch,317,0,5,3283,4474
2026-09-27,word,colour,42,1,2,690,823
2026-09-27,word,combat,499,0,5,17144,23375
2026-09-27,word,concert,142,0,18,10646,12487
2026-09-27,word,contest,82,0,2,1727,3361
2026-09-27,word,control,941,7,8,1290945,2851376
2026-09-27,word,control practice,52,1,2,8850,16792
2026-09-27,word,cool,156,7,2,0,0
2026-09-27,word,coop,371,0,13,25615,32134
2026-09-27,word,correct,151,0,3,11245,12904
2026-09-27,word,cover,110,0,7,487,547
2026-09-27,word,cowboy,35,0,4,939,1038
2026-09-27,word,crash,205,3,2,3566,4513
2026-09-27,word,crazy,4088,18,20,313600,450473
2026-09-27,word,crazy car,26,2,2,4883,5675
2026-09-27,word,crime,108,0,2,1696,2014
2026-09-27,word,criminal,28,0,2,2979,4460
2026-09-27,word,crosshair,216,0,4,15926,21291
2026-09-27,word,cube,338,0,2,3382,3613
2026-09-27,word,cup,859,2,11,206239,316276
2026-09-27,word,cup zone,122,0,3,179592,274914
2026-09-27,word,custom,613,4,4,4333,5530
2026-09-27,word,dance,104,2,2,66,89
2026-09-27,word,dark,402,1,4,1557,2291
2026-09-27,word,dash,149,2,2,1031,1211
2026-09-27,word,days,258,0,5,2594,3531
2026-09-27,word,dead,292,2,3,8733,11523
2026-09-27,word,death,548,2,5,10122,11794
2026-09-27,word,death run,259,1,3,10037,11687
2026-09-27,word,death star,33,0,2,85,107
2026-09-27,word,deathmatch,856,0,3,10018,13122
2026-09-27,word,deathrun,4984,42,52,267467,331998
2026-09-27,word,deathrun parkour,325,1,11,40621,47463
2026-09-27,word,deathrun remake,27,1,6,49615,66908
2026-09-27,word,deathrun باركور,42,7,7,120598,148216
2026-09-27,word,default,1085,0,10,25483,28809
2026-09-27,word,default deathrun,323,0,4,20525,23177
2026-09-27,word,default parkour,527,0,3,2934,3288
2026-09-27,word,defend,55,1,3,6749,8677
2026-09-27,word,defense,165,1,8,14105,19538
2026-09-27,word,demon,348,1,9,17878,22710
2026-09-27,word,demon hunters,140,0,7,13796,17102
2026-09-27,word,desert,1214,2,17,77037,92914
2026-09-27,word,desert drive,41,0,4,1306,1549
2026-09-27,word,desert zone,171,0,4,59495,70936
2026-09-27,word,destroy,180,0,2,117083,143784
2026-09-27,word,diamond,292,0,2,752,940
2026-09-27,word,die,246,1,11,69806,95173
2026-09-27,word,dig,44,2,7,8179,9524
2026-09-27,word,digital,34,0,2,1529,1872
2026-09-27,word,dino,131,3,6,10169,14954
2026-09-27,word,dinosaur,47,0,3,2387,2717
2026-09-27,word,dirt,168,0,3,3492,4192
2026-09-27,word,dirt bike,118,0,3,3492,4192
2026-09-27,word,dirtbike,144,0,3,3492,4192
2026-09-27,word,don,294,1,7,14587,17804
2026-09-27,word,don fall,95,0,3,1705,2001
2026-09-27,word,doors,73,0,5,2397,2977
2026-09-27,word,down,293,1,2,5983,7086
2026-09-27,word,dragon,288,0,9,3765,4708
2026-09-27,word,dream,144,1,2,218,236
2026-09-27,word,drift,336,1,4,4673,6604
2026-09-27,word,drive,2470,54,95,157704,213695
2026-09-27,word,drive auto,32,0,3,1240,1435
2026-09-27,word,drive car,37,2,2,1403,1571
2026-09-27,word,drive city,229,7,16,17762,23714
2026-09-27,word,drive ffa,299,0,3,23602,38719
2026-09-27,word,driver,191,0,4,961,1347
2026-09-27,word,driving,535,8,8,23459,26992
2026-09-27,word,driving ffa,51,2,2,4749,5508
2026-09-27,word,drop,265,0,2,4984,5605
2026-09-27,word,dropper,182,5,3,6165,6531
2026-09-27,word,dungeon,135,0,3,448,671
2026-09-27,word,duo,1434,11,44,504212,803412
2026-09-27,word,duo escape,223,0,20,6564,7026
2026-09-27,word,duo zone,136,2,4,11578,18329
2026-09-27,word,duos,481,2,7,26361,35169
2026-09-27,word,easy,2472,18,18,40973,50792
2026-09-27,word,easy deathrun,401,0,3,6456,9137
2026-09-27,word,edit,3153,9,37,370274,541958
2026-09-27,word,edit aim,151,0,3,29782,47939
2026-09-27,word,edit piece,319,2,16,216311,317298
2026-09-27,word,edit wars,461,3,6,25521,34434
2026-09-27,word,edition,727,2,6,1235,1398
2026-09-27,word,egg,178,3,13,44765,66382
2026-09-27,word,eggs,52,8,9,116845,236777
2026-09-27,word,elevator,30,0,3,4964,6016
2026-09-27,word,elite,270,8,4,19232,36752
2026-09-27,word,empire,166,1,3,4419,5403
2026-09-27,word,empire tycoon,39,0,2,4133,5068
2026-09-27,word,end,376,0,2,277,521
2026-09-27,word,endgame,864,2,21,307467,460517
2026-09-27,word,endless,384,2,2,4234,5733
2026-09-27,word,escape,5181,30,223,335730,451574
2026-09-27,word,escape from,268,0,12,10099,13184
2026-09-27,word,escape game,89,0,2,118,119
2026-09-27,word,escape horror,68,1,3,1995,2305
2026-09-27,word,escape prison,40,0,3,7434,8550
2026-09-27,word,escape roguelike,88,1,38,97280,133839
2026-09-27,word,escape room,1934,17,77,23110,25324
2026-09-27,word,escape rooms,76,0,2,37,36
2026-09-27,word,escape tsunami,84,1,2,8389,14827
2026-09-27,word,escondite,91,1,4,838,991
2026-09-27,word,event,445,0,34,22825,27870
2026-09-27,word,events,168,1,10,9976,11721
2026-09-27,word,every,982,5,9,413554,629319
2026-09-27,word,every gun,679,3,5,412599,628244
2026-09-27,word,every second,34,0,2,955,1075
2026-09-27,word,evil,125,0,7,1881,2284
2026-09-27,word,evolution,72,0,6,18621,23599
2026-09-27,word,experience,97,0,2,22677,31776
2026-09-27,word,extreme,651,7,3,930,1049
2026-09-27,word,factory,226,1,2,1143,1463
2026-09-27,word,factory tycoon,37,0,2,1143,1463
2026-09-27,word,fall,1403,1,20,58566,67805
2026-09-27,word,fall guys,959,0,13,53610,61403
2026-09-27,word,fallguys,1024,0,13,53610,61403
2026-09-27,word,family,84,1,5,3664,4666
2026-09-27,word,fantasy,85,0,2,2972,9616
2026-09-27,word,farm,588,3,10,10297,13402
2026-09-27,word,fashion,849,1,12,28748,48530
2026-09-27,word,fashion show,719,1,11,28210,47760
2026-09-27,word,fast,642,1,3,1361,1905
2026-09-27,word,femboy,32,0,5,13604,16174
2026-09-27,word,festival,100,2,3,2346,3462
2026-09-27,word,ffa,13013,36,64,429713,611810
2026-09-27,word,ffa 1v1,228,1,2,15157,19876
2026-09-27,word,ffa all,652,2,8,59240,89409
2026-09-27,word,ffa zone,55,0,2,738,786
2026-09-27,word,ffl,58,0,3,0,0
2026-09-27,word,fight,11983,45,42,574557,1896964
2026-09-27,word,fight ffa,203,1,2,0,0
2026-09-27,word,fight zone,147,0,2,3043,3821
2026-09-27,word,fighter,56,0,2,2316,2561
2026-09-27,word,fighting,129,6,3,2706,3213
2026-09-27,word,fights,8806,25,47,1131255,2106344
2026-09-27,word,fights 1v1,284,0,2,47390,85222
2026-09-27,word,fights box,28,0,3,201798,271552
2026-09-27,word,fights ffa,301,1,2,30722,48134
2026-09-27,word,fights pumps,519,2,12,118192,226821
2026-09-27,word,final,408,1,3,6971,10576
2026-09-27,word,finale,47,0,2,3834,4854
2026-09-27,word,find,355,1,2,1964,2153
2026-09-27,word,finest,34,0,8,382152,614432
2026-09-27,word,finishers,49,0,2,9429,20995
2026-09-27,word,fire,322,2,4,1021,1221
2026-09-27,word,first,2607,1,2,1201,1372
2026-09-27,word,first person,2471,0,2,1201,1372
2026-09-27,word,fish,210,1,4,18302,32643
2026-09-27,word,flash,68,0,2,356,533
2026-09-27,word,floor,467,4,5,6477,8243
2026-09-27,word,floor lava,328,1,5,6477,8243
2026-09-27,word,fn,196,2,3,4370,6110
2026-09-27,word,fnaf,324,1,24,32356,40824
2026-09-27,word,food,194,1,3,653,772
2026-09-27,word,football,539,1,14,62957,91169
2026-09-27,word,force,74,0,2,31,37
2026-09-27,word,forest,509,2,13,16783,22020
2026-09-27,word,formula,44,0,10,1198,1436
2026-09-27,word,formula racing,29,0,10,1198,1436
2026-09-27,word,fort,344,1,7,9500,16197
2026-09-27,word,fortnite,1173,1,12,100923,148039
2026-09-27,word,fortography,99,0,2,3167,4968
2026-09-27,word,fr,84,0,2,466,655
2026-09-27,word,freddy,83,1,3,538,652
2026-09-27,word,free,6257,17,18,469768,692490
2026-09-27,word,free all,4735,7,8,324982,469725
2026-09-27,word,free build,956,5,7,34238,49394
2026-09-27,word,free building,112,2,2,110474,173280
2026-09-27,word,freebuild,3291,15,14,79981,118423
2026-09-27,word,freebuilding,138,2,2,110474,173280
2026-09-27,word,freestyle,38,0,4,5414,6343
2026-09-27,word,frenzy,212,0,2,15878,97792
2026-09-27,word,friday,32,0,3,2910,3778
2026-09-27,word,friends,134,2,2,993,1070
2026-09-27,word,from,387,1,15,11000,14277
2026-09-27,word,from prison,29,0,2,7873,10792
2026-09-27,word,frost,57,0,2,54,60
2026-09-27,word,ft,40,0,2,64,81
2026-09-27,word,fun,1343,6,13,40507,47213
2026-09-27,word,galactic,248,3,4,4599,5759
2026-09-27,word,galaxy,642,1,3,605,760
2026-09-27,word,game,12528,116,86,282657,429505
2026-09-27,word,game mc,28,28,0,0,0
2026-09-27,word,game one,2184,4,8,7036,9241
2026-09-27,word,game parkour,35,0,2,842,962
2026-09-27,word,game 문어,41,0,2,2311,3247
2026-09-27,word,games,943,4,4,190,248
2026-09-27,word,garden,147,1,7,268543,320533
2026-09-27,word,get,185,1,5,13653,15332
2026-09-27,word,ghost,251,1,5,10490,16604
2026-09-27,word,giant,186,1,3,1258,1495
2026-09-27,word,giga,70,0,2,974,1159
2026-09-27,word,glass,238,0,8,16329,18333
2026-09-27,word,glass bridge,121,0,8,16329,18333
2026-09-27,word,go,862,3,10,759024,2478161
2026-09-27,word,go goated,353,1,4,537274,867217
2026-09-27,word,go up,44,0,2,209487,1594578
2026-09-27,word,goated,645,3,8,570317,915127
2026-09-27,word,god,144,0,2,2144,2508
2026-09-27,word,godzilla,189,0,5,4416,5180
2026-09-27,word,golf,58,0,4,6026,7354
2026-09-27,word,gorilla,57,0,2,1283,1356
2026-09-27,word,got,28,3,2,626,864
2026-09-27,word,grand,477,8,8,12316,19245
2026-09-27,word,grand drive,91,2,6,3919,4668
2026-09-27,word,granny,32,0,6,3715,4481
2026-09-27,word,green,991,6,3,169,187
2026-09-27,word,grow,58,1,4,219223,528626
2026-09-27,word,guess,1007,1,35,35980,40372
2026-09-27,word,guess correct,121,0,3,11245,12904
2026-09-27,word,guess logo,337,0,4,1896,2138
2026-09-27,word,guess song,75,0,18,6695,7295
2026-09-27,word,gun,10474,69,36,483702,721744
2026-09-27,word,gun game,9130,66,30,69553,91628
2026-09-27,word,gungame,10054,74,30,69553,91628
2026-09-27,word,guns,2276,11,26,159550,244736
2026-09-27,word,guns ffa,121,0,3,9657,15952
2026-09-27,word,guns rides,153,0,7,26454,41061
2026-09-27,word,guns vehicles,189,2,2,35340,54963
2026-09-27,word,guy,214,0,2,6600,8488
2026-09-27,word,guy pillars,30,0,2,6600,8488
2026-09-27,word,guys,1087,0,14,60030,69329
2026-09-27,word,guys obby,88,0,2,28505,32182
2026-09-27,word,gym,54,0,3,4145,5218
2026-09-27,word,hacker,27,0,2,2682,3323
2026-09-27,word,halloween,1018,4,9,5170,5960
2026-09-27,word,halloween escape,34,0,2,348,378
2026-09-27,word,hard,1192,24,39,205619,256363
2026-09-27,word,hard deathrun,187,3,8,9037,10826
2026-09-27,word,hard parkour,328,12,20,174643,218432
2026-09-27,word,havoc,144,0,3,6707,9394
2026-09-27,word,heist,277,2,18,42860,63816
2026-09-27,word,hello,49,0,2,814,1007
2026-09-27,word,hero,609,0,6,1958,2641
2026-09-27,word,heroes,491,0,8,22532,30894
2026-09-27,word,hide,911,5,29,134325,169293
2026-09-27,word,hide seek,818,4,27,83749,97991
2026-09-27,word,high,273,0,4,5377,9025
2026-09-27,word,high iq,31,0,3,1079,1231
2026-09-27,word,home,137,1,2,1968,2221
2026-09-27,word,hood,159,1,13,30092,68011
2026-09-27,word,horde,109,1,3,216,274
2026-09-27,word,horror,2431,9,144,439701,558981
2026-09-27,word,hospital,100,0,9,18029,21543
2026-09-27,word,hotel,243,0,8,10562,13813
2026-09-27,word,house,651,3,9,64179,100687
2026-09-27,word,house prop,70,1,3,2305,2446
2026-09-27,word,huggy,63,1,3,462,554
2026-09-27,word,hunt,3166,13,38,123854,142511
2026-09-27,word,hunt hide,41,0,6,7332,8069
2026-09-27,word,hunter,202,0,3,1675,2019
2026-09-27,word,hunters,352,1,10,14658,18269
2026-09-27,word,hyper,185,1,2,9002,14274
2026-09-27,word,impossible,743,6,4,495,521
2026-09-27,word,impostor,26,0,2,20608,30707
2026-09-27,word,infinite,1423,4,18,49541,75934
2026-09-27,word,infinite box,124,0,2,15002,22900
2026-09-27,word,infinity,424,0,4,15966,22761
2026-09-27,word,insane,996,5,4,2487,2885
2026-09-27,word,into,66,0,2,6909,8280
2026-09-27,word,io,104,0,6,9120,12657
2026-09-27,word,iq,362,3,7,1166,1323
2026-09-27,word,iq escape,191,2,6,1166,1323
2026-09-27,word,ishowspeed,61,0,4,4944,5738
2026-09-27,word,island,3085,6,15,6733,7721
2026-09-27,word,jackson,43,1,9,10533,12529
2026-09-27,word,jam,164,0,6,239,383
2026-09-27,word,jojo,25,0,2,1977,2638
2026-09-27,word,juice,85,0,2,26,34
2026-09-27,word,juice wrld,61,0,2,26,34
2026-09-27,word,jujutsu,74,0,2,2003,2582
2026-09-27,word,jump,489,2,20,123346,239826
2026-09-27,word,jungle,491,2,2,83,106
2026-09-27,word,jurassic,101,0,5,4311,5552
2026-09-27,word,kart,32,1,2,221,231
2026-09-27,word,keyboard,196,2,12,96263,133401
2026-09-27,word,keyboard escape,31,1,4,61587,90385
2026-09-27,word,kick,54,0,5,27707,54951
2026-09-27,word,king,738,5,2,764,1778
2026-09-27,word,knight,68,0,2,748,1167
2026-09-27,word,knockback,70,1,2,588,659
2026-09-27,word,ko,38,2,3,83,106
2026-09-27,word,kpop,593,1,11,27268,36621
2026-09-27,word,kpop demon,134,0,4,6979,9412
2026-09-27,word,lab,161,1,8,16534,20592
2026-09-27,word,lake,131,0,3,2789,3385
2026-09-27,word,land,258,0,2,335,386
2026-09-27,word,last,678,8,11,519106,973272
2026-09-27,word,last storm,162,5,7,518657,972741
2026-09-27,word,late,734,5,8,105123,154570
2026-09-27,word,late game,675,4,6,105123,154570
2026-09-27,word,lategame,842,4,7,107778,157913
2026-09-27,word,lava,1094,1,9,9750,13794
2026-09-27,word,league,294,0,5,15565,22254
2026-09-27,word,legend,107,1,4,2102,3056
2026-09-27,word,legends,254,1,3,228727,312326
2026-09-27,word,level,2017,16,23,36064,41539
2026-09-27,word,level default,107,0,3,18854,21103
2026-09-27,word,level easy,163,1,3,1726,2090
2026-09-27,word,level escape,117,4,4,14,14
2026-09-27,word,level hard,94,2,2,3406,3588
2026-09-27,word,level parkour,139,0,3,3860,5154
2026-09-27,word,leveling,40,0,3,2927,4552
2026-09-27,word,levels,2252,31,29,127324,164292
2026-09-27,word,levels باركور,41,1,5,35308,46104
2026-09-27,word,life,304,4,14,6308,10575
2026-09-27,word,live,223,0,20,10219,11933
2026-09-27,word,live event,125,0,16,5320,6574
2026-09-27,word,loadout,142,1,2,19876,28803
2026-09-27,word,logo,497,0,5,1896,2138
2026-09-27,word,loot,435,3,4,13724,17047
2026-09-27,word,los,103,0,3,16053,18746
2026-09-27,word,lose,30,0,2,432,480
2026-09-27,word,lost,242,1,5,2209,3155
2026-09-27,word,love,173,1,2,113,114
2026-09-27,word,lucky,518,1,26,138354,220583
2026-09-27,word,lucky block,189,0,14,80200,118395
2026-09-27,word,lucky blocks,51,0,3,21146,32968
2026-09-27,word,lucky pillars,34,1,2,1132,1438
2026-09-27,word,luxury,95,0,2,624,711
2026-09-27,word,lvl,226,4,6,7635,8976
2026-09-27,word,mafia,41,1,4,4195,5784
2026-09-27,word,mall,299,1,3,91186,105714
2026-09-27,word,mall prop,83,1,2,2943,3333
2026-09-27,word,man,200,0,2,665,763
2026-09-27,word,mansion,388,0,4,3720,4319
2026-09-27,word,mansion tycoon,74,0,2,636,831
2026-09-27,word,map,6822,19,17,97444,156526
2026-09-27,word,map edit,288,1,3,13422,19909
2026-09-27,word,map pumps,122,1,3,73934,121499
2026-09-27,word,martoz,58,0,3,100110,150749
2026-09-27,word,masters,48,0,3,5499,7507
2026-09-27,word,mayhem,423,2,5,2001,2369
2026-09-27,word,mc,233,61,11,8804,10411
2026-09-27,word,mc jackson,30,0,7,8804,10411
2026-09-27,word,mechanics,187,4,7,169150,288424
2026-09-27,word,mechanics training,78,2,3,130587,227652
2026-09-27,word,meet,49,0,2,7468,16712
2026-09-27,word,mega,3346,23,26,316380,481845
2026-09-27,word,mega city,133,1,2,186,249
2026-09-27,word,mega ramp,850,7,10,7761,8769
2026-09-27,word,meme,1235,3,14,48773,60586
2026-09-27,word,meme box,181,1,3,29673,37684
2026-09-27,word,meme pillars,65,0,2,3185,4296
2026-09-27,word,memes,174,0,2,5349,7160
2026-09-27,word,merge,38,0,3,5821,9050
2026-09-27,word,midnight,150,0,15,8679,9952
2026-09-27,word,military,164,1,7,9818,13351
2026-09-27,word,mine,87,0,2,23,32
2026-09-27,word,minecraft,314,2,12,10186,12424
2026-09-27,word,miner,44,0,2,3394,8583
2026-09-27,word,mini,1260,3,5,7583,8598
2026-09-27,word,minigame,455,0,5,138291,164621
2026-09-27,word,minigames,513,1,8,156876,189955
2026-09-27,word,mining,48,2,3,26572,31962
2026-09-27,word,mira,41,0,2,7281,11023
2026-09-27,word,mission,103,1,2,46,51
2026-09-27,word,money,67,1,2,11848,13267
2026-09-27,word,monkey,105,3,3,1565,2037
2026-09-27,word,monster,209,1,2,411,459
2026-09-27,word,moon,207,2,2,219,260
2026-09-27,word,motel,28,1,2,66,86
2026-09-27,word,moto,106,0,5,5731,6685
2026-09-27,word,motocross,70,0,2,564,634
2026-09-27,word,mountain,341,0,5,5722,7751
2026-09-27,word,movie,98,0,2,1650,1882
2026-09-27,word,murder,173,0,5,130422,374206
2026-09-27,word,murder mystery,87,0,2,125384,354934
2026-09-27,word,muscle,29,0,4,4298,5510
2026-09-27,word,museum,89,1,3,2345,2697
2026-09-27,word,music,1482,1,40,15388,23828
2026-09-27,word,music 1v1,364,0,3,232,294
2026-09-27,word,music blocks,194,0,10,39,46
2026-09-27,word,mutant,36,2,2,566,682
2026-09-27,word,mystery,238,0,2,125384,354934
2026-09-27,word,mythic,593,1,2,2059,2348
2026-09-27,word,naruto,77,0,2,259,314
2026-09-27,word,neighbor,27,1,2,2657,2925
2026-09-27,word,new,3867,10,23,42839,65925
2026-09-27,word,new combat,46,0,2,9824,13557
2026-09-27,word,new season,127,0,2,9643,11286
2026-09-27,word,night,621,7,9,10747,13922
2026-09-27,word,night shift,28,1,3,9254,12186
2026-09-27,word,nightmare,167,0,4,3817,4694
2026-09-27,word,nights,146,1,11,33236,40486
2026-09-27,word,ninja,270,1,4,2574,3022
2026-09-27,word,ninja turtles,31,1,2,0,0
2026-09-27,word,nite,103,1,2,1222,2232
2026-09-27,word,not,149,0,2,65,71
2026-09-27,word,number,25,1,2,815,1115
2026-09-27,word,obby,1506,4,31,99975,114468
2026-09-27,word,obby parkour,535,3,13,29617,33527
2026-09-27,word,octo,295,0,3,2803,4407
2026-09-27,word,off,200,0,3,16320,20539
2026-09-27,word,og,4416,11,18,26272,35128
2026-09-27,word,og map,50,0,3,1374,1941
2026-09-27,word,omega,87,0,3,1790,1991
2026-09-27,word,one,7940,24,32,145710,193296
2026-09-27,word,one block,30,0,3,625,742
2026-09-27,word,one shot,6983,22,23,141366,187494
2026-09-27,word,oneshot,7651,23,23,141366,187494
2026-09-27,word,online,29,0,2,192,228
2026-09-27,word,only,3568,2,22,152799,202825
2026-09-27,word,only up,1069,1,20,148282,196846
2026-09-27,word,onlyup,1519,3,21,149344,198187
2026-09-27,word,op,432,0,14,27933,34672
2026-09-27,word,open,421,6,4,9613,14387
2026-09-27,word,open world,270,3,3,9319,14033
2026-09-27,word,or,572,5,17,73329,98877
2026-09-27,word,or die,178,0,10,60331,82636
2026-09-27,word,or lose,27,0,2,432,480
2026-09-27,word,order,56,0,2,422,480
2026-09-27,word,original,120,0,3,379,458
2026-09-27,word,out,256,3,2,0,0
2026-09-27,word,pack,27,0,2,2909,4895
2026-09-27,word,paint,71,1,5,3351,3737
2026-09-27,word,palestine,57,2,2,29748,48840
2026-09-27,word,pandvil,58,0,5,287086,611906
2026-09-27,word,paradise,513,4,8,29059,37389
2026-09-27,word,park,549,0,8,7270,8479
2026-09-27,word,parkour,7256,42,111,435443,533586
2026-09-27,word,parkour deathrun,299,7,12,123347,151577
2026-09-27,word,parkour hard,82,3,6,10140,12322
2026-09-27,word,parkour level,139,2,2,1053,1157
2026-09-27,word,parkour levels,792,6,15,101367,133040
2026-09-27,word,parkour lvl,40,0,2,2981,3544
2026-09-27,word,parkour obby,68,0,3,3612,4208
2026-09-27,word,parkour باركور,41,1,3,4645,5403
2026-09-27,word,part,189,0,3,423,467
2026-09-27,word,party,2358,14,63,111307,319236
2026-09-27,word,party royal,417,5,9,3405,9024
2026-09-27,word,party royale,984,4,32,80173,248328
2026-09-27,word,per,39,1,7,7284,8516
2026-09-27,word,person,2597,0,2,1201,1372
2026-09-27,word,peru,26,0,2,0,0
2026-09-27,word,pet,119,5,8,26572,32705
2026-09-27,word,pets,51,0,3,2135,3549
2026-09-27,word,phantom,50,1,2,11459,14104
2026-09-27,word,photo,43,0,2,3167,4968
2026-09-27,word,pickaxe,290,0,2,3779,4779
2026-09-27,word,piece,1359,8,31,1591909,3298722
2026-09-27,word,piece 1v1,68,0,6,159483,231869
2026-09-27,word,piece control,760,6,8,1290945,2851376
2026-09-27,word,piece practice,41,0,2,31889,50977
2026-09-27,word,pilars,129,6,8,39032,55140
2026-09-27,word,pilars pilers,36,1,4,17583,24109
2026-09-27,word,pilers,81,3,7,32680,45619
2026-09-27,word,pillars,3214,28,63,1485366,2229564
2026-09-27,word,pillars ffa,44,0,2,44998,61423
2026-09-27,word,pillars pillers,40,2,8,28573,39566
2026-09-27,word,pillers,141,7,10,41351,58108
2026-09-27,word,pillers pilars,54,6,5,26173,36493
2026-09-27,word,pistol,355,1,2,905,1209
2026-09-27,word,pit,3685,4,6,350665,510957
2026-09-27,word,pizza,161,0,3,136,148
2026-09-27,word,place,91,0,2,4526,10629
2026-09-27,word,plane,87,0,3,1156,1705
2026-09-27,word,play,210,1,2,1571,2292
2026-09-27,word,player,1300,0,3,5737,7227
2026-09-27,word,players,1777,3,5,34749,55281
2026-09-27,word,playground,298,0,16,25454,31476
2026-09-27,word,playtime,49,3,10,9199,10464
2026-09-27,word,police,65,0,4,1239,1724
2026-09-27,word,pop,129,0,3,0,0
2026-09-27,word,poppy,70,3,11,12311,14364
2026-09-27,word,poppy playtime,27,3,9,9063,10316
2026-09-27,word,portal,61,0,2,0,0
2026-09-27,word,practice,2281,8,22,338911,525127
2026-09-27,word,practice aim,56,0,6,35897,53483
2026-09-27,word,prime,182,3,3,1480,1982
2026-09-27,word,prison,795,1,22,41229,57295
2026-09-27,word,prison escape,100,0,6,18301,26362
2026-09-27,word,pro,2053,7,14,169319,291911
2026-09-27,word,project,154,0,2,2699,3399
2026-09-27,word,prop,2670,9,26,118023,135440
2026-09-27,word,prop hunt,2600,9,26,118023,135440
2026-09-27,word,prophunt,2777,9,26,118023,135440
2026-09-27,word,proximity,212,0,4,51512,168123
2026-09-27,word,proximity chat,184,0,4,51512,168123
2026-09-27,word,pump,1641,5,3,84180,125802
2026-09-27,word,pumps,1102,4,15,192126,348320
2026-09-27,word,pve,132,0,2,498,682
2026-09-27,word,pvp,11230,23,27,1303257,1869197
2026-09-27,word,pvp box,208,1,5,269232,364356
2026-09-27,word,queen,42,0,2,1449,1731
2026-09-27,word,race,1461,12,13,11938,17282
2026-09-27,word,race car,54,5,2,1404,1568
2026-09-27,word,racing,600,5,11,2610,3034
2026-09-27,word,raft,63,0,2,7688,10091
2026-09-27,word,raft tycoon,25,0,2,7688,10091
2026-09-27,word,rage,128,1,2,91,100
2026-09-27,word,raiders,34,0,2,328,361
2026-09-27,word,rainbow,319,4,6,18069,23383
2026-09-27,word,ramp,1766,22,29,84732,101220
2026-09-27,word,ramp car,85,6,2,1864,2088
2026-09-27,word,ramp city,39,2,2,64,71
2026-09-27,word,ramp jump,53,0,6,8252,10374
2026-09-27,word,ramp survival,46,0,2,3266,3696
2026-09-27,word,ranked,2926,4,11,183826,271781
2026-09-27,word,rap,60,0,4,201,236
2026-09-27,word,rapid,429,2,12,160978,304595
2026-09-27,word,rapid boxfights,32,0,3,35046,70217
2026-09-27,word,rapid zero,28,0,2,42844,96593
2026-09-27,word,rasf,140,0,3,17761,25390
2026-09-27,word,real,329,4,10,16322,22858
2026-09-27,word,realistic,1567,4,16,421129,675155
2026-09-27,word,realistic pvp,181,1,2,15605,19713
2026-09-27,word,realistic reload,55,0,2,25129,41105
2026-09-27,word,realistics,1028,2,14,529570,852875
2026-09-27,word,realistics 1v1,132,0,4,61821,119234
2026-09-27,word,red,16412,88,43,849325,1216627
2026-09-27,word,red blue,15086,86,40,827252,1184370
2026-09-27,word,reimagined,41,0,2,8335,10028
2026-09-27,word,relax,125,0,2,767,976
2026-09-27,word,reload,3688,10,31,751059,1105379
2026-09-27,word,reload 1v1,279,0,2,15130,23248
2026-09-27,word,reload 1v1v1,257,2,2,2937,3519
2026-09-27,word,remake,129,6,9,55528,73250
2026-09-27,word,remix,231,2,4,3756,4754
2026-09-27,word,resident,60,0,5,714,954
2026-09-27,word,resident evil,52,0,5,714,954
2026-09-27,word,rewind,28,0,4,11754,15403
2026-09-27,word,rex,49,1,2,3345,3621
2026-09-27,word,rezon,78,0,3,318983,724560
2026-09-27,word,ride,95,3,3,1204,1779
2026-09-27,word,rides,177,0,9,31759,49718
2026-09-27,word,rift,137,2,3,809,1031
2026-09-27,word,road,540,6,16,25891,33453
2026-09-27,word,road battle,28,3,6,2203,2490
2026-09-27,word,rocket,551,3,7,4421,5887
2026-09-27,word,rocket cars,48,1,2,1042,1287
2026-09-27,word,rockets,366,1,3,28679,36478
2026-09-27,word,rockets cars,213,1,2,28444,36171
2026-09-27,word,rogue,59,0,4,414,496
2026-09-27,word,roguelike,522,3,137,190178,266076
2026-09-27,word,roleplay,264,0,4,8834,11393
2026-09-27,word,roll,34,1,2,11541,12931
2026-09-27,word,room,2321,17,82,28710,39680
2026-09-27,word,room levels,45,0,3,1246,1407
2026-09-27,word,rooms,204,1,4,58,57
2026-09-27,word,rot,103,0,3,22393,47894
2026-09-27,word,royal,1013,6,9,3405,9024
2026-09-27,word,royale,4258,13,49,150409,342880
2026-09-27,word,royale season,162,1,2,840,1224
2026-09-27,word,rp,1508,35,41,74605,118641
2026-09-27,word,rpg,158,0,2,1027,1292
2026-09-27,word,rumble,394,1,2,3697,5804
2026-09-27,word,run,1350,10,8,122473,163566
2026-09-27,word,run obby,27,0,2,10037,11687
2026-09-27,word,runners,275,1,3,1080,1316
2026-09-27,word,rush,729,6,3,226,288
2026-09-27,word,rvb,1012,25,16,64532,79872
2026-09-27,word,rvb red,311,6,11,63044,78171
2026-09-27,word,s2,168,2,3,11362,17310
2026-09-27,word,save,133,0,3,1044,1255
2026-09-27,word,scary,142,1,10,18258,23656
2026-09-27,word,school,279,0,7,16035,23227
2026-09-27,word,scott,73,0,6,3784,4132
2026-09-27,word,scp,56,0,4,1540,1869
2026-09-27,word,scream,34,3,5,113995,154430
2026-09-27,word,scrims,1058,7,18,287285,453276
2026-09-27,word,scrims سكرمز,87,0,2,4537,7161
2026-09-27,word,season,1508,2,14,19474,23772
2026-09-27,word,second,73,0,2,955,1075
2026-09-27,word,secret,435,2,4,7030,10221
2026-09-27,word,seek,851,4,30,87462,102147
2026-09-27,word,seven,134,2,3,3811,13168
2026-09-27,word,shadow,336,6,4,9851,16917
2026-09-27,word,shadow rp,42,4,2,1536,2946
2026-09-27,word,shift,80,1,10,67825,85963
2026-09-27,word,shoot,224,3,3,3420,4492
2026-09-27,word,shot,7352,25,29,174446,226413
2026-09-27,word,shot gun,688,4,4,40332,54022
2026-09-27,word,shot parkour,74,1,5,28974,33834
2026-09-27,word,shotgun,996,5,4,40332,54022
2026-09-27,word,show,840,1,12,30490,50721
2026-09-27,word,showdown,659,3,3,418,572
2026-09-27,word,sidekick,71,0,6,2510,4950
2026-09-27,word,sidekicks,40,0,2,538,661
2026-09-27,word,siege,131,0,3,5263,6598
2026-09-27,word,simpsons,53,0,2,423,574
2026-09-27,word,simulator,643,2,9,36323,47022
2026-09-27,word,skibidi,315,0,2,274,316
2026-09-27,word,skibidi toilet,114,0,2,274,316
2026-09-27,word,skin,228,0,2,1727,3361
2026-09-27,word,skin contest,64,0,2,1727,3361
2026-09-27,word,skins,188,2,12,56104,80762
2026-09-27,word,sky,768,6,3,3492,10594
2026-09-27,word,slap,83,1,2,7834,11264
2026-09-27,word,sleep,60,0,3,1550,2500
2026-09-27,word,slide,807,1,15,14717,20812
2026-09-27,word,slide chill,239,0,8,7547,11771
2026-09-27,word,slow,244,0,2,6676,10244
2026-09-27,word,sneaky,48,0,2,13229,16707
2026-09-27,word,sniper,2993,13,17,238520,307328
2026-09-27,word,sniper one,999,3,6,73648,98237
2026-09-27,word,snipers,668,2,3,25342,30844
2026-09-27,word,soccer,264,1,8,56144,84144
2026-09-27,word,soccer football,36,0,3,12210,22756
2026-09-27,word,solo,2261,5,15,234020,359558
2026-09-27,word,solo cup,108,0,2,92588,145553
2026-09-27,word,solo leveling,37,0,2,245,312
2026-09-27,word,solo scrims,194,1,4,122861,185980
2026-09-27,word,solos,159,0,2,5720,8633
2026-09-27,word,song,183,0,25,17684,19715
2026-09-27,word,songs,308,0,12,8207,11586
2026-09-27,word,sonic,68,0,10,6036,6931
2026-09-27,word,speed,1367,17,25,481260,735053
2026-09-27,word,speed car,29,4,2,401,454
2026-09-27,word,speed keyboard,28,0,7,77844,109738
2026-09-27,word,speedrun,333,4,4,5401,6844
2026-09-27,word,spider,138,2,10,7254,8235
2026-09-27,word,spiders,197,60,4,354,404
2026-09-27,word,spiders city,181,58,3,0,0
2026-09-27,word,spleef,135,0,2,195,214
2026-09-27,word,spooky,327,1,2,79,86
2026-09-27,word,spring,97,0,2,0,0
2026-09-27,word,sprite,144,5,15,276691,396659
2026-09-27,word,sprites,64,2,8,34745,73692
2026-09-27,word,squad,304,1,8,9960,14608
2026-09-27,word,squid,780,2,15,90605,163675
2026-09-27,word,squid game,409,1,11,86538,158467
2026-09-27,word,squishy,27,0,4,5858,7542
2026-09-27,word,stadium,207,2,3,251,289
2026-09-27,word,stage,81,1,4,492,601
2026-09-27,word,star,1289,5,50,274280,511332
2026-09-27,word,star wars,965,4,44,272423,509284
2026-09-27,word,starwars,1030,4,44,272423,509284
2026-09-27,word,station,158,1,4,3845,4576
2026-09-27,word,steal,593,5,22,433886,1550191
2026-09-27,word,steal brainrots,26,1,2,1040,1339
2026-09-27,word,step,29,0,3,1429,1611
2026-09-27,word,steve,34,2,3,456,502
2026-09-27,word,store,74,0,3,3980,4502
2026-09-27,word,storm,572,5,13,532747,995420
2026-09-27,word,stranger,158,0,5,1495,2077
2026-09-27,word,stranger things,120,0,4,1161,1445
2026-09-27,word,streamer,115,0,2,121,177
2026-09-27,word,street,169,1,3,733,818
2026-09-27,word,studio,139,1,5,3647,5658
2026-09-27,word,stunt,39,0,3,651,733
2026-09-27,word,summer,1027,0,9,22666,29201
2026-09-27,word,summer gun,113,0,2,5,6
2026-09-27,word,summer one,86,0,2,17500,22806
2026-09-27,word,super,5368,38,48,504621,734272
2026-09-27,word,super 1v1,214,2,5,14645,21577
2026-09-27,word,super car,64,1,5,1806,2001
2026-09-27,word,super cars,53,2,2,432,509
2026-09-27,word,super pillars,92,5,2,219675,348330
2026-09-27,word,super ramp,144,5,2,42473,51369
2026-09-27,word,super road,29,3,6,2203,2490
2026-09-27,word,super sniper,91,0,2,6680,8693
2026-09-27,word,supercar,89,1,6,1806,2001
2026-09-27,word,superhero,210,0,3,222,314
2026-09-27,word,supermarket,75,0,4,90836,105638
2026-09-27,word,survival,1209,6,69,104265,130233
2026-09-27,word,survive,465,1,16,12194,16851
2026-09-27,word,swap,73,0,2,14325,48749
2026-09-27,word,switch,519,0,6,3509,4735
2026-09-27,word,sword,139,2,2,239,267
2026-09-27,word,tag,264,0,7,29203,43535
2026-09-27,word,tank,115,0,3,51355,67271
2026-09-27,word,team,1384,6,7,12537,14941
2026-09-27,word,team deathmatch,380,0,2,5117,6411
2026-09-27,word,terror,84,2,3,3858,4378
2026-09-27,word,test,395,0,7,1387,1585
2026-09-27,word,things,136,0,4,1161,1445
2026-09-27,word,tiktok,382,0,5,27530,36467
2026-09-27,word,tilted,5101,18,13,505458,659711
2026-09-27,word,tilted zone,749,4,7,495092,646059
2026-09-27,word,tmnt,1006,5,13,4465,5404
2026-09-27,word,together,69,1,5,16104,19369
2026-09-27,word,toilet,175,1,2,274,316
2026-09-27,word,top,337,3,2,1104,1764
2026-09-27,word,tornado,27,0,2,1247,1604
2026-09-27,word,tour,83,1,3,81,94
2026-09-27,word,tournament,229,0,2,6239,9817
2026-09-27,word,tower,992,9,14,29477,41135
2026-09-27,word,tower defense,54,1,4,9364,13330
2026-09-27,word,tower tycoon,47,1,2,10793,16261
2026-09-27,word,town,596,2,7,20446,53974
2026-09-27,word,toy,125,1,4,7959,11020
2026-09-27,word,track,184,1,2,336,370
2026-09-27,word,train,161,1,2,925,1081
2026-09-27,word,training,1638,9,23,204300,336145
2026-09-27,word,training aim,41,0,3,13767,18471
2026-09-27,word,training edit,35,0,2,5730,8580
2026-09-27,word,training practice,32,1,2,22450,35405
2026-09-27,word,trap,127,0,4,3324,3952
2026-09-27,word,travis,96,0,6,3784,4132
2026-09-27,word,travis scott,72,0,6,3784,4132
2026-09-27,word,trick,167,2,8,33080,38919
2026-09-27,word,trick shot,109,1,6,33080,38919
2026-09-27,word,trickshot,1105,20,14,38718,45613
2026-09-27,word,trickshot parkour,492,6,3,5056,6045
2026-09-27,word,trio,341,1,17,75808,99724
2026-09-27,word,trio escape,36,0,9,2791,3351
2026-09-27,word,trio zone,58,1,2,19017,24507
2026-09-27,word,trios,165,0,2,46708,60742
2026-09-27,word,troll,228,2,4,176451,239191
2026-09-27,word,truck,74,0,2,7270,9779
2026-09-27,word,try,68,0,2,65,71
2026-09-27,word,tsunami,227,1,3,8553,16073
2026-09-27,word,tu,61,1,2,471,835
2026-09-27,word,tung,295,0,3,166,185
2026-09-27,word,tung tung,127,0,2,166,185
2026-09-27,word,turtle,463,1,3,27286,43051
2026-09-27,word,turtles,78,1,2,0,0
2026-09-27,word,twdu,217,0,5,9634,12553
2026-09-27,word,two,99,0,3,992,1098
2026-09-27,word,tycoon,4016,13,101,628763,978380
2026-09-27,word,tycoon co,164,0,5,3651,4236
2026-09-27,word,tycoon new,63,1,3,6423,7901
2026-09-27,word,ultimate,2524,9,12,11274,16444
2026-09-27,word,ultra,1036,6,3,11580,17500
2026-09-27,word,ultra 1v1,70,0,2,10962,16765
2026-09-27,word,unc,722,2,9,43648,65445
2026-09-27,word,underwater,61,0,3,0,0
2026-09-27,word,unreal,211,1,2,4648,5448
2026-09-27,word,up,2010,5,32,413007,1964496
2026-09-27,word,up chapter,32,0,3,19217,24756
2026-09-27,word,update,766,1,7,10810,15820
2026-09-27,word,updated,519,0,2,1075,1326
2026-09-27,word,us,138,0,2,521,637
2026-09-27,word,v1,603,3,3,4643,7990
2026-09-27,word,v2,742,4,4,2484,3652
2026-09-27,word,vader,28,0,2,1585,2025
2026-09-27,word,vehicles,434,2,4,36456,56341
2026-09-27,word,verity,48,1,12,43164,53098
2026-09-27,word,very,166,0,2,91,101
2026-09-27,word,very easy,62,0,2,91,101
2026-09-27,word,vi,78,0,4,1862,2225
2026-09-27,word,vibe,121,0,4,8685,20035
2026-09-27,word,video,33,0,2,2274,3490
2026-09-27,word,villa,129,0,3,3484,3801
2026-09-27,word,village,312,1,2,680,728
2026-09-27,word,wall,130,0,2,1700,1846
2026-09-27,word,war,1456,2,2,2137,3163
2026-09-27,word,warmup,613,0,3,7417,9972
2026-09-27,word,wars,14857,44,122,2021751,3147825
2026-09-27,word,wars 1v1,262,2,5,114851,185934
2026-09-27,word,wars all,80,0,3,14257,18567
2026-09-27,word,wars duo,93,0,3,26018,38097
2026-09-27,word,wars endgame,51,0,4,180466,276060
2026-09-27,word,wars ffa,256,1,2,2624,3027
2026-09-27,word,water,304,2,2,10992,16768
2026-09-27,word,weapons,3649,0,7,27464,48047
2026-09-27,word,white,338,0,2,1558,1596
2026-09-27,word,who,91,0,2,4256,4609
2026-09-27,word,wild,430,4,2,61545,82592
2026-09-27,word,win,141,5,3,5263,6790
2026-09-27,word,winter,1371,1,7,29144,36989
2026-09-27,word,wizard,32,0,2,442,528
2026-09-27,word,wood,51,0,2,6976,8463
2026-09-27,word,world,1421,14,21,139381,174312
2026-09-27,word,world cup,259,0,2,547,859
2026-09-27,word,worlds,101,0,2,152,185
2026-09-27,word,wrld,71,0,2,26,34
2026-09-27,word,wuggy,35,1,3,462,554
2026-09-27,word,yacht,419,0,2,3763,4270
2026-09-27,word,you,359,0,4,2008,2283
2026-09-27,word,youtuber,82,0,2,4440,5959
2026-09-27,word,zen,54,1,2,275,337
2026-09-27,word,zero,3273,7,17,96564,188786
2026-09-27,word,zero build,2546,5,15,92143,182204
2026-09-27,word,zerobuild,2722,6,15,92143,182204
2026-09-27,word,zombie,1572,10,37,69938,93958
2026-09-27,word,zombie apocalypse,37,1,2,12653,19300
2026-09-27,word,zombie city,66,0,2,934,1144
2026-09-27,word,zombie escape,38,0,3,13173,19309
2026-09-27,word,zombie island,53,0,2,930,1041
2026-09-27,word,zombieland,49,0,3,590,689
2026-09-27,word,zombies,746,1,15,14825,18778
2026-09-27,word,zone,11360,33,59,1470897,2171873
2026-09-27,word,zone wars,9843,28,51,1461607,2158368
2026-09-27,word,zonewars,14274,34,55,1462537,2159633
2026-09-27,word,zoo,58,0,6,2855,3354
2026-09-27,word,العاصفه,47,0,7,518657,972741
2026-09-27,word,العرب,43,0,3,7182,10080
2026-09-27,word,المعرقين,132,0,6,235138,375760
2026-09-27,word,باركور,527,21,49,251559,309144
2026-09-27,word,باركور صعب,81,0,6,37487,48781
2026-09-27,word,باركور مرحلة,26,1,2,1346,1520
2026-09-27,word,تحدي,44,0,3,5577,7190
2026-09-27,word,تلتد,76,0,2,5901,9546
2026-09-27,word,حرب,207,2,3,14857,23705
2026-09-27,word,دو,32,0,4,135384,226360
2026-09-27,word,ريلود,33,0,2,25129,41105
2026-09-27,word,سكرمز,858,1,29,884567,1557766
2026-09-27,word,سكرمز العاصفه,37,0,6,513301,964246
2026-09-27,word,سكرمز المعرقين,41,0,5,225596,352154
2026-09-27,word,صعب,97,0,7,41179,53070
2026-09-27,word,فايت,134,1,4,26133,40311
2026-09-27,word,فلسطين,50,1,3,75553,122530
2026-09-27,word,ماب,345,4,6,13555,29135
2026-09-27,word,ماب باركور,37,2,3,1398,1566
2026-09-27,word,مرحلة,43,1,4,2587,2869
2026-09-27,word,ملطوخ,42,0,2,25325,40464
2026-09-27,word,高性能,76,0,2,59783,108819
2026-09-27,word,高性能 1v1,30,0,2,59783,108819
2026-09-27,word,게임,105,0,2,2311,3247
2026-09-27,word,문어,86,0,2,2311,3247
2026-09-27,word,문어 게임,81,0,2,2311,3247
2026-09-29,tag,,1,0,0,0,0
2026-09-29,tag,1v1,62655,324,215,3952200,7094667
2026-09-29,tag,2d,653,7,2,1441,1832
2026-09-29,tag,2v2,5751,40,40,1881496,3640921
2026-09-29,tag,3v3,2525,20,17,507284,880931
2026-09-29,tag,4v4,3633,19,16,180402,327697
2026-09-29,tag,5v5,1799,12,8,72846,171135
2026-09-29,tag,6v6,1159,5,1,0,0
2026-09-29,tag,7v7,213,3,0,0,0
2026-09-29,tag,8v8,3091,13,10,7158,8865
2026-09-29,tag,action,32014,99,86,171276,238134
2026-09-29,tag,ad,189,1,1,0,0
2026-09-29,tag,adventure,8764,100,167,791410,1080739
2026-09-29,tag,aim course,2822,13,37,382512,597848
2026-09-29,tag,arcade,3071,9,12,9376,11164
2026-09-29,tag,arena,11513,56,25,178646,277044
2026-09-29,tag,artistic,2966,14,35,135327,163365
2026-09-29,tag,atmospheric,3664,19,27,8434,10130
2026-09-29,tag,attack,5942,21,8,7140,8536
2026-09-29,tag,base,2146,6,33,200354,369889
2026-09-29,tag,base building,1704,8,12,35756,42765
2026-09-29,tag,battle,23775,84,54,188217,299877
2026-09-29,tag,battle royale,9947,53,24,82634,185299
2026-09-29,tag,board game,649,6,14,15616,18009
2026-09-29,tag,boss battle,2730,24,187,214317,291433
2026-09-29,tag,boxfight,25291,75,61,3744231,6700771
2026-09-29,tag,building,34855,144,96,1344817,2678584
2026-09-29,tag,capture the flag,1816,5,4,397,560
2026-09-29,tag,card game,124,4,0,0,0
2026-09-29,tag,casual,17647,123,351,2588297,7336471
2026-09-29,tag,choices matter,513,4,7,44115,101484
2026-09-29,tag,classes,1078,4,7,53397,72819
2026-09-29,tag,clicker,238,2,2,902,1168
2026-09-29,tag,co-op,5329,28,195,237691,325682
2026-09-29,tag,collection,1175,15,21,156797,220623
2026-09-29,tag,competitive,44063,156,115,2052594,3704011
2026-09-29,tag,crafting,259,1,2,2020,2806
2026-09-29,tag,creatures,4177,63,178,521570,649408
2026-09-29,tag,deathrun,16600,143,304,929859,1191866
2026-09-29,tag,defend,1117,9,3,0,0
2026-09-29,tag,difficulty: easy,7610,17,54,63591,75849
2026-09-29,tag,difficulty: hard,2442,24,53,217415,268990
2026-09-29,tag,difficulty: impossible,1132,16,32,210219,268567
2026-09-29,tag,difficulty: medium,2467,9,15,21715,26002
2026-09-29,tag,difficulty: ultra hard,536,5,1,8,9
2026-09-29,tag,difficulty: very hard,708,9,6,6178,6640
2026-09-29,tag,driver simulator,4179,69,104,188920,249757
2026-09-29,tag,duo,3474,14,55,1425555,2726876
2026-09-29,tag,economy,427,9,3,4447,5790
2026-09-29,tag,edit course,3619,14,40,406028,637545
2026-09-29,tag,educational,808,2,3,385,632
2026-09-29,tag,episodic,66,1,0,0,0
2026-09-29,tag,escape,8358,52,282,608583,827848
2026-09-29,tag,event,1229,8,49,27002,38293
2026-09-29,tag,exploration,3936,39,75,55373,86039
2026-09-29,tag,explosives,804,4,1,34,32
2026-09-29,tag,farming simulator,356,7,4,1900,2835
2026-09-29,tag,fashion,2271,4,33,42186,76472
2026-09-29,tag,fighting,13583,63,43,60690,85400
2026-09-29,tag,first person,6216,10,151,376625,512777
2026-09-29,tag,fortnitemares,999,14,6,1536,2321
2026-09-29,tag,free for all,70751,306,337,3409408,5077424
2026-09-29,tag,friendly,6424,46,66,32694,118342
2026-09-29,tag,funny,9610,46,53,75944,123566
2026-09-29,tag,gun fight,7790,28,15,23243,48430
2026-09-29,tag,gun game,12727,65,39,99081,129492
2026-09-29,tag,hardcore,581,3,0,0,0
2026-09-29,tag,heroes,2513,2,17,185678,254201
2026-09-29,tag,horror,5627,44,211,502950,629054
2026-09-29,tag,hub,477,3,2,71,82
2026-09-29,tag,infection,446,4,7,891,1150
2026-09-29,tag,jam system,321,1,15,1122,2543
2026-09-29,tag,just for fun,60845,477,1029,6824186,13599271
2026-09-29,tag,king of the hill,603,4,2,1913,2140
2026-09-29,tag,melee,1621,6,5,5407,9500
2026-09-29,tag,memes,3008,26,16,84469,106798
2026-09-29,tag,minigame,17684,169,291,2180902,3201653
2026-09-29,tag,mining,127,1,0,0,0
2026-09-29,tag,moba,141,2,1,0,0
2026-09-29,tag,moving,937,2,7,45998,61186
2026-09-29,tag,music,2780,48,147,77214,97911
2026-09-29,tag,mystery,1414,4,22,27335,34716
2026-09-29,tag,nonlinear,71,0,0,0,0
2026-09-29,tag,objective,1501,60,29,5274,5926
2026-09-29,tag,one in the chamber,375,0,0,0,0
2026-09-29,tag,one life,1020,5,3,161,428
2026-09-29,tag,one shot,8677,67,35,274562,355587
2026-09-29,tag,open world,7810,96,215,468205,722672
2026-09-29,tag,parkour,17648,143,256,878744,1116717
2026-09-29,tag,party game,14567,78,414,2395117,3947711
2026-09-29,tag,party world,2327,11,48,117660,334364
2026-09-29,tag,patchwork,78,1,1,0,0
2026-09-29,tag,peaceful,1922,10,10,3706,4823
2026-09-29,tag,physics,368,0,9,17581,21876
2026-09-29,tag,pinball,64,0,0,0,0
2026-09-29,tag,pixel art,87,0,0,0,0
2026-09-29,tag,platformer,1424,22,34,454720,637589
2026-09-29,tag,point capture,1098,2,2,499,646
2026-09-29,tag,practice,59424,209,294,8554915,14537404
2026-09-29,tag,prop,647,3,2,1959,2191
2026-09-29,tag,prop hunt,3323,18,42,172389,197489
2026-09-29,tag,puzzle,2177,12,53,30204,34665
2026-09-29,tag,pve,5544,21,239,265729,356310
2026-09-29,tag,pvp,66458,270,344,7892790,12227016
2026-09-29,tag,quiz,926,5,12,22690,25910
2026-09-29,tag,race,10846,159,250,565525,779638
2026-09-29,tag,respawn,8767,35,29,634726,936771
2026-09-29,tag,retro,215,2,0,0,0
2026-09-29,tag,roguelike,1233,8,200,215660,300339
2026-09-29,tag,role playing,5718,41,192,772345,1585510
2026-09-29,tag,rounds,3072,13,12,24213,30625
2026-09-29,tag,rpg,1008,22,22,56921,75352
2026-09-29,tag,runner,1551,8,5,18480,22301
2026-09-29,tag,sandbox,997,6,20,35794,74182
2026-09-29,tag,search & destroy,537,2,3,13897,56527
2026-09-29,tag,seasonal,520,2,6,67,82
2026-09-29,tag,secrets,1162,3,10,7743,12169
2026-09-29,tag,sequel,60,0,0,0,0
2026-09-29,tag,series,402,1,2,778,984
2026-09-29,tag,shooter,7626,158,39,678384,997337
2026-09-29,tag,shop,146,3,0,0,0
2026-09-29,tag,show,559,2,9,916,1734
2026-09-29,tag,side scroller,153,1,0,0,0
2026-09-29,tag,simulator,6390,87,268,2126561,6445385
2026-09-29,tag,single player,1844,6,12,6518,21125
2026-09-29,tag,skills,2029,24,3,43886,58657
2026-09-29,tag,sniper,4556,19,14,226754,293406
2026-09-29,tag,solo,6919,18,27,201024,342035
2026-09-29,tag,space,439,5,4,871,1074
2026-09-29,tag,sports,2213,12,61,136890,173202
2026-09-29,tag,squad,1302,7,3,30415,74185
2026-09-29,tag,stealth,633,5,10,3346,5631
2026-09-29,tag,story,1326,8,35,17629,20710
2026-09-29,tag,strategy,3182,65,57,89906,163268
2026-09-29,tag,survival,6427,81,198,283015,472651
2026-09-29,tag,survival horror,4125,52,215,677578,1063373
2026-09-29,tag,team deathmatch,21884,115,63,922404,1347130
2026-09-29,tag,teams,6471,38,12,36422,133045
2026-09-29,tag,timed,1086,6,4,10714,12484
2026-09-29,tag,top-down,228,2,1,0,0
2026-09-29,tag,tower defense,264,1,4,6175,7250
2026-09-29,tag,training,8204,34,44,611247,1126219
2026-09-29,tag,trios,903,3,24,273423,502845
2026-09-29,tag,trivia,224,2,2,1370,1790
2026-09-29,tag,turn-based,174,1,2,1733,2156
2026-09-29,tag,tutorial,226,2,1,287,890
2026-09-29,tag,tycoon,6836,87,279,2235065,6687102
2026-09-29,tag,unbalanced teams,387,2,0,0,0
2026-09-29,tag,visual novel,61,1,1,693,844
2026-09-29,tag,winterfest,946,1,3,794,913
2026-09-29,tag,word games,94,2,0,0,0
2026-09-29,tag,zonewars,23873,78,134,3717494,5799110
2026-09-29,word,1v1,43361,209,158,3331924,6155339
2026-09-29,word,1v1 1v1,126,0,2,28614,43544
2026-09-29,word,1v1 2v2,173,3,2,12865,18775
2026-09-29,word,1v1 4v4,431,3,12,199795,369935
2026-09-29,word,1v1 all,658,1,7,76879,120374
2026-09-29,word,1v1 build,9490,46,34,797195,1725256
2026-09-29,word,1v1 chill,66,1,2,0,0
2026-09-29,word,1v1 every,402,5,3,403223,615240
2026-09-29,word,1v1 ffa,1004,4,11,67000,99981
2026-09-29,word,1v1 free,249,1,2,11102,16258
2026-09-29,word,1v1 map,2828,12,4,78802,129772
2026-09-29,word,1v1 practice,206,1,3,119338,179143
2026-09-29,word,1v1 reload,133,0,2,3135,5285
2026-09-29,word,1v1v1,4447,14,22,496832,714004
2026-09-29,word,1v1v1 1v1,150,0,2,17042,26065
2026-09-29,word,1v1v1 all,52,1,2,16852,20557
2026-09-29,word,1v1v1 reload,1272,4,6,418726,603557
2026-09-29,word,1v2,159,1,2,58824,72948
2026-09-29,word,1vs1,1830,6,4,7433,10669
2026-09-29,word,1vs1 1vs1,52,0,4,7433,10669
2026-09-29,word,2v1,163,0,2,58824,72948
2026-09-29,word,2v2,1836,15,14,1324599,2724180
2026-09-29,word,2v2v2,146,0,4,70117,111413
2026-09-29,word,2v3,42,0,2,11893,14845
2026-09-29,word,3v3,654,6,7,415397,752121
2026-09-29,word,4v4,935,7,15,260102,495611
2026-09-29,word,5v5,269,3,2,58717,114328
2026-09-29,word,action,102,1,2,142,155
2026-09-29,word,adventure,490,8,36,90819,114508
2026-09-29,word,aim,1376,5,33,271084,400242
2026-09-29,word,aim edit,403,3,22,216781,317601
2026-09-29,word,aim piece,108,1,5,35013,55523
2026-09-29,word,aim training,157,0,3,14287,20005
2026-09-29,word,airport,54,1,4,14474,18966
2026-09-29,word,all,8866,22,47,515458,752283
2026-09-29,word,all guns,1539,8,24,149046,228095
2026-09-29,word,all skins,55,1,5,22841,29287
2026-09-29,word,all vehicles,48,0,2,1116,1378
2026-09-29,word,all weapons,1877,0,3,16001,22018
2026-09-29,word,allguns,1604,19,24,149046,228095
2026-09-29,word,alone,50,0,2,1968,2221
2026-09-29,word,am,83,0,6,483735,631666
2026-09-29,word,amazing,264,4,5,3352,4023
2026-09-29,word,animal,108,1,9,19340,23217
2026-09-29,word,animals,45,2,6,29979,45310
2026-09-29,word,anime,252,1,2,2571,3661
2026-09-29,word,anomalies,29,0,8,6070,7600
2026-09-29,word,anomaly,49,0,7,17023,20295
2026-09-29,word,apocalypse,157,1,2,13187,19940
2026-09-29,word,arcade,162,0,2,0,0
2026-09-29,word,arctic,116,1,3,29,35
2026-09-29,word,area,149,0,3,135,165
2026-09-29,word,arena,3639,16,8,25955,33840
2026-09-29,word,arenas,68,0,2,48298,117515
2026-09-29,word,asmr,69,5,8,44674,54655
2026-09-29,word,at,291,4,7,5564,6702
2026-09-29,word,aura,262,8,6,21609,34008
2026-09-29,word,baby,65,1,2,1583,1741
2026-09-29,word,backroom,48,1,3,23,28
2026-09-29,word,backrooms,518,1,24,65693,83529
2026-09-29,word,backrooms escape,31,0,3,588,731
2026-09-29,word,bank,201,1,8,37225,57977
2026-09-29,word,bank heist,56,0,2,15604,25660
2026-09-29,word,barry,50,1,5,26810,30045
2026-09-29,word,base,395,1,3,454,581
2026-09-29,word,base wars,60,0,2,425,546
2026-09-29,word,basketball,105,0,2,2005,2642
2026-09-29,word,battle,4133,28,36,64615,79990
2026-09-29,word,battle car,35,5,7,2551,2873
2026-09-29,word,battle lab,32,0,7,16534,20592
2026-09-29,word,battle royale,1035,2,3,4571,5817
2026-09-29,word,battles,299,0,4,4408,5495
2026-09-29,word,be,161,5,11,24092,31009
2026-09-29,word,beat,50,0,2,5935,11164
2026-09-29,word,become,54,0,3,1878,2599
2026-09-29,word,bed,406,0,15,169265,318854
2026-09-29,word,bed wars,372,0,15,169265,318854
2026-09-29,word,bedwars,617,1,17,191641,359234
2026-09-29,word,best,1599,4,17,42181,60624
2026-09-29,word,best 1v1,333,0,2,8544,11874
2026-09-29,word,best slide,105,0,4,3012,4917
2026-09-29,word,better,81,0,3,773,1074
2026-09-29,word,big,573,1,7,17957,22363
2026-09-29,word,bike,265,1,4,9831,12556
2026-09-29,word,bios,59,0,3,19826,25441
2026-09-29,word,black,514,0,3,244,303
2026-09-29,word,blind,73,0,6,130,144
2026-09-29,word,blind test,41,0,6,130,144
2026-09-29,word,blitz,351,2,3,26,30
2026-09-29,word,block,625,0,22,88882,128889
2026-09-29,word,block pillars,30,0,2,45092,61488
2026-09-29,word,blocks,335,0,11,21146,32968
2026-09-29,word,blocks cover,96,0,7,0,0
2026-09-29,word,blue,16141,111,31,826813,1183833
2026-09-29,word,blue star,41,0,2,8045,9529
2026-09-29,word,board,47,0,4,6294,7026
2026-09-29,word,board game,26,0,4,6294,7026
2026-09-29,word,bodycam,181,1,2,1759,1948
2026-09-29,word,bomb,118,1,3,2636,3193
2026-09-29,word,boom,111,0,3,6247,7390
2026-09-29,word,boss,606,10,40,41660,51647
2026-09-29,word,boss battle,70,1,3,2532,2814
2026-09-29,word,boss fight,195,1,21,12579,15157
2026-09-29,word,boss survival,26,0,10,20424,25892
2026-09-29,word,bossfight,336,1,28,29127,37424
2026-09-29,word,bot,603,1,5,11529,16209
2026-09-29,word,bots,1217,5,21,34200,47199
2026-09-29,word,bots farm,39,0,2,608,816
2026-09-29,word,bots royale,126,0,3,1417,1831
2026-09-29,word,box,14012,41,27,1506563,2367112
2026-09-29,word,box fight,3686,15,2,3043,3821
2026-09-29,word,box fights,2175,8,14,592820,1025665
2026-09-29,word,box pvp,6756,14,13,1159363,1671417
2026-09-29,word,boxfight,6216,24,2,3043,3821
2026-09-29,word,boxfights,4548,13,18,672162,1202200
2026-09-29,word,boxpvp,7041,15,13,1159363,1671417
2026-09-29,word,brainrot,3111,15,49,712856,2950820
2026-09-29,word,brainrot ffa,47,0,2,8370,11628
2026-09-29,word,brainrots,735,11,45,293673,1741929
2026-09-29,word,break,152,1,6,9088,11099
2026-09-29,word,brick,538,2,11,27418,31685
2026-09-29,word,bricks,103,0,2,6856,7934
2026-09-29,word,bridge,330,3,7,16460,18588
2026-09-29,word,build,16841,81,73,1047267,2182376
2026-09-29,word,build 1v1,171,0,2,21517,44119
2026-09-29,word,build ffa,173,0,2,11102,16258
2026-09-29,word,build fight,5651,24,10,371224,849816
2026-09-29,word,build fights,5731,27,26,506992,1026100
2026-09-29,word,build training,64,2,2,745,1178
2026-09-29,word,build zone,140,0,2,4039,5514
2026-09-29,word,buildfight,7201,30,11,372731,851869
2026-09-29,word,buildfights,6453,33,27,506992,1026100
2026-09-29,word,building,283,4,3,110759,173622
2026-09-29,word,bumper,79,0,3,2928,3725
2026-09-29,word,bumper cars,58,0,3,2928,3725
2026-09-29,word,bunker,106,0,3,7257,8973
2026-09-29,word,but,103,0,2,539,673
2026-09-29,word,button,242,2,3,22435,32728
2026-09-29,word,cache,176,1,6,3374,3843
2026-09-29,word,cache cache,168,1,6,3374,3843
2026-09-29,word,call,29,0,2,236,274
2026-09-29,word,can,190,0,2,4540,6004
2026-09-29,word,candy,102,0,2,156,199
2026-09-29,word,capture,868,0,2,1693,2168
2026-09-29,word,car,2029,61,62,63885,75146
2026-09-29,word,car crash,51,1,2,3301,4203
2026-09-29,word,car drive,133,0,11,15651,18120
2026-09-29,word,car game,668,47,35,12554,14247
2026-09-29,word,car parkour,62,1,3,6081,6984
2026-09-29,word,car race,61,2,3,1404,1568
2026-09-29,word,card,47,1,4,10892,21690
2026-09-29,word,carros,59,4,3,109,153
2026-09-29,word,cars,1882,13,32,88127,112426
2026-09-29,word,cars car,83,5,2,0,0
2026-09-29,word,cars mega,94,0,2,923,1088
2026-09-29,word,cars ramp,26,0,2,7783,9122
2026-09-29,word,caseoh,35,0,2,352,400
2026-09-29,word,cash,151,2,3,233942,318761
2026-09-29,word,cat,169,3,10,10128,12430
2026-09-29,word,center,67,0,2,1114,1469
2026-09-29,word,ch1,45,0,2,148,161
2026-09-29,word,chained,45,0,2,13738,16334
2026-09-29,word,chained together,37,0,2,13738,16334
2026-09-29,word,challenge,449,3,4,6070,7295
2026-09-29,word,chameleon,46,0,4,44956,50925
2026-09-29,word,champions,239,0,2,564,634
2026-09-29,word,chaos,1217,13,8,42763,51526
2026-09-29,word,chapter,2496,5,34,173095,242694
2026-09-29,word,chapter late,33,0,3,67070,91802
2026-09-29,word,chapter og,39,0,2,1095,1568
2026-09-29,word,chapter season,371,0,5,7612,9316
2026-09-29,word,chat,276,0,4,51831,168677
2026-09-29,word,checkpoints,55,2,2,1935,2368
2026-09-29,word,chicken,144,3,4,886,1124
2026-09-29,word,chill,1548,5,16,15336,21965
2026-09-29,word,chill guy,174,0,2,6600,8488
2026-09-29,word,christmas,1460,1,5,827,961
2026-09-29,word,circle,169,4,2,5224,7649
2026-09-29,word,circuit,168,0,2,1137,1268
2026-09-29,word,circus,57,0,4,1892,2293
2026-09-29,word,city,4085,110,83,196432,277082
2026-09-29,word,city car,114,2,5,1896,2322
2026-09-29,word,city drive,179,2,6,2887,3547
2026-09-29,word,city ffa,252,2,3,184,223
2026-09-29,word,city gun,113,1,2,4460,5570
2026-09-29,word,city mc,135,30,2,0,0
2026-09-29,word,city new,70,3,3,2186,2927
2026-09-29,word,city rp,118,4,5,15973,22978
2026-09-29,word,cizzorz,68,0,3,46129,63158
2026-09-29,word,cizzorz deathrun,46,0,2,43824,60250
2026-09-29,word,clean,731,3,2,845,1215
2026-09-29,word,click,40,3,6,16313,25058
2026-09-29,word,climb,230,3,4,2600,3284
2026-09-29,word,club,269,2,4,5933,12398
2026-09-29,word,clutch,212,2,5,78931,101261
2026-09-29,word,co,325,0,11,25411,31906
2026-09-29,word,co op,315,0,11,25411,31906
2026-09-29,word,cold,85,1,2,6353,57840
2026-09-29,word,color,708,2,13,12869,15562
2026-09-29,word,color switch,318,1,3,3283,4474
2026-09-29,word,combat,500,0,4,17138,23367
2026-09-29,word,concert,141,0,12,7004,8492
2026-09-29,word,control,941,7,5,1286987,2841745
2026-09-29,word,cool,156,7,2,0,0
2026-09-29,word,coop,370,0,11,25411,31906
2026-09-29,word,core,96,1,3,3154,4211
2026-09-29,word,correct,150,1,3,11245,12904
2026-09-29,word,course,520,1,2,3601,4661
2026-09-29,word,cover,110,0,8,0,0
2026-09-29,word,cowboy,36,1,3,480,524
2026-09-29,word,craft,56,0,3,2461,4622
2026-09-29,word,crash,205,3,3,3566,4513
2026-09-29,word,crazy,4086,22,24,313746,450645
2026-09-29,word,crazy car,27,3,2,4883,5675
2026-09-29,word,crazy drive,29,1,2,195,229
2026-09-29,word,crazy mega,53,0,2,15230,17717
2026-09-29,word,crime,108,0,2,1696,2014
2026-09-29,word,criminal,28,0,2,1943,2525
2026-09-29,word,crosshair,215,0,3,15587,20868
2026-09-29,word,cube,338,0,2,3382,3613
2026-09-29,word,cup,861,4,12,206382,316528
2026-09-29,word,cup zone,122,0,3,179592,274914
2026-09-29,word,custom,613,4,4,4324,5523
2026-09-29,word,dance,104,2,2,30,37
2026-09-29,word,dans,36,1,2,1047,1298
2026-09-29,word,dark,403,2,5,1557,2291
2026-09-29,word,dash,149,3,3,1031,1211
2026-09-29,word,days,258,0,4,2228,3109
2026-09-29,word,dead,292,2,4,8804,11608
2026-09-29,word,death,549,3,4,10078,11734
2026-09-29,word,death run,259,2,3,10062,11713
2026-09-29,word,deathmatch,856,0,2,10018,13122
2026-09-29,word,deathrun,4990,56,57,270092,334678
2026-09-29,word,deathrun level,96,0,2,833,914
2026-09-29,word,deathrun parkour,325,2,10,40621,47463
2026-09-29,word,deathrun remake,27,1,4,48340,65490
2026-09-29,word,deathrun باركور,42,7,10,121366,149107
2026-09-29,word,default,1085,0,10,27575,30964
2026-09-29,word,default deathrun,323,0,5,22651,25387
2026-09-29,word,default parkour,527,0,3,2900,3233
2026-09-29,word,defend,56,2,2,6749,8677
2026-09-29,word,defense,165,1,9,14105,19538
2026-09-29,word,demon,348,1,7,17795,22606
2026-09-29,word,demon hunters,140,0,5,13713,16998
2026-09-29,word,desert,1214,4,20,78004,94067
2026-09-29,word,desert drive,41,0,5,1411,1670
2026-09-29,word,desert zone,171,0,4,60295,71885
2026-09-29,word,diamond,292,0,3,848,1081
2026-09-29,word,die,247,2,12,69806,95173
2026-09-29,word,dig,44,2,4,8163,9494
2026-09-29,word,digital,34,0,2,1529,1872
2026-09-29,word,dino,131,4,6,10130,14899
2026-09-29,word,dirt,168,0,3,3492,4192
2026-09-29,word,dirt bike,118,0,3,3492,4192
2026-09-29,word,dirtbike,144,0,3,3492,4192
2026-09-29,word,domination,391,0,2,185,234
2026-09-29,word,don,294,1,5,13735,16730
2026-09-29,word,don fall,95,0,2,1143,1265
2026-09-29,word,doors,73,0,3,1894,2335
2026-09-29,word,dragon,288,0,7,3865,4765
2026-09-29,word,drift,340,4,5,4892,6801
2026-09-29,word,drive,2476,59,96,170605,228015
2026-09-29,word,drive car,37,2,2,1374,1537
2026-09-29,word,drive city,230,8,13,16459,22128
2026-09-29,word,drive ffa,299,1,4,23602,38719
2026-09-29,word,driver,192,1,3,1016,1419
2026-09-29,word,driving,534,10,7,9039,10901
2026-09-29,word,driving ffa,52,3,2,4749,5508
2026-09-29,word,drop,265,0,3,4984,5605
2026-09-29,word,dropper,182,6,3,6165,6531
2026-09-29,word,dungeon,135,0,6,448,671
2026-09-29,word,duo,1434,14,39,500194,794887
2026-09-29,word,duo escape,222,0,18,6547,7014
2026-09-29,word,duo zone,137,3,4,11578,18329
2026-09-29,word,duos,482,2,7,40912,55112
2026-09-29,word,easy,2480,23,10,38354,47727
2026-09-29,word,easy deathrun,403,1,3,6456,9137
2026-09-29,word,easy parkour,522,1,2,732,861
2026-09-29,word,edit,3151,13,38,366968,536904
2026-09-29,word,edit aim,151,0,3,29782,47939
2026-09-29,word,edit course,279,1,2,3601,4661
2026-09-29,word,edit piece,319,3,19,213578,313148
2026-09-29,word,edit wars,462,4,5,25096,33745
2026-09-29,word,edition,728,3,6,1547,1745
2026-09-29,word,egg,178,3,15,44958,66601
2026-09-29,word,egg hunt,83,0,2,154,193
2026-09-29,word,eggs,53,9,9,116938,236885
2026-09-29,word,elevator,30,0,3,4964,6016
2026-09-29,word,elite,272,10,6,19607,37340
2026-09-29,word,empire,167,2,7,4506,5492
2026-09-29,word,empire tycoon,39,0,2,4133,5068
2026-09-29,word,endgame,865,5,20,305169,454905
2026-09-29,word,endless,384,2,2,4387,5901
2026-09-29,word,epic,589,1,2,355,461
2026-09-29,word,escape,5172,36,223,333503,448075
2026-09-29,word,escape from,268,0,12,10118,13203
2026-09-29,word,escape game,89,0,3,64,70
2026-09-29,word,escape horror,68,1,4,2146,2495
2026-09-29,word,escape island,28,0,2,5,7
2026-09-29,word,escape prison,39,0,2,6383,7160
2026-09-29,word,escape roguelike,88,1,35,97193,133728
2026-09-29,word,escape room,1927,20,80,21692,23446
2026-09-29,word,escape tsunami,84,1,2,8389,14827
2026-09-29,word,escondite,91,1,2,413,500
2026-09-29,word,event,446,2,30,19712,24524
2026-09-29,word,events,168,1,6,9578,11286
2026-09-29,word,every,983,7,7,414063,629940
2026-09-29,word,every gun,680,5,4,412599,628244
2026-09-29,word,evil,126,1,6,2549,3041
2026-09-29,word,evolution,72,0,6,18621,23599
2026-09-29,word,extraction,91,0,2,73,82
2026-09-29,word,extreme,651,7,6,930,1049
2026-09-29,word,factory,228,3,2,1143,1463
2026-09-29,word,factory tycoon,37,0,2,1143,1463
2026-09-29,word,fall,1402,1,16,57915,66968
2026-09-29,word,fall guys,958,0,12,53521,61302
2026-09-29,word,fallguys,1023,0,12,53521,61302
2026-09-29,word,family,84,1,5,4117,5220
2026-09-29,word,fantasy,84,0,2,2972,9616
2026-09-29,word,farm,591,5,10,10407,13536
2026-09-29,word,farm royale,48,0,2,608,816
2026-09-29,word,fashion,849,1,10,27507,46868
2026-09-29,word,fashion show,719,1,9,26969,46098
2026-09-29,word,fast,643,1,2,1361,1905
2026-09-29,word,femboy,32,0,2,12722,15158
2026-09-29,word,festival,100,2,5,2513,3658
2026-09-29,word,ffa,13018,52,59,412627,586519
2026-09-29,word,ffa 1v1,229,2,2,15157,19876
2026-09-29,word,ffa all,654,3,9,59999,90346
2026-09-29,word,fight,11991,55,42,569526,1887686
2026-09-29,word,fight zone,147,0,2,3043,3821
2026-09-29,word,fighter,56,0,2,2316,2561
2026-09-29,word,fighting,129,6,3,2700,3205
2026-09-29,word,fights,8808,38,43,1128694,2098340
2026-09-29,word,fights 1v1,284,0,2,47390,85222
2026-09-29,word,fights box,28,0,3,201798,271552
2026-09-29,word,fights ffa,301,1,2,30722,48134
2026-09-29,word,fights pumps,519,2,14,110211,215323
2026-09-29,word,final,408,2,2,5205,8273
2026-09-29,word,finale,47,0,3,3853,4877
2026-09-29,word,find,357,3,4,1986,2177
2026-09-29,word,finest,34,0,9,382026,614492
2026-09-29,word,finishers,49,0,2,9429,20995
2026-09-29,word,fire,324,4,4,1109,1316
2026-09-29,word,first,2607,2,6,1246,1423
2026-09-29,word,first person,2471,1,4,1201,1372
2026-09-29,word,fish,210,1,4,18302,32643
2026-09-29,word,flash,69,1,4,364,542
2026-09-29,word,floor,467,4,6,7164,9035
2026-09-29,word,floor lava,328,1,6,7164,9035
2026-09-29,word,flying,56,2,2,0,0
2026-09-29,word,fnaf,327,1,28,35435,44809
2026-09-29,word,food,194,1,2,647,768
2026-09-29,word,football,539,2,13,62885,91083
2026-09-29,word,force,74,0,2,31,37
2026-09-29,word,forest,507,1,8,16739,21981
2026-09-29,word,formula,44,0,5,988,1200
2026-09-29,word,formula racing,29,0,5,988,1200
2026-09-29,word,fort,344,1,5,9442,16132
2026-09-29,word,fortnite,1173,0,16,102054,149480
2026-09-29,word,fortnitemares,45,1,2,981,1172
2026-09-29,word,fortography,99,0,3,3167,4968
2026-09-29,word,fps,880,2,2,0,0
2026-09-29,word,fr,84,0,4,515,711
2026-09-29,word,freddy,84,1,2,951,1160
2026-09-29,word,free,6261,24,19,473813,697918
2026-09-29,word,free all,4734,9,9,325113,469874
2026-09-29,word,free build,958,8,7,38152,54673
2026-09-29,word,free building,115,4,2,110474,173280
2026-09-29,word,freebuild,3295,20,11,83918,123907
2026-09-29,word,freebuilding,141,4,2,110474,173280
2026-09-29,word,freestyle,38,0,3,5414,6343
2026-09-29,word,frenzy,213,1,2,15878,97792
2026-09-29,word,friday,32,0,2,2899,3765
2026-09-29,word,from,386,1,16,12205,15662
2026-09-29,word,from prison,29,0,2,8056,11042
2026-09-29,word,fruits,32,0,2,9906,27923
2026-09-29,word,fun,1344,8,13,40507,47213
2026-09-29,word,galactic,249,3,3,4599,5759
2026-09-29,word,galaxy,640,1,2,605,760
2026-09-29,word,game,12540,137,95,305786,459468
2026-09-29,word,game mc,28,28,2,0,0
2026-09-29,word,game one,2182,4,7,16286,21748
2026-09-29,word,games,943,5,3,777,824
2026-09-29,word,garden,148,2,6,268305,320154
2026-09-29,word,get,185,1,4,13646,15324
2026-09-29,word,ghost,252,2,5,10490,16604
2026-09-29,word,giant,186,1,2,145,162
2026-09-29,word,glass,239,1,6,15459,17343
2026-09-29,word,glass bridge,121,0,6,15459,17343
2026-09-29,word,go,865,7,10,759111,2478250
2026-09-29,word,go goated,355,3,4,537274,867217
2026-09-29,word,go up,45,2,2,209487,1594578
2026-09-29,word,goated,646,5,7,569991,914653
2026-09-29,word,godzilla,190,1,4,4416,5180
2026-09-29,word,golf,58,0,4,6026,7354
2026-09-29,word,gorilla,57,0,2,1283,1356
2026-09-29,word,got,26,1,2,626,864
2026-09-29,word,grand,477,9,7,12065,18971
2026-09-29,word,grand drive,91,2,5,3668,4394
2026-09-29,word,granny,32,0,6,3715,4481
2026-09-29,word,green,992,7,2,141,155
2026-09-29,word,grow,58,1,5,219910,529366
2026-09-29,word,guess,1005,6,32,35958,40359
2026-09-29,word,guess correct,120,1,3,11245,12904
2026-09-29,word,guess logo,334,2,4,1926,2173
2026-09-29,word,guess song,75,0,15,6669,7277
2026-09-29,word,gun,10477,79,36,506907,751761
2026-09-29,word,gun game,9130,72,30,92758,121645
2026-09-29,word,gungame,10058,83,30,92758,121645
2026-09-29,word,guns,2277,12,26,149046,228095
2026-09-29,word,guns ffa,121,0,3,5165,8382
2026-09-29,word,guns rides,153,0,7,27213,41998
2026-09-29,word,guns vehicles,189,2,2,35340,54963
2026-09-29,word,guy,214,0,2,6600,8488
2026-09-29,word,guy pillars,30,0,2,6600,8488
2026-09-29,word,guys,1086,0,13,59941,69228
2026-09-29,word,guys obby,88,0,2,28505,32182
2026-09-29,word,gym,54,0,3,3795,4786
2026-09-29,word,hacker,27,0,2,2682,3323
2026-09-29,word,halloween,1023,8,12,5789,6669
2026-09-29,word,halloween prop,28,0,3,552,639
2026-09-29,word,happy,140,3,2,41,59
2026-09-29,word,hard,1196,27,44,205858,256441
2026-09-29,word,hard deathrun,188,3,7,8820,10458
2026-09-29,word,hard levels,59,2,2,5028,6845
2026-09-29,word,hard parkour,330,14,25,175661,219614
2026-09-29,word,havoc,144,0,3,6707,9394
2026-09-29,word,heal,36,1,2,722,1056
2026-09-29,word,heal off,26,0,2,722,1056
2026-09-29,word,heist,277,2,16,42831,63782
2026-09-29,word,hello,49,0,3,814,1007
2026-09-29,word,hero,610,1,6,1958,2641
2026-09-29,word,heroes,490,0,6,22394,30721
2026-09-29,word,hide,914,8,24,132699,167340
2026-09-29,word,hide seek,821,7,23,82485,96457
2026-09-29,word,high,273,0,6,5578,9263
2026-09-29,word,high iq,31,0,4,1079,1231
2026-09-29,word,hill,261,1,2,1630,1962
2026-09-29,word,holiday,113,0,2,825,943
2026-09-29,word,home,137,1,3,1968,2221
2026-09-29,word,hood,160,2,10,28907,65848
2026-09-29,word,horror,2434,15,142,440642,560125
2026-09-29,word,horror first,48,0,2,708,814
2026-09-29,word,hospital,100,0,9,17691,21157
2026-09-29,word,hotel,243,0,7,8963,11973
2026-09-29,word,hour,38,0,2,4460,6629
2026-09-29,word,house,654,6,9,64226,100739
2026-09-29,word,house prop,70,1,3,2305,2446
2026-09-29,word,huggy,63,1,4,562,665
2026-09-29,word,hunt,3166,14,43,123970,142757
2026-09-29,word,hunt hide,41,0,6,7281,8020
2026-09-29,word,hunter,202,0,4,1675,2019
2026-09-29,word,hunters,351,1,10,14575,18165
2026-09-29,word,hyper,186,2,2,9002,14274
2026-09-29,word,ice,610,0,3,1466,1767
2026-09-29,word,ii,108,1,3,1716,2288
2026-09-29,word,il,92,5,2,144,218
2026-09-29,word,impossible,745,8,2,487,515
2026-09-29,word,impostor,26,0,2,20608,30707
2026-09-29,word,infected,87,1,2,864,1024
2026-09-29,word,infiltration,32,0,2,856,1047
2026-09-29,word,infinite,1426,6,16,48437,74654
2026-09-29,word,infinite box,124,0,2,15002,22900
2026-09-29,word,infinity,424,0,3,15966,22761
2026-09-29,word,insane,995,5,4,2986,3428
2026-09-29,word,into,66,0,2,6909,8280
2026-09-29,word,io,104,0,4,8978,12507
2026-09-29,word,iq,360,4,12,1712,1906
2026-09-29,word,iq escape,190,2,8,1216,1377
2026-09-29,word,ishowspeed,61,0,3,4078,4810
2026-09-29,word,island,3088,10,15,6762,7755
2026-09-29,word,jackson,43,1,10,10565,12565
2026-09-29,word,jam,164,0,4,210,303
2026-09-29,word,japanese,99,0,2,0,0
2026-09-29,word,jojo,25,0,2,1977,2638
2026-09-29,word,jujutsu,74,0,3,2003,2582
2026-09-29,word,jump,490,3,18,123203,239640
2026-09-29,word,jungle,493,4,2,83,106
2026-09-29,word,jurassic,101,0,5,4311,5552
2026-09-29,word,keyboard,195,3,10,88013,121098
2026-09-29,word,keyboard escape,31,1,4,60316,88488
2026-09-29,word,kick,52,0,4,27037,53968
2026-09-29,word,king,739,6,2,770,1853
2026-09-29,word,kingdom,144,1,2,199,261
2026-09-29,word,knockback,70,1,2,1388,1639
2026-09-29,word,knockout,115,0,2,770,944
2026-09-29,word,ko,37,1,2,83,106
2026-09-29,word,kpop,591,1,11,27185,36517
2026-09-29,word,kpop demon,134,0,3,6896,9308
2026-09-29,word,lab,161,1,8,16534,20592
2026-09-29,word,lake,131,0,2,2680,3257
2026-09-29,word,land,258,0,2,354,406
2026-09-29,word,laser,143,0,2,2928,3725
2026-09-29,word,last,684,14,9,519106,973272
2026-09-29,word,last storm,166,9,7,518657,972741
2026-09-29,word,late,734,6,8,105475,154970
2026-09-29,word,late game,675,4,6,105123,154570
2026-09-29,word,lategame,843,5,7,107778,157913
2026-09-29,word,lava,1094,2,10,10594,14646
2026-09-29,word,league,294,0,4,15493,22168
2026-09-29,word,legend,107,1,4,2044,2991
2026-09-29,word,legends,255,2,3,228755,312361
2026-09-29,word,level,2018,19,25,36932,42185
2026-09-29,word,level default,107,0,3,18854,21103
2026-09-29,word,level easy,162,1,2,1726,2090
2026-09-29,word,level escape,117,4,3,0,0
2026-09-29,word,level hard,94,2,3,3997,4140
2026-09-29,word,level obby,141,0,2,6299,7508
2026-09-29,word,level parkour,140,1,2,3091,4042
2026-09-29,word,leveling,40,0,2,2834,4451
2026-09-29,word,levels,2254,41,37,130273,167072
2026-09-29,word,levels hard,70,0,2,2377,2677
2026-09-29,word,levels parkour,136,1,2,553,662
2026-09-29,word,levels باركور,40,2,7,35992,46916
2026-09-29,word,life,305,4,14,6376,10663
2026-09-29,word,like,75,1,3,31,35
2026-09-29,word,live,222,0,18,7169,8659
2026-09-29,word,live event,125,0,12,5598,6917
2026-09-29,word,loadout,141,1,2,19876,28803
2026-09-29,word,lofi,67,0,2,0,0
2026-09-29,word,logo,492,2,5,1926,2173
2026-09-29,word,loot,436,4,3,10678,13369
2026-09-29,word,los,103,0,2,15823,18412
2026-09-29,word,lost,242,1,5,2209,3155
2026-09-29,word,love,173,1,2,113,114
2026-09-29,word,lucky,516,1,24,137383,219242
2026-09-29,word,lucky block,187,0,13,79229,117054
2026-09-29,word,lucky blocks,51,0,3,21146,32968
2026-09-29,word,luxury,95,0,2,624,711
2026-09-29,word,lvl,229,6,5,7635,8976
2026-09-29,word,mafia,41,1,4,4195,5784
2026-09-29,word,magic,85,1,2,17,17
2026-09-29,word,mall,299,1,3,91186,105714
2026-09-29,word,mall prop,83,1,2,2943,3333
2026-09-29,word,man,200,0,2,665,763
2026-09-29,word,mansion,389,1,7,3952,4562
2026-09-29,word,mansion tycoon,74,0,2,667,867
2026-09-29,word,map,6821,22,20,104632,169076
2026-09-29,word,map edit,287,1,2,13356,19805
2026-09-29,word,map pumps,124,2,4,78802,129772
2026-09-29,word,martoz,58,0,3,100110,150749
2026-09-29,word,master,142,3,2,2471,3130
2026-09-29,word,masters,48,0,3,5499,7507
2026-09-29,word,mayhem,425,4,5,2001,2369
2026-09-29,word,mc,234,62,13,8836,10447
2026-09-29,word,mc jackson,30,0,8,8836,10447
2026-09-29,word,mechanics,187,4,9,170009,289932
2026-09-29,word,mechanics training,78,2,3,130587,227652
2026-09-29,word,mega,3350,29,36,318837,484679
2026-09-29,word,mega car,35,2,2,15125,17599
2026-09-29,word,mega city,133,1,2,159,211
2026-09-29,word,mega ramp,851,8,12,7962,9020
2026-09-29,word,meme,1234,3,9,45900,56827
2026-09-29,word,meme pillars,65,0,2,3185,4296
2026-09-29,word,memes,174,1,2,2523,3456
2026-09-29,word,merge,39,0,4,6136,9419
2026-09-29,word,meta,67,1,2,1874,2390
2026-09-29,word,midas,184,1,2,7,14
2026-09-29,word,midnight,151,0,14,9701,11154
2026-09-29,word,military,164,1,5,9788,13313
2026-09-29,word,minecraft,314,2,10,10261,12499
2026-09-29,word,mini,1259,4,4,7544,8543
2026-09-29,word,minigame,455,0,4,138291,164621
2026-09-29,word,minigames,514,1,11,157304,190420
2026-09-29,word,mining,48,2,3,26526,31899
2026-09-29,word,mira,41,0,2,7281,11023
2026-09-29,word,mission,104,2,3,38,42
2026-09-29,word,money,67,1,2,11848,13267
2026-09-29,word,monkey,105,3,3,1565,2037
2026-09-29,word,monster,210,2,4,874,1021
2026-09-29,word,moon,207,2,3,219,260
2026-09-29,word,motel,28,1,2,66,86
2026-09-29,word,moto,106,0,5,5637,6596
2026-09-29,word,motocross,70,0,2,564,634
2026-09-29,word,mountain,341,0,3,5025,6702
2026-09-29,word,movie,98,0,3,1650,1882
2026-09-29,word,murder,172,0,7,131020,375682
2026-09-29,word,murder mystery,86,0,4,125384,354934
2026-09-29,word,muscle,29,0,4,4298,5510
2026-09-29,word,museum,89,1,3,2345,2697
2026-09-29,word,music,1485,2,35,11244,15100
2026-09-29,word,music 1v1,364,0,3,232,294
2026-09-29,word,music block,33,0,3,23,35
2026-09-29,word,music blocks,194,0,8,0,0
2026-09-29,word,mutant,36,3,3,566,682
2026-09-29,word,mx,39,0,2,1242,1935
2026-09-29,word,mystery,237,0,5,125400,354950
2026-09-29,word,mythic,594,2,2,2059,2348
2026-09-29,word,naruto,77,0,3,259,314
2026-09-29,word,natural,42,0,2,2145,2317
2026-09-29,word,neighbor,27,1,2,2657,2925
2026-09-29,word,neon,447,8,3,1666,2419
2026-09-29,word,new,3867,15,26,42798,65794
2026-09-29,word,new combat,46,0,2,9824,13557
2026-09-29,word,new season,127,0,2,9643,11286
2026-09-29,word,nexus,128,2,2,651,658
2026-09-29,word,night,620,7,10,10322,13446
2026-09-29,word,night shift,28,1,3,9254,12186
2026-09-29,word,nightmare,167,0,5,3614,4420
2026-09-29,word,nights,146,1,8,33681,41030
2026-09-29,word,ninja,270,1,3,2574,3022
2026-09-29,word,nite,103,1,2,1222,2232
2026-09-29,word,no,1508,4,2,285,342
2026-09-29,word,nuke,120,0,2,5429,6792
2026-09-29,word,number,26,2,2,815,1115
2026-09-29,word,obby,1507,6,35,102798,117649
2026-09-29,word,obby parkour,535,3,16,32267,36509
2026-09-29,word,octo,295,0,2,2803,4407
2026-09-29,word,off,200,0,4,17042,21595
2026-09-29,word,og,4417,15,13,25705,34257
2026-09-29,word,og map,50,0,2,1095,1568
2026-09-29,word,omega,87,0,4,2165,2433
2026-09-29,word,one,7942,29,30,160664,213051
2026-09-29,word,one block,30,0,3,625,742
2026-09-29,word,one shot,6983,26,22,156270,207195
2026-09-29,word,oneshot,7652,28,23,156270,207195
2026-09-29,word,only,3569,3,19,150926,200563
2026-09-29,word,only up,1069,1,18,146409,194584
2026-09-29,word,onlyup,1519,3,18,146409,194584
2026-09-29,word,op,432,1,12,27729,34444
2026-09-29,word,open,420,6,6,9682,14484
2026-09-29,word,open world,269,3,3,9319,14033
2026-09-29,word,operation,131,1,3,954,1155
2026-09-29,word,or,574,7,18,73324,98871
2026-09-29,word,or die,179,1,11,60331,82636
2026-09-29,word,order,56,0,2,335,385
2026-09-29,word,original,121,1,2,261,299
2026-09-29,word,pack,27,0,2,2909,4895
2026-09-29,word,paint,70,1,3,3351,3737
2026-09-29,word,palestine,57,2,2,29748,48840
2026-09-29,word,pandvil,58,0,6,287830,612931
2026-09-29,word,paradise,513,4,3,28788,36963
2026-09-29,word,park,548,0,7,6725,7857
2026-09-29,word,parkour,7265,54,121,434794,531999
2026-09-29,word,parkour deathrun,300,8,16,124115,152468
2026-09-29,word,parkour fall,32,0,2,2175,2360
2026-09-29,word,parkour hard,82,3,5,9832,11972
2026-09-29,word,parkour level,138,2,2,1053,1157
2026-09-29,word,parkour levels,794,8,16,101820,133206
2026-09-29,word,parkour lvl,41,0,2,2981,3544
2026-09-29,word,parkour obby,69,1,4,3785,4407
2026-09-29,word,parkour باركور,41,1,5,5556,6422
2026-09-29,word,part,189,0,4,423,467
2026-09-29,word,party,2365,19,71,112605,321994
2026-09-29,word,party royal,418,6,12,3691,9528
2026-09-29,word,party royale,988,6,33,80485,248962
2026-09-29,word,per,39,1,9,7921,9316
2026-09-29,word,person,2597,1,4,1201,1372
2026-09-29,word,pet,121,7,8,26572,32705
2026-09-29,word,pets,52,1,2,944,2049
2026-09-29,word,phantom,50,1,2,11459,14104
2026-09-29,word,photo,43,0,2,3167,4968
2026-09-29,word,piece,1359,9,35,1587117,3287897
2026-09-29,word,piece 1v1,68,0,6,159483,231869
2026-09-29,word,piece control,760,6,5,1286987,2841745
2026-09-29,word,piece practice,42,1,3,31889,50977
2026-09-29,word,pilars,134,11,6,23675,33664
2026-09-29,word,pilars pilers,38,3,2,2226,2633
2026-09-29,word,pilers,84,6,5,17323,24143
2026-09-29,word,pillars,3225,39,59,1470021,2207988
2026-09-29,word,pillars ffa,44,0,2,44998,61423
2026-09-29,word,pillars pillers,43,5,5,13216,18090
2026-09-29,word,pillers,145,11,7,25994,36632
2026-09-29,word,pillers pilars,57,9,4,10897,15122
2026-09-29,word,pistol,356,2,2,905,1209
2026-09-29,word,pit,3684,3,8,350724,511015
2026-09-29,word,place,92,1,3,4969,11278
2026-09-29,word,player,1301,1,2,5737,7227
2026-09-29,word,players,1779,5,4,34688,55172
2026-09-29,word,playground,298,0,14,25519,31543
2026-09-29,word,playtime,52,6,11,9666,11051
2026-09-29,word,police,65,0,3,1245,1730
2026-09-29,word,poppy,73,6,12,12778,14951
2026-09-29,word,poppy playtime,30,6,10,9530,10903
2026-09-29,word,power,416,2,3,1578,1916
2026-09-29,word,practice,2288,14,25,333819,512707
2026-09-29,word,practice aim,56,0,6,35897,53483
2026-09-29,word,prison,794,2,23,40668,56363
2026-09-29,word,prison break,58,0,2,2091,2851
2026-09-29,word,prison escape,100,0,7,18217,26264
2026-09-29,word,pro,2054,9,14,169319,291911
2026-09-29,word,project,154,0,2,2699,3399
2026-09-29,word,prop,2670,10,30,118111,135656
2026-09-29,word,prop hunt,2600,10,30,118111,135656
2026-09-29,word,prophunt,2777,10,31,118111,135656
2026-09-29,word,protocol,42,0,2,115,159
2026-09-29,word,proximity,212,0,3,51512,168123
2026-09-29,word,proximity chat,184,0,3,51512,168123
2026-09-29,word,pt,27,0,2,583,733
2026-09-29,word,pump,1642,10,3,87742,132249
2026-09-29,word,pumps,1102,5,18,189013,345095
2026-09-29,word,pursuit,35,0,2,6232,8423
2026-09-29,word,pvp,11238,32,31,1303516,1869494
2026-09-29,word,pvp box,209,2,5,269232,364356
2026-09-29,word,pyramid,102,2,2,350,411
2026-09-29,word,queen,42,0,3,1616,1937
2026-09-29,word,quest,111,1,3,70,89
2026-09-29,word,race,1466,17,19,12217,17600
2026-09-29,word,race car,54,5,4,1645,1834
2026-09-29,word,racing,598,5,10,2610,3061
2026-09-29,word,raft,63,0,3,7688,10091
2026-09-29,word,raft tycoon,25,0,3,7688,10091
2026-09-29,word,raiders,34,0,2,328,361
2026-09-29,word,rails,27,0,2,345,429
2026-09-29,word,rainbow,321,6,9,18316,23739
2026-09-29,word,ramp,1768,24,36,84395,100847
2026-09-29,word,ramp car,86,7,4,1723,1929
2026-09-29,word,ramp city,39,2,2,64,71
2026-09-29,word,ramp jump,53,0,5,8192,10301
2026-09-29,word,ramp survival,46,0,2,3266,3696
2026-09-29,word,ranked,2928,5,9,183500,271333
2026-09-29,word,rap,60,0,5,250,292
2026-09-29,word,rapid,430,3,12,172370,321698
2026-09-29,word,rapid boxfights,32,0,3,42948,82531
2026-09-29,word,rapid zero,28,0,2,42844,96593
2026-09-29,word,real,329,4,15,16590,23234
2026-09-29,word,realistic,1570,7,16,422658,677149
2026-09-29,word,realistic pvp,182,2,2,15605,19713
2026-09-29,word,realistic reload,55,0,2,25129,41105
2026-09-29,word,realistics,1029,3,16,530791,854653
2026-09-29,word,realistics 1v1,132,0,5,62298,119987
2026-09-29,word,red,16422,113,34,848886,1216090
2026-09-29,word,red blue,15093,108,31,826813,1183833
2026-09-29,word,reimagined,41,0,2,8335,10028
2026-09-29,word,relax,125,0,2,1157,1545
2026-09-29,word,reload,3690,16,29,750316,1104544
2026-09-29,word,reload 1v1,280,0,2,15130,23248
2026-09-29,word,reload 1v1v1,258,3,2,2937,3519
2026-09-29,word,remake,130,7,7,54043,71644
2026-09-29,word,remix,232,3,2,3755,4752
2026-09-29,word,remixed,30,0,2,121,155
2026-09-29,word,rescue,57,0,3,324725,480624
2026-09-29,word,resident,60,0,4,1382,1711
2026-09-29,word,resident evil,52,0,4,1382,1711
2026-09-29,word,respawn,258,0,2,1009,1315
2026-09-29,word,revenge,58,0,2,0,0
2026-09-29,word,rewind,28,0,3,10005,13070
2026-09-29,word,rex,50,2,2,3345,3621
2026-09-29,word,rezon,78,0,2,315043,717717
2026-09-29,word,ride,94,3,4,1210,1754
2026-09-29,word,riders,50,0,2,1084,1303
2026-09-29,word,rides,177,0,9,32518,50655
2026-09-29,word,rise,84,0,2,342,370
2026-09-29,word,rivals,252,4,2,49003,63845
2026-09-29,word,rng,90,0,2,173,190
2026-09-29,word,road,543,9,16,25634,33104
2026-09-29,word,road battle,30,5,6,2067,2329
2026-09-29,word,rocket,552,4,6,4717,6293
2026-09-29,word,rocket cars,48,1,2,1042,1287
2026-09-29,word,rockets,366,1,5,28873,36731
2026-09-29,word,rockets cars,213,1,3,28592,36360
2026-09-29,word,rogue,59,1,7,419,503
2026-09-29,word,roguelike,522,3,143,189524,265171
2026-09-29,word,roleplay,264,0,4,8870,11431
2026-09-29,word,roll,36,2,2,11541,12931
2026-09-29,word,room,2314,20,87,27061,37541
2026-09-29,word,room levels,42,0,3,1246,1407
2026-09-29,word,rot,103,0,3,22402,47903
2026-09-29,word,royal,1016,9,13,3691,9528
2026-09-29,word,royale,4265,20,50,150467,342912
2026-09-29,word,rp,1510,38,36,73789,116352
2026-09-29,word,rpg,158,0,2,997,1259
2026-09-29,word,run,1351,13,13,124483,165785
2026-09-29,word,run obby,27,0,2,10037,11687
2026-09-29,word,runners,275,1,2,1080,1316
2026-09-29,word,rush,733,10,3,105,111
2026-09-29,word,rvb,1016,30,15,64135,79436
2026-09-29,word,rvb red,312,7,10,62647,77735
2026-09-29,word,s2,169,3,3,11362,17310
2026-09-29,word,save,133,0,3,1028,1231
2026-09-29,word,scary,143,3,10,18411,23824
2026-09-29,word,school,279,0,10,16393,23608
2026-09-29,word,scott,72,0,2,143,168
2026-09-29,word,scp,56,0,4,1472,1777
2026-09-29,word,scream,34,3,4,113995,154430
2026-09-29,word,scrims,1058,8,16,285928,451615
2026-09-29,word,scrims سكرمز,87,0,2,4537,7161
2026-09-29,word,season,1506,2,9,18350,22170
2026-09-29,word,secret,436,2,5,7110,10322
2026-09-29,word,seek,854,7,25,85836,100194
2026-09-29,word,seven,134,2,3,3779,13139
2026-09-29,word,shadow,335,6,3,9750,16738
2026-09-29,word,shift,79,1,8,68177,86363
2026-09-29,word,shinobi,28,0,2,2826,3906
2026-09-29,word,shoot,224,3,2,3420,4492
2026-09-29,word,shot,7353,30,26,187447,243798
2026-09-29,word,shot gun,687,4,3,42355,56232
2026-09-29,word,shot parkour,74,1,3,27071,31518
2026-09-29,word,shotgun,995,5,3,42355,56232
2026-09-29,word,show,840,1,12,29255,49066
2026-09-29,word,showdown,661,4,3,843,1101
2026-09-29,word,sidekick,71,0,6,2510,4950
2026-09-29,word,sidekicks,38,0,2,538,661
2026-09-29,word,siege,131,0,2,5220,6541
2026-09-29,word,simpsons,51,0,2,876,1128
2026-09-29,word,simulator,644,3,10,36554,47397
2026-09-29,word,six,92,1,2,701,764
2026-09-29,word,skibidi,315,0,2,274,316
2026-09-29,word,skibidi toilet,114,0,2,274,316
2026-09-29,word,skins,192,5,12,62742,89291
2026-09-29,word,sky,769,7,4,1716,2270
2026-09-29,word,slap,82,1,4,8113,11588
2026-09-29,word,slide,809,3,15,11863,17458
2026-09-29,word,slide chill,239,0,9,7760,12095
2026-09-29,word,slow,244,0,2,12537,19904
2026-09-29,word,smash,148,1,2,15719,20404
2026-09-29,word,sneaky,47,0,2,13229,16707
2026-09-29,word,sniper,2993,14,17,243843,312818
2026-09-29,word,sniper one,999,4,6,70028,93269
2026-09-29,word,snipers,669,5,2,13229,16707
2026-09-29,word,soccer,264,1,6,56055,84043
2026-09-29,word,soccer football,36,0,3,12210,22756
2026-09-29,word,solo,2270,12,15,234070,359709
2026-09-29,word,solo cup,108,0,2,92588,145553
2026-09-29,word,solo scrims,195,2,4,122861,185980
2026-09-29,word,solos,159,0,2,7249,10627
2026-09-29,word,song,184,1,21,17653,19699
2026-09-29,word,songs,309,1,10,8243,11630
2026-09-29,word,sonic,68,0,8,5567,6405
2026-09-29,word,space,899,3,3,1794,2575
2026-09-29,word,speed,1368,20,29,482323,735734
2026-09-29,word,speed car,30,5,2,401,454
2026-09-29,word,speed keyboard,28,0,7,78839,110340
2026-09-29,word,speedrun,334,5,3,4632,5732
2026-09-29,word,spider,136,5,4,4329,5031
2026-09-29,word,spiders,197,60,5,354,404
2026-09-29,word,spiders city,181,58,4,0,0
2026-09-29,word,spirit,38,0,2,552,639
2026-09-29,word,sprite,143,4,15,276707,396675
2026-09-29,word,sprites,64,2,8,34764,73713
2026-09-29,word,squad,303,1,3,9849,14490
2026-09-29,word,squid,781,4,11,88974,161833
2026-09-29,word,squid game,410,3,8,84970,156697
2026-09-29,word,squishy,27,0,4,5858,7542
2026-09-29,word,stadium,207,2,2,189,223
2026-09-29,word,stage,81,1,4,481,590
2026-09-29,word,star,1290,7,47,271007,507118
2026-09-29,word,star wars,966,6,44,269228,505169
2026-09-29,word,starwars,1031,6,44,269228,505169
2026-09-29,word,station,159,2,2,3845,4576
2026-09-29,word,steal,595,7,19,433113,1548980
2026-09-29,word,steal brainrot,156,1,2,379638,1461511
2026-09-29,word,steal brainrots,26,1,2,1223,1589
2026-09-29,word,step,29,0,6,1437,1620
2026-09-29,word,steve,34,2,3,456,502
2026-09-29,word,store,74,0,3,3980,4502
2026-09-29,word,storm,576,10,9,531995,994393
2026-09-29,word,stranger,158,0,5,1495,2077
2026-09-29,word,stranger things,120,0,4,1161,1445
2026-09-29,word,studio,139,1,4,3653,5668
2026-09-29,word,stunt,39,0,4,651,733
2026-09-29,word,summer,1026,0,5,28249,36346
2026-09-29,word,summer one,86,0,2,23180,30030
2026-09-29,word,super,5378,50,47,505157,734886
2026-09-29,word,super 1v1,214,2,5,11523,16868
2026-09-29,word,super 1v1v1,73,0,2,6408,10049
2026-09-29,word,super car,64,1,4,1798,1992
2026-09-29,word,super cars,54,3,2,432,509
2026-09-29,word,super mega,112,0,2,122,149
2026-09-29,word,super pillars,92,5,2,219675,348330
2026-09-29,word,super ramp,145,6,3,42473,51369
2026-09-29,word,super road,31,5,6,2067,2329
2026-09-29,word,super sniper,91,0,2,6680,8693
2026-09-29,word,supercar,89,1,4,1798,1992
2026-09-29,word,superhero,210,0,3,247,342
2026-09-29,word,supermarket,75,0,5,91023,105947
2026-09-29,word,survival,1212,7,68,103775,130083
2026-09-29,word,survival horror,28,0,3,1348,1749
2026-09-29,word,survive,465,2,16,11828,16429
2026-09-29,word,swap,73,0,2,14325,48749
2026-09-29,word,sweat,63,1,2,7507,8455
2026-09-29,word,switch,520,1,3,3283,4474
2026-09-29,word,sword,139,2,2,239,267
2026-09-29,word,tacos,27,0,2,298,335
2026-09-29,word,tag,264,0,5,28517,42623
2026-09-29,word,tank,116,1,2,51342,67257
2026-09-29,word,team,1385,7,4,11648,13957
2026-09-29,word,tennis,29,0,2,578,632
2026-09-29,word,terror,85,3,3,2217,2554
2026-09-29,word,test,394,1,7,1183,1352
2026-09-29,word,things,137,1,4,1161,1445
2026-09-29,word,tiktok,382,0,2,27095,35803
2026-09-29,word,tilted,5097,20,11,506598,661042
2026-09-29,word,tilted zone,749,4,8,495377,646401
2026-09-29,word,timer,29,0,2,19364,30450
2026-09-29,word,tmnt,1008,7,13,4127,4948
2026-09-29,word,together,69,1,4,15586,18771
2026-09-29,word,toilet,175,1,2,274,316
2026-09-29,word,top,337,3,3,1109,1774
2026-09-29,word,tornado,27,0,2,2023,2525
2026-09-29,word,tour,83,1,3,81,94
2026-09-29,word,tournament,229,0,2,6239,9817
2026-09-29,word,tower,993,9,15,30023,41772
2026-09-29,word,tower defense,54,1,4,9364,13330
2026-09-29,word,tower tycoon,47,1,3,11339,16901
2026-09-29,word,town,596,2,7,19589,52921
2026-09-29,word,toy,125,1,4,332633,491569
2026-09-29,word,track,184,1,2,484,544
2026-09-29,word,train,161,1,2,925,1081
2026-09-29,word,training,1638,11,26,203681,335177
2026-09-29,word,training aim,41,0,4,13767,18471
2026-09-29,word,training edit,35,0,2,5730,8580
2026-09-29,word,training practice,32,1,2,22450,35405
2026-09-29,word,trap,128,1,4,3324,3952
2026-09-29,word,travis,95,0,2,143,168
2026-09-29,word,travis scott,71,0,2,143,168
2026-09-29,word,treasure,80,0,3,244,375
2026-09-29,word,trials,92,1,2,481,601
2026-09-29,word,trick,167,2,6,31239,36686
2026-09-29,word,trick shot,109,1,4,31177,36603
2026-09-29,word,trickshot,1111,32,11,33429,39186
2026-09-29,word,trio,341,2,15,73052,96162
2026-09-29,word,trio escape,36,0,10,1709,1890
2026-09-29,word,trio zone,58,1,2,19017,24507
2026-09-29,word,trios,165,0,2,46708,60742
2026-09-29,word,troll,228,2,5,176451,239191
2026-09-29,word,tropical,294,2,2,896,1195
2026-09-29,word,truck,74,0,3,7270,9779
2026-09-29,word,tsunami,228,2,4,8930,16478
2026-09-29,word,tu,61,1,2,471,835
2026-09-29,word,tung,293,0,3,491,586
2026-09-29,word,tung tung,126,0,3,491,586
2026-09-29,word,turtle,464,2,5,27286,43051
2026-09-29,word,twdu,217,0,4,9634,12553
2026-09-29,word,two,99,0,3,992,1098
2026-09-29,word,tycoon,4015,14,102,628614,977669
2026-09-29,word,tycoon co,164,0,3,3637,4209
2026-09-29,word,tycoon new,63,1,3,6423,7901
2026-09-29,word,ultimate,2526,10,11,6942,9081
2026-09-29,word,ultra,1038,8,5,11580,17500
2026-09-29,word,ultra 1v1,70,0,2,10962,16765
2026-09-29,word,unc,721,1,10,43648,65445
2026-09-29,word,undead,58,0,2,59,67
2026-09-29,word,universe,94,0,3,1007,1161
2026-09-29,word,unreal,211,1,2,4648,5448
2026-09-29,word,up,2011,8,30,411134,1962234
2026-09-29,word,up chapter,32,0,3,19217,24756
2026-09-29,word,update,769,2,6,9749,14365
2026-09-29,word,updated,520,0,3,1035,1220
2026-09-29,word,us,138,0,2,531,648
2026-09-29,word,v1,602,4,4,5339,9001
2026-09-29,word,v2,744,6,6,2484,3652
2026-09-29,word,v3,153,1,2,2883,4053
2026-09-29,word,vader,28,0,3,1592,2034
2026-09-29,word,valentine,102,0,2,0,0
2026-09-29,word,vault,191,0,2,2664,3612
2026-09-29,word,vehicles,433,2,5,36502,56405
2026-09-29,word,verity,48,1,11,44110,54170
2026-09-29,word,vi,78,0,3,1820,2181
2026-09-29,word,vibe,120,0,5,9087,20625
2026-09-29,word,video,33,0,2,2274,3490
2026-09-29,word,villa,129,0,3,2618,2873
2026-09-29,word,walls,62,1,2,1014,1162
2026-09-29,word,warmup,613,1,4,7417,9972
2026-09-29,word,wars,14855,55,129,2022536,3148786
2026-09-29,word,wars 1v1,262,2,5,114851,185934
2026-09-29,word,wars all,79,0,3,14257,18567
2026-09-29,word,wars duo,91,0,3,26018,38097
2026-09-29,word,wars endgame,51,0,4,180466,276060
2026-09-29,word,wars gun,47,0,2,355,461
2026-09-29,word,wars pvp,63,1,2,7422,13530
2026-09-29,word,wars zero,155,1,2,1429,1855
2026-09-29,word,wars zone,115,0,2,6224,8721
2026-09-29,word,water,304,2,2,10447,16146
2026-09-29,word,weapons,3649,2,8,27968,48592
2026-09-29,word,weapons cars,154,0,2,834,905
2026-09-29,word,white,338,0,2,1558,1596
2026-09-29,word,who,91,0,3,4456,4835
2026-09-29,word,wild,431,5,3,61611,82660
2026-09-29,word,win,144,8,4,6041,7914
2026-09-29,word,winter,1371,3,8,29105,36946
2026-09-29,word,world,1420,15,22,139475,174421
2026-09-29,word,wuggy,35,1,4,562,665
2026-09-29,word,xtreme,54,0,2,3605,4915
2026-09-29,word,yacht,419,0,2,3763,4270
2026-09-29,word,you,359,0,3,2024,2300
2026-09-29,word,youtuber,82,0,2,4440,5959
2026-09-29,word,zero,3274,9,22,104838,200342
2026-09-29,word,zero build,2548,7,20,100348,193495
2026-09-29,word,zerobuild,2726,9,20,100348,193495
2026-09-29,word,zombie,1575,13,38,70228,94279
2026-09-29,word,zombie city,66,0,4,1097,1345
2026-09-29,word,zombie escape,38,0,2,13173,19309
2026-09-29,word,zombie island,53,0,2,930,1041
2026-09-29,word,zombieland,49,0,3,725,839
2026-09-29,word,zombies,746,1,15,14648,18559
2026-09-29,word,zone,11364,45,60,1471823,2173066
2026-09-29,word,zone wars,9844,36,54,1463271,2160347
2026-09-29,word,zonewars,14277,45,56,1464432,2162061
2026-09-29,word,zoo,59,1,4,2855,3354
2026-09-29,word,العاصفه,47,0,7,518657,972741
2026-09-29,word,العرب,43,0,3,7182,10080
2026-09-29,word,المعرقين,132,0,5,234334,374846
2026-09-29,word,باركور,529,25,58,253097,310988
2026-09-29,word,باركور صعب,81,1,9,38670,50136
2026-09-29,word,تحدي,45,1,4,5577,7190
2026-09-29,word,حرب,207,2,3,14857,23705
2026-09-29,word,دو,32,0,4,135384,226360
2026-09-29,word,ريلود,33,0,2,25129,41105
2026-09-29,word,سكرمز,858,2,27,882587,1555155
2026-09-29,word,سكرمز العاصفه,37,0,6,513301,964246
2026-09-29,word,سكرمز المعرقين,41,0,4,224792,351240
2026-09-29,word,صعب,99,3,10,42362,54425
2026-09-29,word,فايت,135,2,3,26133,40311
2026-09-29,word,فلسطين,50,1,2,74594,121122
2026-09-29,word,ماب,347,6,6,13397,28950
2026-09-29,word,ماب باركور,39,4,4,1398,1566
2026-09-29,word,مرحلة,43,1,3,1462,1630
2026-09-29,word,ملطوخ,42,0,2,25325,40464
2026-09-29,word,高性能,76,0,2,59783,108819
2026-09-29,word,高性能 1v1,30,0,2,59783,108819
2026-09-30,tag,,1,0,0,0,0
2026-09-30,tag,1v1,62685,386,199,3947316,7087061
2026-09-30,tag,2d,656,9,2,1441,1832
2026-09-30,tag,2v2,5762,50,42,1880041,3638838
2026-09-30,tag,3v3,2523,19,20,509272,883445
2026-09-30,tag,4v4,3632,19,12,179640,326454
2026-09-30,tag,5v5,1801,15,5,76390,175085
2026-09-30,tag,6v6,1158,5,2,0,0
2026-09-30,tag,7v7,213,3,1,0,0
2026-09-30,tag,8v8,3095,16,9,7085,8751
2026-09-30,tag,action,32026,129,86,171332,238305
2026-09-30,tag,ad,189,1,3,141,358
2026-09-30,tag,adventure,8766,109,167,791915,1081414
2026-09-30,tag,aim course,2822,14,37,387821,605393
2026-09-30,tag,arcade,3075,14,11,9518,11332
2026-09-30,tag,arena,11521,68,25,177362,275209
2026-09-30,tag,artistic,2965,16,34,135236,163293
2026-09-30,tag,atmospheric,3665,23,21,8740,10474
2026-09-30,tag,attack,5950,31,8,7140,8536
2026-09-30,tag,base,2153,12,27,198500,367704
2026-09-30,tag,base building,1704,9,10,35408,42312
2026-09-30,tag,battle,23784,99,53,191319,304816
2026-09-30,tag,battle royale,9956,65,26,84394,187438
2026-09-30,tag,board game,647,7,15,14095,16346
2026-09-30,tag,boss battle,2727,27,183,211430,288019
2026-09-30,tag,boxfight,25308,94,58,3746126,6704621
2026-09-30,tag,building,34874,176,93,1348551,2683198
2026-09-30,tag,capture the flag,1816,6,2,397,560
2026-09-30,tag,card game,122,4,0,0,0
2026-09-30,tag,casual,17651,150,367,2590016,7339490
2026-09-30,tag,choices matter,516,7,6,43470,100652
2026-09-30,tag,classes,1083,9,9,53437,72866
2026-09-30,tag,clicker,241,5,4,912,1180
2026-09-30,tag,co-op,5329,32,194,237848,325879
2026-09-30,tag,collection,1176,21,23,156036,219773
2026-09-30,tag,competitive,44070,182,120,2047644,3694894
2026-09-30,tag,crafting,260,2,4,2066,2869
2026-09-30,tag,creatures,4177,71,194,522806,650790
2026-09-30,tag,deathrun,16627,181,312,935114,1198886
2026-09-30,tag,defend,1117,9,2,0,0
2026-09-30,tag,difficulty: easy,7613,23,51,62088,74150
2026-09-30,tag,difficulty: hard,2445,30,56,219084,271030
2026-09-30,tag,difficulty: impossible,1141,27,35,210851,269278
2026-09-30,tag,difficulty: medium,2469,11,14,22671,27062
2026-09-30,tag,difficulty: ultra hard,536,5,4,140,168
2026-09-30,tag,difficulty: very hard,712,13,5,5728,6122
2026-09-30,tag,driver simulator,4197,89,95,187882,248530
2026-09-30,tag,duo,3477,18,64,1413582,2712938
2026-09-30,tag,economy,428,11,6,3053,3891
2026-09-30,tag,edit course,3619,15,38,411415,645213
2026-09-30,tag,educational,810,4,6,1751,2406
2026-09-30,tag,episodic,66,1,0,0,0
2026-09-30,tag,escape,8359,59,306,613955,834377
2026-09-30,tag,event,1229,9,43,25987,37290
2026-09-30,tag,exploration,3948,51,67,55180,85931
2026-09-30,tag,explosives,805,5,0,0,0
2026-09-30,tag,farming simulator,356,7,4,1900,2835
2026-09-30,tag,fashion,2272,9,34,42369,76438
2026-09-30,tag,fighting,13597,82,44,60652,85333
2026-09-30,tag,first person,6218,16,150,380313,516806
2026-09-30,tag,fortnitemares,980,17,4,856,1545
2026-09-30,tag,free for all,70745,372,321,3399852,5064457
2026-09-30,tag,friendly,6426,52,67,33392,119014
2026-09-30,tag,funny,9610,56,55,76853,126462
2026-09-30,tag,gun fight,7794,40,12,21614,46196
2026-09-30,tag,gun game,12718,71,37,102054,132513
2026-09-30,tag,hardcore,583,6,2,562,736
2026-09-30,tag,heroes,2514,4,15,184639,253005
2026-09-30,tag,horror,5612,43,220,506966,633796
2026-09-30,tag,hub,477,3,4,151,221
2026-09-30,tag,infection,449,7,3,489,665
2026-09-30,tag,jam system,324,4,17,1207,2652
2026-09-30,tag,just for fun,60851,558,1031,6834602,13612154
2026-09-30,tag,king of the hill,606,6,2,1913,2140
2026-09-30,tag,melee,1621,6,5,3534,6906
2026-09-30,tag,memes,3004,26,23,85693,108280
2026-09-30,tag,minigame,17679,175,291,2182302,3204384
2026-09-30,tag,mining,128,2,0,0,0
2026-09-30,tag,moba,142,3,0,0,0
2026-09-30,tag,moving,943,9,11,46051,61241
2026-09-30,tag,music,2780,54,145,81652,102842
2026-09-30,tag,mystery,1410,3,17,26679,34040
2026-09-30,tag,nonlinear,71,0,0,0,0
2026-09-30,tag,objective,1517,76,21,3866,4445
2026-09-30,tag,one in the chamber,380,6,2,0,0
2026-09-30,tag,one life,1022,8,2,125,390
2026-09-30,tag,one shot,8671,74,33,276711,357993
2026-09-30,tag,open world,7818,128,215,469732,724892
2026-09-30,tag,parkour,17673,181,258,880109,1119022
2026-09-30,tag,party game,14576,103,408,2401754,3956022
2026-09-30,tag,party world,2327,11,55,118893,335647
2026-09-30,tag,patchwork,79,2,1,0,0
2026-09-30,tag,peaceful,1923,13,14,4680,6103
2026-09-30,tag,physics,369,2,9,17424,21722
2026-09-30,tag,pinball,64,0,0,0,0
2026-09-30,tag,pixel art,88,1,0,0,0
2026-09-30,tag,platformer,1430,28,36,455305,638889
2026-09-30,tag,point capture,1099,3,3,499,646
2026-09-30,tag,practice,59431,258,286,8554406,14534929
2026-09-30,tag,prop,645,3,2,0,0
2026-09-30,tag,prop hunt,3320,19,36,170463,195199
2026-09-30,tag,puzzle,2179,15,48,30549,35376
2026-09-30,tag,pve,5543,26,245,267973,359073
2026-09-30,tag,pvp,66475,326,334,7895476,12229245
2026-09-30,tag,quiz,928,7,14,22725,25946
2026-09-30,tag,race,10872,203,229,561266,774804
2026-09-30,tag,respawn,8768,44,33,621722,917282
2026-09-30,tag,retro,220,7,0,0,0
2026-09-30,tag,roguelike,1235,14,203,214424,298975
2026-09-30,tag,role playing,5715,53,187,771611,1584507
2026-09-30,tag,rounds,3072,15,10,25053,32017
2026-09-30,tag,rpg,1007,24,30,56941,75245
2026-09-30,tag,runner,1553,10,5,19241,23408
2026-09-30,tag,sandbox,998,8,24,35763,74124
2026-09-30,tag,search & destroy,537,2,4,13863,56495
2026-09-30,tag,seasonal,519,4,2,24,26
2026-09-30,tag,secrets,1163,4,12,7350,11680
2026-09-30,tag,sequel,60,0,0,0,0
2026-09-30,tag,series,403,2,2,802,1012
2026-09-30,tag,shooter,7646,180,37,706578,1035046
2026-09-30,tag,shop,146,3,1,0,0
2026-09-30,tag,show,561,4,7,849,1662
2026-09-30,tag,side scroller,153,1,0,0,0
2026-09-30,tag,simulator,6400,103,272,2128720,6449164
2026-09-30,tag,single player,1844,6,15,8363,23273
2026-09-30,tag,skills,2038,33,7,44228,59183
2026-09-30,tag,sniper,4555,20,17,226867,293562
2026-09-30,tag,solo,6925,26,28,201467,342630
2026-09-30,tag,space,439,5,3,871,1074
2026-09-30,tag,sports,2219,19,57,136913,173195
2026-09-30,tag,squad,1301,7,7,30548,74346
2026-09-30,tag,stealth,633,4,5,2443,4537
2026-09-30,tag,story,1327,9,33,17796,20834
2026-09-30,tag,strategy,3203,86,55,94750,169796
2026-09-30,tag,survival,6438,96,190,285862,476187
2026-09-30,tag,survival horror,4118,57,231,685248,1072531
2026-09-30,tag,team deathmatch,21871,129,63,924629,1349506
2026-09-30,tag,teams,6475,43,17,35914,132463
2026-09-30,tag,timed,1087,7,5,10714,12484
2026-09-30,tag,top-down,230,4,1,0,0
2026-09-30,tag,tower defense,264,1,2,6119,7180
2026-09-30,tag,training,8199,35,43,612318,1127640
2026-09-30,tag,trios,906,6,25,275186,505005
2026-09-30,tag,trivia,225,3,3,1370,1790
2026-09-30,tag,turn-based,175,3,2,1733,2156
2026-09-30,tag,tutorial,228,4,1,287,890
2026-09-30,tag,tycoon,6848,109,279,2235657,6688430
2026-09-30,tag,unbalanced teams,386,1,0,0,0
2026-09-30,tag,visual novel,62,2,1,693,844
2026-09-30,tag,winterfest,947,3,5,871,984
2026-09-30,tag,word games,95,3,1,0,0
2026-09-30,tag,zonewars,23888,101,136,3714545,5794436
2026-09-30,word,1v1,43381,249,157,3340643,6169654
2026-09-30,word,1v1 1v1,126,0,3,30869,46430
2026-09-30,word,1v1 2v2,173,3,2,12865,18775
2026-09-30,word,1v1 4v4,430,2,12,199795,369935
2026-09-30,word,1v1 all,658,1,7,76349,120263
2026-09-30,word,1v1 build,9490,52,35,803012,1734597
2026-09-30,word,1v1 every,402,5,3,403223,615240
2026-09-30,word,1v1 ffa,1003,6,11,67000,99981
2026-09-30,word,1v1 free,248,1,2,7678,11196
2026-09-30,word,1v1 map,2830,14,4,78802,129772
2026-09-30,word,1v1 practice,206,1,3,122344,183497
2026-09-30,word,1v1 reload,133,0,2,3135,5285
2026-09-30,word,1v1v1,4449,17,19,490511,705753
2026-09-30,word,1v1v1 1v1,151,1,2,17042,26065
2026-09-30,word,1v1v1 reload,1274,6,6,418726,603557
2026-09-30,word,1v2,159,1,2,58824,72948
2026-09-30,word,1vs1,1833,9,2,7401,10625
2026-09-30,word,2v1,163,0,2,58824,72948
2026-09-30,word,2v2,1841,20,14,1324599,2724180
2026-09-30,word,2v2v2,145,0,4,70117,111413
2026-09-30,word,2v2v2v2,91,1,2,1279,1743
2026-09-30,word,2v3,42,0,2,11893,14845
2026-09-30,word,3v3,654,6,7,415397,752121
2026-09-30,word,4v4,934,6,15,260102,495611
2026-09-30,word,5v5,269,3,2,58717,114328
2026-09-30,word,abyss,47,0,2,60,80
2026-09-30,word,action,102,1,2,142,155
2026-09-30,word,adventure,487,7,39,88536,111824
2026-09-30,word,aim,1376,5,32,276744,408229
2026-09-30,word,aim edit,403,3,21,218024,319299
2026-09-30,word,aim piece,108,1,4,35013,55523
2026-09-30,word,aim training,157,0,3,14287,20005
2026-09-30,word,airport,54,1,3,12551,16464
2026-09-30,word,all,8861,30,45,515083,752507
2026-09-30,word,all guns,1536,11,22,148346,227371
2026-09-30,word,all skins,56,1,4,22163,28349
2026-09-30,word,all weapons,1876,2,4,16095,22162
2026-09-30,word,allguns,1603,24,22,148346,227371
2026-09-30,word,am,83,0,6,483735,631666
2026-09-30,word,amazing,263,4,5,3352,4023
2026-09-30,word,animal,108,1,8,19340,23217
2026-09-30,word,animals,45,2,6,29979,45310
2026-09-30,word,anime,252,1,4,4062,5920
2026-09-30,word,anomalies,29,0,7,5665,7056
2026-09-30,word,anomaly,49,0,6,17023,20295
2026-09-30,word,apocalypse,157,1,5,13187,19940
2026-09-30,word,arcade,164,1,2,0,0
2026-09-30,word,area,149,0,2,135,165
2026-09-30,word,arena,3639,23,10,25993,33887
2026-09-30,word,arenas,68,0,2,48298,117515
2026-09-30,word,asmr,71,7,8,44703,54693
2026-09-30,word,astro,60,0,2,3529,3855
2026-09-30,word,at,291,4,9,5784,6987
2026-09-30,word,aura,264,10,7,22111,34605
2026-09-30,word,backrooms,516,1,26,65205,82962
2026-09-30,word,backrooms escape,31,0,7,1017,1241
2026-09-30,word,balkan,61,0,2,91,119
2026-09-30,word,ball,293,2,3,1294,2316
2026-09-30,word,bank,200,0,9,37225,57977
2026-09-30,word,bank heist,56,0,3,15604,25660
2026-09-30,word,barry,50,1,4,26753,29985
2026-09-30,word,base,395,1,2,425,546
2026-09-30,word,base wars,60,0,2,425,546
2026-09-30,word,baseball,30,0,2,551,667
2026-09-30,word,basketball,105,0,3,2141,2801
2026-09-30,word,battle,4134,33,30,64081,79292
2026-09-30,word,battle car,36,6,5,997,1116
2026-09-30,word,battle lab,32,0,7,16534,20592
2026-09-30,word,battle royale,1034,2,4,4571,5817
2026-09-30,word,battlegrounds,113,0,2,2508,3999
2026-09-30,word,battles,299,0,4,4408,5495
2026-09-30,word,be,161,5,11,24305,31274
2026-09-30,word,beach,326,1,2,5989,7079
2026-09-30,word,beat,50,0,2,5935,11164
2026-09-30,word,become,54,0,2,1878,2599
2026-09-30,word,bed,406,0,15,169151,318631
2026-09-30,word,bed wars,372,0,15,169151,318631
2026-09-30,word,bedwars,618,2,17,191414,358838
2026-09-30,word,best,1599,4,13,35779,52335
2026-09-30,word,best slide,105,0,4,3012,4917
2026-09-30,word,better,82,1,2,578,860
2026-09-30,word,big,575,3,7,17923,22328
2026-09-30,word,bike,265,1,5,9852,12581
2026-09-30,word,bios,59,0,3,19826,25441
2026-09-30,word,black,514,0,2,53,95
2026-09-30,word,blind,73,0,5,135,148
2026-09-30,word,blind test,41,0,5,135,148
2026-09-30,word,block,624,0,19,88687,128646
2026-09-30,word,block pillars,30,0,2,45092,61488
2026-09-30,word,blocks,336,1,12,21198,33044
2026-09-30,word,blocks cover,96,0,3,0,0
2026-09-30,word,blue,16131,125,37,825620,1182416
2026-09-30,word,blue crazy,92,3,2,0,0
2026-09-30,word,board,47,0,4,6294,7026
2026-09-30,word,board game,26,0,4,6294,7026
2026-09-30,word,bodycam,181,1,3,5337,5930
2026-09-30,word,bomb,118,1,3,2636,3193
2026-09-30,word,boom,110,0,2,6070,7175
2026-09-30,word,boss,606,11,45,41597,51592
2026-09-30,word,boss battle,69,1,2,2316,2561
2026-09-30,word,boss fight,196,2,26,12685,15291
2026-09-30,word,boss survival,26,0,11,20387,25822
2026-09-30,word,bossfight,337,2,34,29221,37544
2026-09-30,word,bot,604,2,6,11644,16347
2026-09-30,word,bot royale,162,1,2,10156,14464
2026-09-30,word,bots,1217,6,19,36449,50089
2026-09-30,word,bots royale,126,0,4,1530,1987
2026-09-30,word,box,14024,55,26,1506568,2367117
2026-09-30,word,box fight,3691,22,2,3043,3821
2026-09-30,word,box fights,2176,10,14,592820,1025665
2026-09-30,word,box pvp,6762,19,11,1159363,1671417
2026-09-30,word,boxfight,6221,32,2,3043,3821
2026-09-30,word,boxfights,4550,17,19,672667,1202761
2026-09-30,word,boxpvp,7046,20,11,1159363,1671417
2026-09-30,word,brainrot,3114,19,46,712713,2950591
2026-09-30,word,brainrot ffa,47,0,2,8370,11628
2026-09-30,word,brainrots,736,14,45,293447,1741815
2026-09-30,word,brainrots tycoon,75,0,3,4330,6963
2026-09-30,word,break,152,1,6,9966,12141
2026-09-30,word,breakout,71,3,4,2015,3926
2026-09-30,word,brick,542,6,14,28280,32617
2026-09-30,word,bricks,103,0,2,6856,7934
2026-09-30,word,bridge,329,3,6,17321,19569
2026-09-30,word,build,16841,92,75,1047736,2180931
2026-09-30,word,build 1v1,171,0,2,21517,44119
2026-09-30,word,build fight,5649,26,11,375432,856490
2026-09-30,word,build fights,5731,31,25,506299,1022819
2026-09-30,word,build training,64,2,2,745,1178
2026-09-30,word,buildfight,7199,33,12,376939,858543
2026-09-30,word,buildfights,6453,37,26,506299,1022819
2026-09-30,word,building,284,4,3,109358,172280
2026-09-30,word,building practice,42,2,2,109073,171938
2026-09-30,word,bumper,79,0,4,3104,3957
2026-09-30,word,bumper cars,58,0,4,3104,3957
2026-09-30,word,bunker,105,0,3,5949,7483
2026-09-30,word,button,242,2,3,22435,32728
2026-09-30,word,cache,176,1,4,3818,4276
2026-09-30,word,cache cache,168,1,4,3818,4276
2026-09-30,word,call,29,0,2,295,342
2026-09-30,word,can,190,0,2,4540,6004
2026-09-30,word,capture,867,0,3,1693,2168
2026-09-30,word,capture flag,569,0,2,397,560
2026-09-30,word,car,2048,80,63,61001,71934
2026-09-30,word,car crash,51,1,2,3301,4203
2026-09-30,word,car drive,136,3,13,15837,18342
2026-09-30,word,car game,681,60,31,9330,10614
2026-09-30,word,car parkour,63,2,4,6187,7110
2026-09-30,word,car race,61,2,3,1404,1568
2026-09-30,word,car ramp,48,1,2,15125,17599
2026-09-30,word,card,47,1,4,10892,21690
2026-09-30,word,carros,59,4,3,217,256
2026-09-30,word,cars,1881,14,29,88016,112320
2026-09-30,word,cars ffa,38,0,2,444,586
2026-09-30,word,cars mega,94,0,2,923,1088
2026-09-30,word,cars ramp,26,0,3,8079,9462
2026-09-30,word,caseoh,35,0,2,296,358
2026-09-30,word,cash,151,2,3,233942,318761
2026-09-30,word,cat,169,4,9,10104,12403
2026-09-30,word,ch1,45,0,2,81,89
2026-09-30,word,chained,45,0,2,13738,16334
2026-09-30,word,chained together,37,0,2,13738,16334
2026-09-30,word,challenge,449,3,4,6613,8012
2026-09-30,word,chameleon,46,0,3,44956,50925
2026-09-30,word,champions,239,0,2,564,634
2026-09-30,word,chaos,1217,13,9,42755,51493
2026-09-30,word,chapter,2498,8,32,172873,242372
2026-09-30,word,chapter late,33,0,3,67070,91802
2026-09-30,word,chapter season,371,1,5,7612,9316
2026-09-30,word,chase,84,4,2,18,24
2026-09-30,word,chat,277,1,4,51831,168677
2026-09-30,word,checkpoints,55,2,2,1935,2368
2026-09-30,word,chicken,144,3,2,571,755
2026-09-30,word,chill,1546,5,20,15526,22278
2026-09-30,word,chill guy,174,0,2,6600,8488
2026-09-30,word,christmas,1461,1,7,827,961
2026-09-30,word,circle,170,5,2,5347,7701
2026-09-30,word,circuit,168,1,3,1260,1393
2026-09-30,word,circus,57,0,4,1892,2293
2026-09-30,word,city,4075,117,85,195379,275993
2026-09-30,word,city car,114,2,6,1896,2322
2026-09-30,word,city drive,179,5,5,2775,3387
2026-09-30,word,city ffa,254,5,3,497,637
2026-09-30,word,city gun,112,0,2,4460,5570
2026-09-30,word,city mc,128,28,0,0,0
2026-09-30,word,city rp,120,6,5,15796,22772
2026-09-30,word,cizzorz,68,0,5,46515,63592
2026-09-30,word,cizzorz deathrun,46,0,4,44210,60684
2026-09-30,word,click,40,3,5,15797,24429
2026-09-30,word,climb,230,3,3,2527,3203
2026-09-30,word,club,270,3,5,5998,12490
2026-09-30,word,clutch,212,2,5,78931,101261
2026-09-30,word,co,325,0,15,26217,32893
2026-09-30,word,co op,315,0,15,26217,32893
2026-09-30,word,cold,84,1,2,6353,57840
2026-09-30,word,collect,48,2,2,1261,2000
2026-09-30,word,color,710,5,13,12869,15562
2026-09-30,word,color switch,318,1,3,3283,4474
2026-09-30,word,combat,500,1,4,17138,23367
2026-09-30,word,concert,142,0,14,10656,12502
2026-09-30,word,contest,82,0,2,1727,3361
2026-09-30,word,control,941,7,7,1287326,2842168
2026-09-30,word,coop,370,0,15,26217,32893
2026-09-30,word,correct,151,2,2,9831,11279
2026-09-30,word,cover,110,0,4,459,514
2026-09-30,word,cowboy,36,1,5,939,1038
2026-09-30,word,craft,56,0,2,2461,4622
2026-09-30,word,crash,205,3,3,3566,4513
2026-09-30,word,crazy,4080,21,20,313045,449795
2026-09-30,word,crazy car,27,3,2,4883,5675
2026-09-30,word,crime,108,0,2,1696,2014
2026-09-30,word,crosshair,215,0,4,15926,21291
2026-09-30,word,cube,339,1,2,3382,3613
2026-09-30,word,cup,860,4,10,204996,314412
2026-09-30,word,cup zone,121,0,3,179592,274914
2026-09-30,word,custom,613,4,4,4324,5523
2026-09-30,word,dark,402,2,4,1557,2291
2026-09-30,word,dash,149,3,2,1031,1211
2026-09-30,word,days,256,0,5,2706,3651
2026-09-30,word,death,549,3,4,10255,11940
2026-09-30,word,death run,259,2,3,10239,11919
2026-09-30,word,deathmatch,856,1,2,10018,13122
2026-09-30,word,deathrun,5005,74,59,270084,334711
2026-09-30,word,deathrun easy,138,29,0,0,0
2026-09-30,word,deathrun level,97,1,2,833,914
2026-09-30,word,deathrun parkour,324,2,10,40621,47463
2026-09-30,word,deathrun remake,27,1,5,49615,66908
2026-09-30,word,deathrun باركور,42,6,8,121228,148958
2026-09-30,word,deep,51,3,2,0,0
2026-09-30,word,default,1085,0,12,28024,31511
2026-09-30,word,default deathrun,323,0,5,22651,25387
2026-09-30,word,default parkour,527,0,4,3309,3730
2026-09-30,word,defend,56,2,2,6749,8677
2026-09-30,word,defense,165,1,9,14105,19538
2026-09-30,word,demo,68,0,2,38,47
2026-09-30,word,demon,347,1,12,17820,22635
2026-09-30,word,demon hunters,139,0,6,13713,16998
2026-09-30,word,desert,1215,5,18,77780,93755
2026-09-30,word,desert drive,41,0,5,1426,1654
2026-09-30,word,desert zone,171,0,3,60118,71672
2026-09-30,word,diamond,293,1,2,752,940
2026-09-30,word,die,247,2,11,69806,95173
2026-09-30,word,dig,45,3,5,8163,9494
2026-09-30,word,digital,34,0,2,1529,1872
2026-09-30,word,dino,131,4,5,10130,14899
2026-09-30,word,dirt,168,0,4,3513,4217
2026-09-30,word,dirt bike,118,0,4,3513,4217
2026-09-30,word,dirtbike,144,0,4,3513,4217
2026-09-30,word,don,296,3,4,14216,17372
2026-09-30,word,don fall,96,1,2,1705,2001
2026-09-30,word,doors,73,0,4,2397,2977
2026-09-30,word,dragon,288,0,8,3666,4576
2026-09-30,word,drift,340,5,5,4774,6721
2026-09-30,word,drive,2473,72,92,169667,226936
2026-09-30,word,drive car,37,2,2,1374,1537
2026-09-30,word,drive city,233,11,15,15759,21408
2026-09-30,word,drive ffa,293,1,4,23651,38768
2026-09-30,word,drive world,48,1,2,1280,1708
2026-09-30,word,driver,192,2,3,1016,1419
2026-09-30,word,driving,536,12,4,8141,9787
2026-09-30,word,driving ffa,52,3,2,4749,5508
2026-09-30,word,drop,264,0,2,4984,5605
2026-09-30,word,dropper,182,6,3,6165,6531
2026-09-30,word,dungeon,135,0,5,453,676
2026-09-30,word,duo,1435,17,49,500174,794876
2026-09-30,word,duo escape,222,0,24,6505,6980
2026-09-30,word,duo zone,136,3,5,11578,18329
2026-09-30,word,duos,484,3,7,41185,55495
2026-09-30,word,easy,2491,35,9,39077,48559
2026-09-30,word,easy deathrun,402,1,3,6456,9137
2026-09-30,word,easy levels,125,29,0,0,0
2026-09-30,word,edit,3149,13,36,367061,537036
2026-09-30,word,edit aim,151,0,3,29782,47939
2026-09-30,word,edit piece,319,3,17,214821,314846
2026-09-30,word,edit wars,462,4,5,23880,32075
2026-09-30,word,edition,728,3,5,1592,1799
2026-09-30,word,egg,180,6,15,43766,64996
2026-09-30,word,egg hunt,83,0,3,154,193
2026-09-30,word,eggs,55,11,12,116938,236885
2026-09-30,word,elevator,30,0,3,4964,6016
2026-09-30,word,elite,272,10,6,19607,37340
2026-09-30,word,empire,168,3,5,4220,5157
2026-09-30,word,empire tycoon,40,1,2,4133,5068
2026-09-30,word,end,378,3,2,427,719
2026-09-30,word,endgame,868,8,20,304616,454009
2026-09-30,word,epic,588,2,2,440,569
2026-09-30,word,escape,5179,47,245,338589,454943
2026-09-30,word,escape from,268,0,15,10101,13184
2026-09-30,word,escape game,89,0,3,47,48
2026-09-30,word,escape horror,68,1,3,1979,2289
2026-09-30,word,escape map,27,0,2,0,0
2026-09-30,word,escape prison,39,0,3,7434,8550
2026-09-30,word,escape roguelike,88,1,40,97198,133728
2026-09-30,word,escape room,1929,24,92,23880,26267
2026-09-30,word,escape rooms,75,0,3,37,36
2026-09-30,word,escape tsunami,85,2,2,8389,14827
2026-09-30,word,event,449,3,35,22304,27271
2026-09-30,word,events,168,2,6,9578,11286
2026-09-30,word,every,983,7,7,413559,629325
2026-09-30,word,every gun,680,5,5,412611,628258
2026-09-30,word,evil,127,2,8,2554,3046
2026-09-30,word,evolution,73,1,5,18196,22950
2026-09-30,word,extraction,91,0,3,73,82
2026-09-30,word,extreme,654,11,5,930,1049
2026-09-30,word,factory,228,3,2,1143,1463
2026-09-30,word,factory tycoon,37,0,2,1143,1463
2026-09-30,word,fall,1403,3,18,58581,67815
2026-09-30,word,fall guys,959,1,13,53625,61413
2026-09-30,word,fallguys,1024,1,13,53625,61413
2026-09-30,word,family,84,1,3,3664,4666
2026-09-30,word,famous,28,0,2,5220,6271
2026-09-30,word,fantasy,84,0,2,2972,9616
2026-09-30,word,farm,592,6,7,10056,13110
2026-09-30,word,fashion,849,1,8,27676,46988
2026-09-30,word,fashion show,719,1,8,27676,46988
2026-09-30,word,fast,643,2,3,1415,1963
2026-09-30,word,femboy,32,0,2,12722,15158
2026-09-30,word,festival,100,2,6,2513,3658
2026-09-30,word,ffa,13019,78,62,412396,585709
2026-09-30,word,ffa all,655,4,8,60048,90395
2026-09-30,word,ffa zone,56,1,2,258,278
2026-09-30,word,fight,11997,67,47,573935,1894611
2026-09-30,word,fight zone,148,1,2,3043,3821
2026-09-30,word,fighter,56,0,2,2316,2561
2026-09-30,word,fighting,128,6,3,2700,3205
2026-09-30,word,fights,8809,44,43,1128001,2095059
2026-09-30,word,fights 1v1,284,0,2,47390,85222
2026-09-30,word,fights box,29,1,3,201798,271552
2026-09-30,word,fights ffa,301,1,2,30722,48134
2026-09-30,word,fights pumps,519,3,12,109518,212042
2026-09-30,word,final,411,5,4,7052,10665
2026-09-30,word,finale,47,0,3,3834,4854
2026-09-30,word,find,356,3,5,2036,2234
2026-09-30,word,finest,34,0,9,382629,615185
2026-09-30,word,finishers,49,0,3,9429,20995
2026-09-30,word,fire,324,4,4,1385,1676
2026-09-30,word,first,2606,2,2,1201,1372
2026-09-30,word,first person,2471,1,2,1201,1372
2026-09-30,word,fish,210,1,5,18397,32760
2026-09-30,word,fishing,128,1,2,219,241
2026-09-30,word,five,77,1,3,633,793
2026-09-30,word,five nights,41,1,2,413,508
2026-09-30,word,flag,776,0,2,397,560
2026-09-30,word,flash,68,1,3,364,542
2026-09-30,word,floor,466,3,5,6500,8271
2026-09-30,word,floor lava,328,1,4,6477,8243
2026-09-30,word,fnaf,328,4,33,36667,46260
2026-09-30,word,food,195,2,2,647,768
2026-09-30,word,football,539,2,14,63066,91302
2026-09-30,word,forest,507,2,9,17989,23359
2026-09-30,word,forever,310,0,2,3196,4439
2026-09-30,word,formula,44,0,3,846,1014
2026-09-30,word,formula racing,29,0,3,846,1014
2026-09-30,word,fort,344,1,6,9842,16610
2026-09-30,word,fortnite,1172,1,18,101298,148280
2026-09-30,word,fortography,97,0,2,3167,4968
2026-09-30,word,fr,83,0,3,489,687
2026-09-30,word,freddy,85,2,4,1171,1445
2026-09-30,word,free,6261,27,18,469369,691908
2026-09-30,word,free all,4732,11,10,326525,471778
2026-09-30,word,free build,959,9,6,33771,48192
2026-09-30,word,free building,115,3,2,109073,171938
2026-09-30,word,freebuild,3296,23,11,79575,117473
2026-09-30,word,freebuilding,141,3,2,109073,171938
2026-09-30,word,freestyle,38,0,3,5414,6343
2026-09-30,word,frenzy,213,1,2,15878,97792
2026-09-30,word,friday,32,0,2,2899,3765
2026-09-30,word,from,386,1,19,12188,15643
2026-09-30,word,from prison,29,0,2,8056,11042
2026-09-30,word,fruits,31,0,2,9906,27923
2026-09-30,word,fun,1345,10,14,40477,47176
2026-09-30,word,funny,378,1,2,322,373
2026-09-30,word,galactic,249,3,3,4599,5759
2026-09-30,word,galaxy,640,1,3,605,760
2026-09-30,word,game,12551,158,92,304028,457262
2026-09-30,word,game mc,26,26,0,0,0
2026-09-30,word,game one,2183,5,6,16210,21650
2026-09-30,word,game parkour,35,0,2,842,962
2026-09-30,word,games,943,6,4,943,1145
2026-09-30,word,garden,149,3,5,268487,320463
2026-09-30,word,get,185,1,4,13646,15324
2026-09-30,word,ghost,250,2,4,10490,16604
2026-09-30,word,giant,185,1,5,932,1032
2026-09-30,word,giga,72,2,2,833,1000
2026-09-30,word,glass,242,4,5,16320,18324
2026-09-30,word,glass bridge,121,0,5,16320,18324
2026-09-30,word,glory,40,2,2,0,0
2026-09-30,word,go,862,8,10,759111,2478250
2026-09-30,word,go goated,354,3,4,537274,867217
2026-09-30,word,go up,45,3,2,209487,1594578
2026-09-30,word,goated,645,5,7,569991,914653
2026-09-30,word,godzilla,190,1,5,4416,5180
2026-09-30,word,golf,57,0,3,5963,7286
2026-09-30,word,gorilla,57,0,2,1283,1356
2026-09-30,word,grand,481,13,9,11209,18057
2026-09-30,word,grand drive,93,4,6,2812,3480
2026-09-30,word,granny,32,0,5,3715,4481
2026-09-30,word,grinch,137,0,2,1591,1843
2026-09-30,word,grow,58,1,4,219223,528626
2026-09-30,word,guess,1008,9,26,34821,39097
2026-09-30,word,guess correct,120,1,2,9831,11279
2026-09-30,word,guess logo,337,5,5,1924,2173
2026-09-30,word,guess song,75,0,9,6539,7132
2026-09-30,word,gun,10471,84,31,506656,751204
2026-09-30,word,gun game,9127,78,26,92507,121088
2026-09-30,word,gungame,10052,86,26,92507,121088
2026-09-30,word,guns,2273,13,23,148415,227455
2026-09-30,word,guns cars,91,2,2,8927,12162
2026-09-30,word,guns ffa,121,0,3,5189,8412
2026-09-30,word,guns rides,152,0,6,27213,41998
2026-09-30,word,guy,214,0,2,6600,8488
2026-09-30,word,guy pillars,30,0,2,6600,8488
2026-09-30,word,guys,1087,1,14,60045,69339
2026-09-30,word,guys obby,88,0,2,28505,32182
2026-09-30,word,gym,55,0,6,5109,6362
2026-09-30,word,hacker,27,0,2,2682,3323
2026-09-30,word,halloween,1022,10,9,5261,6059
2026-09-30,word,happy,140,3,3,41,59
2026-09-30,word,hard,1203,35,44,207180,258065
2026-09-30,word,hard deathrun,189,5,8,9128,10808
2026-09-30,word,hard levels,59,2,3,5067,6893
2026-09-30,word,hard parkour,332,16,22,176036,220065
2026-09-30,word,havoc,145,1,3,6707,9394
2026-09-30,word,heist,278,3,17,42831,63782
2026-09-30,word,hello,49,0,2,814,1007
2026-09-30,word,hero,610,1,5,1781,2435
2026-09-30,word,heroes,490,0,6,22394,30721
2026-09-30,word,hide,915,8,21,131185,165730
2026-09-30,word,hide seek,822,7,20,80971,94847
2026-09-30,word,high,273,0,5,5377,9025
2026-09-30,word,high iq,31,0,4,1079,1231
2026-09-30,word,hill,261,1,2,1630,1962
2026-09-30,word,home,136,1,3,1968,2221
2026-09-30,word,hood,160,2,10,28907,65848
2026-09-30,word,horror,2437,18,141,440742,560151
2026-09-30,word,hospital,100,0,9,17791,21264
2026-09-30,word,hotel,243,0,7,10207,13403
2026-09-30,word,hour,38,0,2,4460,6629
2026-09-30,word,house,656,8,7,63538,99985
2026-09-30,word,house prop,70,1,2,2085,2218
2026-09-30,word,how,32,0,2,6861,7696
2026-09-30,word,hub,261,1,2,794,1043
2026-09-30,word,huggy,62,1,4,562,665
2026-09-30,word,hunt,3163,15,37,122471,140996
2026-09-30,word,hunt hide,42,0,3,5311,5812
2026-09-30,word,hunter,202,0,4,1675,2019
2026-09-30,word,hunters,350,1,11,14575,18165
2026-09-30,word,hyper,186,2,2,9002,14274
2026-09-30,word,ii,108,1,2,1716,2288
2026-09-30,word,il,92,5,2,144,218
2026-09-30,word,impostor,26,0,3,21174,31400
2026-09-30,word,infinite,1427,8,17,47932,73975
2026-09-30,word,infinite box,125,1,2,15002,22900
2026-09-30,word,infinite slide,47,0,2,1794,2575
2026-09-30,word,infinity,424,0,3,15966,22761
2026-09-30,word,insane,996,7,5,2986,3428
2026-09-30,word,into,66,0,2,6909,8280
2026-09-30,word,io,104,0,5,9036,12567
2026-09-30,word,iq,360,4,12,1298,1463
2026-09-30,word,iq escape,190,2,7,1289,1454
2026-09-30,word,ishowspeed,61,0,4,4944,5738
2026-09-30,word,island,3088,12,14,7175,8291
2026-09-30,word,island tycoon,91,1,2,379,483
2026-09-30,word,jackson,43,1,8,10533,12529
2026-09-30,word,jam,165,1,9,213,307
2026-09-30,word,jojo,25,0,2,1977,2638
2026-09-30,word,jujutsu,74,0,2,2003,2582
2026-09-30,word,jump,492,4,19,123279,239741
2026-09-30,word,jungle,494,5,3,0,0
2026-09-30,word,jurassic,101,0,6,4465,5724
2026-09-30,word,keyboard,197,5,14,89476,123212
2026-09-30,word,keyboard escape,31,1,5,61587,90385
2026-09-30,word,kick,52,0,3,27037,53968
2026-09-30,word,king,739,6,2,764,1778
2026-09-30,word,kingdom,143,0,2,199,261
2026-09-30,word,klombo,53,1,3,1701,2554
2026-09-30,word,knight,69,1,2,748,1167
2026-09-30,word,knockback,70,1,3,1843,2124
2026-09-30,word,kpop,590,1,13,27717,37136
2026-09-30,word,kpop demon,133,0,6,6902,9314
2026-09-30,word,lab,160,0,9,16534,20592
2026-09-30,word,lake,131,0,2,2680,3257
2026-09-30,word,land,258,0,2,335,386
2026-09-30,word,laser,143,1,2,2928,3725
2026-09-30,word,last,688,19,8,519088,973279
2026-09-30,word,last storm,165,9,7,518657,972741
2026-09-30,word,late,733,7,8,105419,154928
2026-09-30,word,late game,673,4,6,105123,154570
2026-09-30,word,lategame,841,5,7,107778,157913
2026-09-30,word,lava,1093,2,7,9739,13765
2026-09-30,word,league,294,0,5,15565,22254
2026-09-30,word,legend,107,1,4,2102,3056
2026-09-30,word,legends,256,3,2,228727,312326
2026-09-30,word,level,2023,24,24,36330,41760
2026-09-30,word,level default,107,0,3,18854,21103
2026-09-30,word,level easy,162,1,2,1726,2090
2026-09-30,word,level escape,117,4,3,14,14
2026-09-30,word,level hard,96,4,3,3997,4140
2026-09-30,word,level obby,141,0,2,6299,7508
2026-09-30,word,level parkour,139,1,3,3455,4683
2026-09-30,word,leveling,40,0,3,2834,4451
2026-09-30,word,levels,2275,62,39,131607,168976
2026-09-30,word,levels باركور,41,3,8,36455,47460
2026-09-30,word,life,303,4,11,5903,10003
2026-09-30,word,live,223,0,20,9552,11167
2026-09-30,word,live event,125,0,13,4614,5761
2026-09-30,word,loadout,140,1,2,19876,28803
2026-09-30,word,logo,495,5,5,1924,2173
2026-09-30,word,logo parkour,49,1,2,1882,2123
2026-09-30,word,loot,436,4,3,10678,13369
2026-09-30,word,los,103,0,2,15823,18412
2026-09-30,word,lost,243,2,5,2209,3155
2026-09-30,word,lounge,41,2,2,481,697
2026-09-30,word,love,173,2,2,113,114
2026-09-30,word,lucky,516,1,24,137622,219583
2026-09-30,word,lucky block,187,0,12,79229,117054
2026-09-30,word,lucky blocks,51,0,4,21198,33044
2026-09-30,word,lucky pillars,34,1,2,1319,1703
2026-09-30,word,luxury,96,1,2,624,711
2026-09-30,word,lvl,228,5,5,7635,8976
2026-09-30,word,mafia,41,1,4,4195,5784
2026-09-30,word,mall,297,1,4,91712,106327
2026-09-30,word,mall prop,82,1,2,2943,3333
2026-09-30,word,mania,86,1,2,474,610
2026-09-30,word,mansion,389,1,5,3761,4366
2026-09-30,word,mansion tycoon,74,0,2,667,867
2026-09-30,word,map,6826,27,19,104461,168904
2026-09-30,word,map edit,287,1,3,13422,19909
2026-09-30,word,map pumps,126,3,4,78802,129772
2026-09-30,word,maps,137,1,2,68,104
2026-09-30,word,martoz,58,0,3,100110,150749
2026-09-30,word,master,142,5,2,2471,3130
2026-09-30,word,masters,48,0,2,5466,7466
2026-09-30,word,mayhem,425,4,4,1608,1918
2026-09-30,word,mc,224,57,6,8804,10411
2026-09-30,word,mc jackson,30,0,6,8804,10411
2026-09-30,word,mechanics,187,4,8,169980,289882
2026-09-30,word,mechanics training,78,2,3,130587,227652
2026-09-30,word,mega,3350,31,34,318834,485006
2026-09-30,word,mega car,35,2,2,15125,17599
2026-09-30,word,mega ramp,851,8,13,8002,9070
2026-09-30,word,meme,1235,4,11,45926,56857
2026-09-30,word,meme pillars,65,0,2,3185,4296
2026-09-30,word,merge,39,0,3,5821,9050
2026-09-30,word,meta,67,1,2,1874,2390
2026-09-30,word,midas,184,1,3,7,14
2026-09-30,word,midnight,151,0,14,10011,11500
2026-09-30,word,military,164,1,6,9861,13393
2026-09-30,word,mine,87,0,3,32,44
2026-09-30,word,minecraft,313,2,9,9862,12077
2026-09-30,word,mini,1260,5,6,7688,8816
2026-09-30,word,mini battle,224,0,2,1152,1466
2026-09-30,word,minigame,455,0,4,138291,164621
2026-09-30,word,minigames,515,2,10,157561,190976
2026-09-30,word,mining,48,2,3,26572,31962
2026-09-30,word,mira,41,0,2,7281,11023
2026-09-30,word,money,67,1,2,11848,13267
2026-09-30,word,monkey,105,3,4,1702,2185
2026-09-30,word,monster,212,4,4,673,783
2026-09-30,word,motel,28,1,3,66,86
2026-09-30,word,moto,106,0,5,5637,6596
2026-09-30,word,motocross,70,0,3,585,659
2026-09-30,word,mountain,342,1,3,5025,6702
2026-09-30,word,moving,117,1,2,657,899
2026-09-30,word,murder,172,0,6,131020,375682
2026-09-30,word,murder mystery,86,0,3,125384,354934
2026-09-30,word,muscle,29,0,3,4130,5292
2026-09-30,word,museum,89,1,3,2345,2697
2026-09-30,word,music,1483,3,34,11065,14854
2026-09-30,word,music 1v1,364,0,6,232,294
2026-09-30,word,music blocks,194,0,8,0,0
2026-09-30,word,mx,39,0,2,1263,1960
2026-09-30,word,mystery,238,1,4,125384,354934
2026-09-30,word,mythic,595,3,3,2059,2348
2026-09-30,word,naruto,77,0,2,259,314
2026-09-30,word,neighbor,27,1,2,2657,2925
2026-09-30,word,neon,448,9,2,1666,2419
2026-09-30,word,new,3870,20,26,43142,66475
2026-09-30,word,new city,112,1,3,296,340
2026-09-30,word,new combat,46,0,2,9824,13557
2026-09-30,word,new season,127,0,2,9643,11286
2026-09-30,word,nexus,128,2,3,651,658
2026-09-30,word,night,618,7,10,10956,14194
2026-09-30,word,night shift,28,1,3,9254,12186
2026-09-30,word,nightmare,165,0,4,3586,4392
2026-09-30,word,nights,146,1,8,34593,42056
2026-09-30,word,nights at,43,1,2,413,508
2026-09-30,word,ninja,270,1,2,2574,3022
2026-09-30,word,nite,103,1,2,1222,2232
2026-09-30,word,no,1509,5,2,285,342
2026-09-30,word,nuke,120,0,2,5429,6792
2026-09-30,word,nuketown,50,0,2,1360,1547
2026-09-30,word,number,26,2,2,1198,1593
2026-09-30,word,obby,1507,7,28,98717,113016
2026-09-30,word,obby parkour,535,3,11,29379,33319
2026-09-30,word,octo,295,0,2,2803,4407
2026-09-30,word,off,201,1,2,16320,20539
2026-09-30,word,og,4415,20,19,25690,34339
2026-09-30,word,og map,50,0,2,967,1420
2026-09-30,word,omega,87,0,3,1112,1276
2026-09-30,word,one,7944,35,29,160943,213412
2026-09-30,word,one block,30,0,2,406,468
2026-09-30,word,one shot,6984,31,22,156768,207830
2026-09-30,word,oneshot,7656,36,23,158426,209619
2026-09-30,word,online,29,0,2,192,228
2026-09-30,word,only,3569,4,19,150926,200563
2026-09-30,word,only up,1071,3,18,146409,194584
2026-09-30,word,onlyup,1521,5,19,146409,194584
2026-09-30,word,op,433,2,16,28535,35431
2026-09-30,word,open,421,7,5,9620,14401
2026-09-30,word,open world,269,3,3,9319,14033
2026-09-30,word,or,574,9,15,72382,97694
2026-09-30,word,or die,179,1,10,60331,82636
2026-09-30,word,order,56,0,2,422,480
2026-09-30,word,original,121,1,3,267,305
2026-09-30,word,out,256,3,2,330,353
2026-09-30,word,paint,70,1,2,3351,3737
2026-09-30,word,palace,40,1,2,0,0
2026-09-30,word,palestine,58,3,2,29748,48840
2026-09-30,word,pandvil,58,0,5,287086,611906
2026-09-30,word,paradise,515,7,8,28788,36963
2026-09-30,word,park,547,0,7,6725,7857
2026-09-30,word,parkour,7271,63,118,434178,531958
2026-09-30,word,parkour deathrun,300,8,13,123977,152319
2026-09-30,word,parkour hard,83,3,7,10178,12361
2026-09-30,word,parkour levels,798,12,18,103376,135351
2026-09-30,word,parkour lvl,42,1,2,2981,3544
2026-09-30,word,parkour obby,68,1,3,2390,2732
2026-09-30,word,parkour باركور,42,2,6,6366,7422
2026-09-30,word,part,189,0,4,423,467
2026-09-30,word,party,2362,21,68,110942,319647
2026-09-30,word,party royal,418,7,11,3537,9419
2026-09-30,word,party royale,986,8,36,80260,248642
2026-09-30,word,per,39,1,5,6757,8023
2026-09-30,word,person,2596,1,2,1201,1372
2026-09-30,word,peru,26,0,2,3453,4663
2026-09-30,word,pet,122,8,10,26572,32705
2026-09-30,word,pets,52,1,4,2384,3913
2026-09-30,word,phantom,51,2,2,11459,14104
2026-09-30,word,photo,43,0,2,3167,4968
2026-09-30,word,pickaxe,292,1,2,3779,4779
2026-09-30,word,piece,1359,9,32,1588670,3289968
2026-09-30,word,piece 1v1,67,0,6,159483,231869
2026-09-30,word,piece control,760,6,6,1287326,2842168
2026-09-30,word,piece practice,42,1,3,31889,50977
2026-09-30,word,pilars,136,13,7,23082,32886
2026-09-30,word,pilars pilers,39,4,2,1633,1855
2026-09-30,word,pilers,86,8,5,16730,23365
2026-09-30,word,pillars,3231,47,63,1470324,2208428
2026-09-30,word,pillars ffa,44,0,2,44998,61423
2026-09-30,word,pillars pillers,44,6,7,12810,17577
2026-09-30,word,pillers,147,13,9,25588,36119
2026-09-30,word,pillers pilars,58,10,5,10304,14344
2026-09-30,word,pistol,356,2,2,905,1209
2026-09-30,word,pit,3683,4,6,350665,510957
2026-09-30,word,place,92,1,3,4969,11278
2026-09-30,word,plane,87,0,2,1156,1705
2026-09-30,word,play,210,1,2,1534,2238
2026-09-30,word,player,1301,1,3,5743,7234
2026-09-30,word,players,1776,5,5,34457,54837
2026-09-30,word,playground,298,0,15,25400,31404
2026-09-30,word,playtime,51,5,11,9530,10903
2026-09-30,word,police,65,0,3,1245,1730
2026-09-30,word,poppy,72,5,12,12778,14951
2026-09-30,word,poppy playtime,29,5,10,9530,10903
2026-09-30,word,power,415,1,2,1553,1888
2026-09-30,word,practice,2288,16,25,339429,521288
2026-09-30,word,practice aim,56,0,7,35897,53483
2026-09-30,word,prison,795,3,21,41773,57806
2026-09-30,word,prison escape,100,0,7,18217,26264
2026-09-30,word,pro,2052,10,15,169077,291559
2026-09-30,word,project,155,1,3,2699,3399
2026-09-30,word,prop,2666,10,26,116619,133902
2026-09-30,word,prop hunt,2596,10,26,116619,133902
2026-09-30,word,prophunt,2773,10,26,116619,133902
2026-09-30,word,protocol,42,0,2,115,159
2026-09-30,word,proximity,212,0,3,51512,168123
2026-09-30,word,proximity chat,184,0,3,51512,168123
2026-09-30,word,pt,27,0,2,583,733
2026-09-30,word,pump,1643,11,3,87742,132249
2026-09-30,word,pumps,1104,7,17,188320,341814
2026-09-30,word,pursuit,35,0,2,6232,8423
2026-09-30,word,pvp,11248,43,25,1303516,1869494
2026-09-30,word,pvp box,210,3,5,269232,364356
2026-09-30,word,pyramid,102,2,4,636,721
2026-09-30,word,queen,42,0,2,1449,1731
2026-09-30,word,quest,112,2,5,70,89
2026-09-30,word,race,1467,19,16,11711,17006
2026-09-30,word,race car,55,6,4,1404,1568
2026-09-30,word,racing,598,5,6,2385,2754
2026-09-30,word,raft,63,0,3,7895,10324
2026-09-30,word,raft tycoon,25,0,3,7895,10324
2026-09-30,word,raid,85,0,2,95,110
2026-09-30,word,raiders,34,0,2,328,361
2026-09-30,word,rainbow,320,5,6,18282,23707
2026-09-30,word,ramp,1773,29,34,83872,100271
2026-09-30,word,ramp car,88,9,5,1723,1929
2026-09-30,word,ramp jump,53,0,5,8192,10301
2026-09-30,word,ramp survival,46,0,2,3266,3696
2026-09-30,word,rampage,74,3,2,28,41
2026-09-30,word,ranked,2930,6,11,184068,272060
2026-09-30,word,rap,60,0,5,224,268
2026-09-30,word,rapid,430,3,12,172370,321698
2026-09-30,word,rapid boxfights,32,0,3,42948,82531
2026-09-30,word,rapid zero,28,0,2,42844,96593
2026-09-30,word,rasf,140,0,3,17761,25390
2026-09-30,word,real,330,5,12,16423,22975
2026-09-30,word,realistic,1571,9,14,419963,673379
2026-09-30,word,realistic pvp,182,2,2,15605,19713
2026-09-30,word,realistics,1029,3,15,530047,853628
2026-09-30,word,realistics 1v1,132,0,5,62298,119987
2026-09-30,word,red,16413,128,40,847693,1214673
2026-09-30,word,red blue,15084,123,37,825620,1182416
2026-09-30,word,reels,96,0,2,15,20
2026-09-30,word,reimagined,41,0,2,8335,10028
2026-09-30,word,relax,125,0,3,1218,1614
2026-09-30,word,reload,3693,20,27,746782,1099517
2026-09-30,word,reload 1v1,280,0,2,15130,23248
2026-09-30,word,remake,129,7,8,55318,73062
2026-09-30,word,remix,234,5,3,3762,4759
2026-09-30,word,remixed,30,0,2,121,155
2026-09-30,word,rescue,57,0,3,324725,480624
2026-09-30,word,resident,61,1,5,1390,1722
2026-09-30,word,resident evil,53,1,4,1382,1711
2026-09-30,word,resort,90,0,2,68,86
2026-09-30,word,respawn,259,1,2,1009,1315
2026-09-30,word,revenge,58,0,2,0,0
2026-09-30,word,rewind,28,0,2,9998,13060
2026-09-30,word,rex,49,2,2,3345,3621
2026-09-30,word,rezon,78,0,2,315043,717717
2026-09-30,word,rich,105,3,2,11452,12832
2026-09-30,word,ride,96,5,6,1264,1812
2026-09-30,word,riders,50,0,3,1008,1218
2026-09-30,word,rides,176,0,8,32518,50655
2026-09-30,word,rivals,255,7,3,49003,63845
2026-09-30,word,road,545,13,17,25889,33347
2026-09-30,word,road battle,31,6,4,2017,2183
2026-09-30,word,rocket,552,4,6,4218,5669
2026-09-30,word,rockets,366,1,4,28790,36614
2026-09-30,word,rockets cars,213,1,2,28509,36243
2026-09-30,word,rogue,59,1,5,414,496
2026-09-30,word,roguelike,522,3,145,189667,265344
2026-09-30,word,roleplay,263,0,3,8834,11393
2026-09-30,word,ronaldo,168,0,2,2109,2301
2026-09-30,word,room,2316,26,98,29607,40792
2026-09-30,word,room levels,42,0,4,1246,1407
2026-09-30,word,rooms,203,1,4,58,57
2026-09-30,word,rot,103,0,2,22393,47894
2026-09-30,word,royal,1015,10,11,3537,9419
2026-09-30,word,royale,4263,24,56,151732,344389
2026-09-30,word,rp,1511,45,39,73540,116132
2026-09-30,word,rpg,158,0,5,1121,1468
2026-09-30,word,run,1354,16,11,124653,165984
2026-09-30,word,run obby,27,0,3,10239,11919
2026-09-30,word,runners,274,1,2,1080,1316
2026-09-30,word,rush,734,14,3,257,320
2026-09-30,word,rvb,1004,26,16,63124,78227
2026-09-30,word,rvb red,309,5,10,61636,76526
2026-09-30,word,s2,169,3,3,11362,17310
2026-09-30,word,save,133,0,4,1044,1255
2026-09-30,word,scary,143,4,9,17853,23112
2026-09-30,word,school,279,0,8,17405,24943
2026-09-30,word,scott,73,0,5,3765,4109
2026-09-30,word,scp,56,0,5,1658,1999
2026-09-30,word,scream,35,4,5,113995,154430
2026-09-30,word,scrims,1059,11,16,286185,451670
2026-09-30,word,season,1507,4,10,18222,22022
2026-09-30,word,secret,438,4,3,7000,10188
2026-09-30,word,seek,855,7,22,84322,98584
2026-09-30,word,seven,135,3,4,3779,13139
2026-09-30,word,shadow,336,9,4,9750,16738
2026-09-30,word,shift,79,1,8,68322,86549
2026-09-30,word,shinobi,28,0,2,2826,3906
2026-09-30,word,shoot,225,4,3,3420,4492
2026-09-30,word,shot,7354,35,26,187945,244433
2026-09-30,word,shot gun,687,6,3,42355,56232
2026-09-30,word,shot parkour,74,1,3,27071,31518
2026-09-30,word,shotgun,995,7,3,42355,56232
2026-09-30,word,show,839,1,10,29956,49949
2026-09-30,word,showdown,660,4,4,843,1101
2026-09-30,word,sidekick,71,0,5,2510,4950
2026-09-30,word,siege,131,0,2,5220,6541
2026-09-30,word,simulator,645,4,7,36323,47022
2026-09-30,word,skibidi,315,0,2,274,316
2026-09-30,word,skibidi toilet,114,0,2,274,316
2026-09-30,word,skin,227,1,3,1750,3390
2026-09-30,word,skin contest,64,0,2,1727,3361
2026-09-30,word,skins,195,7,12,60607,86236
2026-09-30,word,sky,769,8,3,1618,2162
2026-09-30,word,skywars,262,0,2,1420,1905
2026-09-30,word,slap,82,1,3,8113,11588
2026-09-30,word,slide,809,4,17,12124,17852
2026-09-30,word,slide chill,238,0,11,7960,12420
2026-09-30,word,slow,244,0,2,12537,19904
2026-09-30,word,sneaky,48,1,2,13229,16707
2026-09-30,word,sniper,2989,14,17,245501,314607
2026-09-30,word,sniper one,998,4,6,70028,93269
2026-09-30,word,snipers,668,4,2,13229,16707
2026-09-30,word,soccer,265,2,7,56055,84043
2026-09-30,word,soccer football,36,0,3,12210,22756
2026-09-30,word,solo,2266,12,18,233786,359241
2026-09-30,word,solo leveling,37,0,2,152,211
2026-09-30,word,solo scrims,195,2,4,122861,185980
2026-09-30,word,solos,160,0,2,7249,10627
2026-09-30,word,song,184,1,14,17459,19470
2026-09-30,word,songs,310,2,8,8055,11412
2026-09-30,word,sonic,67,0,9,4752,5419
2026-09-30,word,space,899,3,2,1800,2581
2026-09-30,word,spectate,209,1,2,2848,5049
2026-09-30,word,speed,1374,26,30,484134,738334
2026-09-30,word,speed car,32,7,3,401,454
2026-09-30,word,speed keyboard,28,0,9,80134,112264
2026-09-30,word,speedrun,336,7,4,5401,6844
2026-09-30,word,spider,133,5,3,3036,3510
2026-09-30,word,spiders,184,56,1,0,0
2026-09-30,word,spiders city,172,55,1,0,0
2026-09-30,word,spot,76,2,2,713,872
2026-09-30,word,sprite,144,5,14,276042,395889
2026-09-30,word,sprites,63,2,7,34745,73692
2026-09-30,word,squad,303,1,6,10062,14721
2026-09-30,word,squid,780,4,15,90542,163603
2026-09-30,word,squid game,409,2,11,86538,158467
2026-09-30,word,squishy,27,0,3,5858,7542
2026-09-30,word,stage,81,1,4,481,590
2026-09-30,word,star,1284,8,46,266512,502172
2026-09-30,word,star wars,960,7,43,264733,500223
2026-09-30,word,starwars,1025,7,43,264733,500223
2026-09-30,word,station,159,2,3,3845,4576
2026-09-30,word,steal,599,12,18,432240,1547867
2026-09-30,word,steal brainrot,156,1,2,379638,1461511
2026-09-30,word,steal brainrots,26,1,2,1223,1589
2026-09-30,word,step,29,0,2,273,327
2026-09-30,word,steve,33,1,2,456,502
2026-09-30,word,store,74,0,3,3980,4502
2026-09-30,word,storm,575,10,10,532024,994439
2026-09-30,word,story,108,0,3,324835,480731
2026-09-30,word,stranger,158,0,5,1683,2279
2026-09-30,word,stranger things,120,0,4,1349,1647
2026-09-30,word,streamer,114,0,2,127,184
2026-09-30,word,street,168,0,3,733,818
2026-09-30,word,studio,139,1,3,3647,5658
2026-09-30,word,stunt,40,1,3,651,733
2026-09-30,word,summer,1024,0,5,28341,36419
2026-09-30,word,summer one,86,0,2,23180,30030
2026-09-30,word,super,5373,55,46,509182,741653
2026-09-30,word,super 1v1,214,2,6,17651,25931
2026-09-30,word,super 1v1v1,73,0,2,6408,10049
2026-09-30,word,super car,66,3,3,1798,1992
2026-09-30,word,super cars,54,3,2,432,509
2026-09-30,word,super hero,66,0,2,28,29
2026-09-30,word,super pillars,91,5,2,219675,348330
2026-09-30,word,super ramp,145,6,2,41538,50302
2026-09-30,word,super road,33,7,5,2017,2183
2026-09-30,word,super sniper,92,1,2,6680,8693
2026-09-30,word,super zone,25,0,2,3301,7144
2026-09-30,word,supercar,91,3,3,1798,1992
2026-09-30,word,superhero,210,0,5,276,385
2026-09-30,word,supermarket,75,0,4,90949,105751
2026-09-30,word,survival,1215,8,70,110652,139711
2026-09-30,word,survival horror,29,0,4,2243,2751
2026-09-30,word,survive,466,4,18,14494,19779
2026-09-30,word,survive days,67,0,2,520,594
2026-09-30,word,swap,73,0,2,14325,48749
2026-09-30,word,sweat,63,1,2,7507,8455
2026-09-30,word,switch,520,2,4,3283,4474
2026-09-30,word,sword,139,2,2,239,267
2026-09-30,word,tacos,27,0,2,298,335
2026-09-30,word,tag,264,0,5,28517,42623
2026-09-30,word,tank,116,1,3,51342,67257
2026-09-30,word,team,1385,9,4,12537,14941
2026-09-30,word,temple,279,3,2,241,296
2026-09-30,word,tennis,29,0,2,578,632
2026-09-30,word,terror,85,3,3,3947,4502
2026-09-30,word,test,394,1,8,1211,1385
2026-09-30,word,things,137,1,4,1349,1647
2026-09-30,word,tiktok,382,0,2,27095,35803
2026-09-30,word,tilted,5099,24,12,507172,661775
2026-09-30,word,tilted zone,750,5,8,495377,646401
2026-09-30,word,time,345,1,3,1427,1714
2026-09-30,word,tmnt,1008,8,12,3294,3977
2026-09-30,word,together,68,1,4,15586,18771
2026-09-30,word,toilet,175,1,2,274,316
2026-09-30,word,tornado,27,0,2,2023,2525
2026-09-30,word,tournament,229,0,3,6257,9843
2026-09-30,word,tower,997,14,15,29276,40825
2026-09-30,word,tower defense,54,1,4,9364,13330
2026-09-30,word,tower tycoon,47,1,2,10592,15954
2026-09-30,word,town,595,2,6,19421,52568
2026-09-30,word,toy,126,2,6,332633,491569
2026-09-30,word,train,161,1,3,5032,6997
2026-09-30,word,training,1638,12,24,202428,333492
2026-09-30,word,training aim,41,0,3,13616,18246
2026-09-30,word,training edit,35,0,2,5730,8580
2026-09-30,word,training practice,32,1,3,22450,35405
2026-09-30,word,trap,128,1,4,3324,3952
2026-09-30,word,travis,96,0,5,3765,4109
2026-09-30,word,travis scott,72,0,5,3765,4109
2026-09-30,word,treasure,80,0,2,244,375
2026-09-30,word,trials,92,1,3,481,601
2026-09-30,word,trick,166,2,4,31177,36603
2026-09-30,word,trick shot,109,1,4,31177,36603
2026-09-30,word,trickshot,1106,34,13,35276,41578
2026-09-30,word,trickshot parkour,486,1,2,4099,4975
2026-09-30,word,trio,342,2,16,74928,98543
2026-09-30,word,trio escape,36,0,10,2781,3357
2026-09-30,word,trio zone,58,1,2,19017,24507
2026-09-30,word,trios,166,1,2,46708,60742
2026-09-30,word,troll,228,2,3,175567,238212
2026-09-30,word,truck,74,0,2,7270,9779
2026-09-30,word,tsunami,232,6,5,8930,16478
2026-09-30,word,tsunami brainrots,47,1,2,4181,9556
2026-09-30,word,tu,60,0,2,471,835
2026-09-30,word,turtle,463,2,3,27286,43051
2026-09-30,word,twdu,218,1,4,9634,12553
2026-09-30,word,two,99,0,3,992,1098
2026-09-30,word,tycoon,4018,20,107,629492,979361
2026-09-30,word,tycoon co,164,0,5,3867,4474
2026-09-30,word,tycoon new,64,2,3,6423,7901
2026-09-30,word,ultimate,2524,11,11,6921,9032
2026-09-30,word,ultra,1037,7,3,10913,16495
2026-09-30,word,unc,721,1,8,43643,65437
2026-09-30,word,undead,58,0,2,78,88
2026-09-30,word,underwater,61,0,2,1937,2142
2026-09-30,word,underworld,92,0,2,154,204
2026-09-30,word,up,2013,11,28,412871,1964653
2026-09-30,word,up chapter,32,0,3,19217,24756
2026-09-30,word,update,770,2,4,9684,14265
2026-09-30,word,updated,520,0,3,1183,1470
2026-09-30,word,v1,603,4,4,5339,9001
2026-09-30,word,v2,741,5,5,2518,3689
2026-09-30,word,v3,152,1,2,2823,3992
2026-09-30,word,vader,28,0,3,1592,2034
2026-09-30,word,vault,191,0,2,2664,3612
2026-09-30,word,vehicles,433,3,4,35761,55309
2026-09-30,word,verity,48,1,12,43913,53928
2026-09-30,word,verse,33,0,2,137,226
2026-09-30,word,vi,78,0,3,1820,2181
2026-09-30,word,vibe,120,0,5,9087,20625
2026-09-30,word,video,33,0,2,2274,3490
2026-09-30,word,villa,129,0,3,3484,3801
2026-09-30,word,walkers,39,1,2,359,389
2026-09-30,word,walls,62,1,2,1014,1162
2026-09-30,word,war,1460,5,2,2156,3182
2026-09-30,word,warmup,614,2,4,9884,13305
2026-09-30,word,wars,14851,66,129,2021445,3147804
2026-09-30,word,wars 1v1,261,2,6,114851,185934
2026-09-30,word,wars all,79,0,3,14257,18567
2026-09-30,word,wars duo,91,0,3,26018,38097
2026-09-30,word,wars endgame,51,0,4,180466,276060
2026-09-30,word,wars pro,31,1,2,5495,6912
2026-09-30,word,wars pvp,63,1,2,7422,13530
2026-09-30,word,wars solo,180,0,2,6950,9135
2026-09-30,word,water,304,2,2,10447,16146
2026-09-30,word,weapons,3649,5,9,27558,48191
2026-09-30,word,white,339,1,2,1338,1368
2026-09-30,word,who,92,1,2,4256,4609
2026-09-30,word,wild,430,4,3,61545,82592
2026-09-30,word,win,143,7,3,5263,6790
2026-09-30,word,winter,1370,3,5,30118,38133
2026-09-30,word,wonderland,102,0,2,297,345
2026-09-30,word,world,1417,13,18,139082,173769
2026-09-30,word,wuggy,35,1,4,562,665
2026-09-30,word,xtreme,54,0,2,3605,4915
2026-09-30,word,you,359,0,3,2024,2300
2026-09-30,word,youtuber,82,0,2,4440,5959
2026-09-30,word,zb,430,2,3,870,1277
2026-09-30,word,zero,3275,13,22,104947,200490
2026-09-30,word,zero build,2549,11,20,100457,193643
2026-09-30,word,zerobuild,2727,13,20,100457,193643
2026-09-30,word,zombie,1576,14,40,71019,95183
2026-09-30,word,zombie apocalypse,37,1,3,12653,19300
2026-09-30,word,zombie city,66,0,4,1097,1345
2026-09-30,word,zombie escape,38,0,2,13173,19309
2026-09-30,word,zombie island,53,0,2,930,1041
2026-09-30,word,zombieland,49,0,2,590,689
2026-09-30,word,zombies,748,3,17,15250,19283
2026-09-30,word,zone,11373,59,63,1472206,2173572
2026-09-30,word,zone wars,9846,43,54,1463789,2161026
2026-09-30,word,zonewars,14279,54,58,1464719,2162291
2026-09-30,word,zoo,59,1,4,2855,3354
2026-09-30,word,العاصفه,51,3,7,518657,972741
2026-09-30,word,العرب,43,0,3,7182,10080
2026-09-30,word,المعرقين,131,0,6,235138,375760
2026-09-30,word,باركور,534,28,56,255475,313716
2026-09-30,word,باركور صعب,82,2,10,38670,50136
2026-09-30,word,باركور مرحلة,26,1,3,1346,1520
2026-09-30,word,بالبناء,302,0,2,13541,20090
2026-09-30,word,تحدي,45,1,4,5577,7190
2026-09-30,word,حرب,207,2,4,14876,23724
2026-09-30,word,دو,32,0,4,135384,226360
2026-09-30,word,سكرمز,860,6,23,880978,1552342
2026-09-30,word,سكرمز العاصفه,40,3,6,513301,964246
2026-09-30,word,سكرمز المعرقين,41,0,5,225596,352154
2026-09-30,word,صعب,100,4,11,42362,54425
2026-09-30,word,فايت,134,2,4,26133,40311
2026-09-30,word,فلسطين,49,1,2,74594,121122
2026-09-30,word,ماب,346,5,6,13370,28898
2026-09-30,word,ماب باركور,38,3,3,1371,1514
2026-09-30,word,مرحلة,43,1,6,2758,3047
2026-09-30,word,ملطوخ,42,0,2,25325,40464
2026-09-30,word,高性能,76,0,2,59783,108819
2026-09-30,word,高性能 1v1,30,0,2,59783,108819
