hour,genre,rank,code
2026-09-25T14:00:00Z,survival,1,3501-7237-8602
2026-09-25T14:00:00Z,survival,2,8344-0475-7589
2026-09-25T14:00:00Z,survival,3,2787-1164-2583
2026-09-25T14:00:00Z,survival,4,0433-7147-9507
2026-09-25T14:00:00Z,survival,5,7116-2671-7537
2026-09-25T14:00:00Z,survival,6,7541-3275-7180
2026-09-25T14:00:00Z,survival,7,9697-3257-3440
2026-09-25T14:00:00Z,survival,8,1596-1780-8043
2026-09-25T14:00:00Z,survival,9,2312-3096-3140
2026-09-25T14:00:00Z,survival,10,8079-0164-7528
2026-09-25T14:00:00Z,survival,11,2911-9500-1274
2026-09-25T14:00:00Z,survival,12,0342-9116-8723
2026-09-25T14:00:00Z,survival,13,8057-5274-9116
2026-09-25T14:00:00Z,survival,14,7114-0727-8746
2026-09-25T14:00:00Z,survival,15,6020-0463-4029
2026-09-25T14:00:00Z,survival,16,2891-2163-4404
2026-09-25T14:00:00Z,survival,17,7433-9605-1878
2026-09-25T14:00:00Z,survival,18,9651-4466-9042
2026-09-25T14:00:00Z,survival,19,1631-0751-4517
2026-09-25T14:00:00Z,survival,20,4771-7215-5767
2026-09-25T14:00:00Z,survival,21,3729-8899-3878
2026-09-25T14:00:00Z,survival,22,8464-5780-9092
2026-09-25T14:00:00Z,survival,23,5177-3498-9905
2026-09-25T14:00:00Z,survival,24,5386-1902-3209
2026-09-25T14:00:00Z,survival,25,1796-9956-7050
2026-09-25T14:00:00Z,survival,26,1862-8843-9022
2026-09-25T14:00:00Z,survival,27,7067-8314-8282
2026-09-25T14:00:00Z,survival,28,2887-3641-3853
2026-09-25T14:00:00Z,survival,29,1374-2241-1868
2026-09-25T14:00:00Z,survival,30,0242-1196-2261
2026-09-25T14:00:00Z,survival,31,7996-5597-0868
2026-09-25T14:00:00Z,survival,32,8110-1361-4327
2026-09-25T14:00:00Z,survival,33,4420-8150-0081
2026-09-25T14:00:00Z,survival,34,9563-8257-0848
2026-09-25T14:00:00Z,survival,35,3962-2471-5978
2026-09-25T14:00:00Z,survival,36,4422-3120-1826
2026-09-25T14:00:00Z,survival,37,7541-2314-8381
2026-09-25T14:00:00Z,survival,38,9584-6301-7470
2026-09-25T14:00:00Z,survival,39,1654-7479-6688
2026-09-25T14:00:00Z,survival,40,6643-0220-6840
2026-09-25T14:00:00Z,survival,41,8437-4689-3831
2026-09-25T14:00:00Z,survival,42,2668-5883-1928
2026-09-25T14:00:00Z,survival,43,0740-9649-8381
2026-09-25T14:00:00Z,survival,44,9236-4114-4864
2026-09-25T14:00:00Z,survival,45,6988-7736-2818
2026-09-25T14:00:00Z,survival,46,4088-9602-7302
2026-09-25T14:00:00Z,survival,47,4044-4229-5848
2026-09-25T14:00:00Z,survival,48,0929-9347-5439
2026-09-25T14:00:00Z,survival,49,3092-1733-8452
2026-09-25T14:00:00Z,survival,50,3181-7792-9942
2026-09-25T14:00:00Z,strategy,1,7048-8422-2298
2026-09-25T14:00:00Z,strategy,2,3916-5715-6958
2026-09-25T14:00:00Z,strategy,3,1734-8951-4401
2026-09-25T14:00:00Z,strategy,4,2276-7799-6979
2026-09-25T14:00:00Z,strategy,5,0630-7533-2925
2026-09-25T14:00:00Z,strategy,6,1228-4163-2585
2026-09-25T14:00:00Z,strategy,7,9787-3863-4932
2026-09-25T14:00:00Z,strategy,8,1188-8174-4193
2026-09-25T14:00:00Z,strategy,9,8920-0084-1283
2026-09-25T14:00:00Z,strategy,10,9783-9810-3294
2026-09-25T14:00:00Z,strategy,11,2342-8150-0779
2026-09-25T14:00:00Z,strategy,12,7412-3162-8807
2026-09-25T14:00:00Z,strategy,13,2961-6678-0690
2026-09-25T14:00:00Z,strategy,14,1193-9393-2703
2026-09-25T14:00:00Z,strategy,15,6262-5743-9849
2026-09-25T14:00:00Z,strategy,16,2343-2890-8194
2026-09-25T14:00:00Z,strategy,17,9628-7746-8609
2026-09-25T14:00:00Z,strategy,18,1996-3369-0924
2026-09-25T14:00:00Z,strategy,19,3449-2525-3800
2026-09-25T14:00:00Z,strategy,20,0457-9349-1892
2026-09-25T14:00:00Z,strategy,21,1864-3178-2374
2026-09-25T14:00:00Z,strategy,22,7540-0507-8614
2026-09-25T14:00:00Z,strategy,23,8761-1068-8756
2026-09-25T14:00:00Z,strategy,24,6414-8933-4975
2026-09-25T14:00:00Z,strategy,25,3545-3671-1669
2026-09-25T14:00:00Z,strategy,26,0376-5540-5501
2026-09-25T14:00:00Z,strategy,27,9502-5427-0647
2026-09-25T14:00:00Z,strategy,28,6290-9526-6183
2026-09-25T14:00:00Z,strategy,29,5519-4226-1471
2026-09-25T14:00:00Z,strategy,30,0137-0293-5082
2026-09-25T14:00:00Z,strategy,31,8443-6722-5921
2026-09-25T14:00:00Z,strategy,32,7564-5632-1658
2026-09-25T14:00:00Z,strategy,33,1007-7243-1341
2026-09-25T14:00:00Z,strategy,34,8682-5544-2364
2026-09-25T14:00:00Z,strategy,35,1349-9127-7193
2026-09-25T14:00:00Z,strategy,36,3544-3675-0767
2026-09-25T14:00:00Z,strategy,37,9278-7199-1625
2026-09-25T14:00:00Z,strategy,38,1790-6646-5095
2026-09-25T14:00:00Z,strategy,39,1403-9190-0065
2026-09-25T14:00:00Z,strategy,40,4164-3090-6037
2026-09-25T14:00:00Z,strategy,41,8167-6908-4201
2026-09-25T14:00:00Z,strategy,42,1567-9953-7924
2026-09-25T14:00:00Z,strategy,43,0678-0014-4695
2026-09-25T14:00:00Z,strategy,44,1840-9148-5961
2026-09-25T14:00:00Z,strategy,45,4936-4066-0948
2026-09-25T14:00:00Z,strategy,46,3839-5965-5316
2026-09-25T14:00:00Z,strategy,47,7965-9617-6749
2026-09-25T14:00:00Z,strategy,48,2788-3990-4998
2026-09-25T14:00:00Z,strategy,49,6782-9243-6816
2026-09-25T14:00:00Z,strategy,50,6332-3038-2760
2026-09-25T14:00:00Z,sports-racing,1,1652-7714-7390
2026-09-25T14:00:00Z,sports-racing,2,8430-6522-1585
2026-09-25T14:00:00Z,sports-racing,3,8475-0556-2572
2026-09-25T14:00:00Z,sports-racing,4,2678-5257-1845
2026-09-25T14:00:00Z,sports-racing,5,0105-1573-8859
2026-09-25T14:00:00Z,sports-racing,6,1840-5666-3032
2026-09-25T14:00:00Z,sports-racing,7,6242-1463-8607
2026-09-25T14:00:00Z,sports-racing,8,6295-5561-4675
2026-09-25T14:00:00Z,sports-racing,9,3705-2464-1791
2026-09-25T14:00:00Z,sports-racing,10,0128-8650-6625
2026-09-25T14:00:00Z,sports-racing,11,2328-4917-4726
2026-09-25T14:00:00Z,sports-racing,12,1939-6305-3282
2026-09-25T14:00:00Z,sports-racing,13,8144-9733-4847
2026-09-25T14:00:00Z,sports-racing,14,4780-5837-9361
2026-09-25T14:00:00Z,sports-racing,15,7550-7578-1580
2026-09-25T14:00:00Z,sports-racing,16,0149-9884-9995
2026-09-25T14:00:00Z,sports-racing,17,1657-5138-8925
2026-09-25T14:00:00Z,sports-racing,18,9885-4630-9385
2026-09-25T14:00:00Z,sports-racing,19,9465-4421-6613
2026-09-25T14:00:00Z,sports-racing,20,1982-8125-8136
2026-09-25T14:00:00Z,sports-racing,21,3791-0891-9328
2026-09-25T14:00:00Z,sports-racing,22,1206-0964-9905
2026-09-25T14:00:00Z,sports-racing,23,3425-3555-6235
2026-09-25T14:00:00Z,sports-racing,24,5447-8602-7966
2026-09-25T14:00:00Z,sports-racing,25,0872-9511-9825
2026-09-25T14:00:00Z,sports-racing,26,1057-0240-8438
2026-09-25T14:00:00Z,sports-racing,27,6565-2750-9419
2026-09-25T14:00:00Z,sports-racing,28,8487-6027-7031
2026-09-25T14:00:00Z,sports-racing,29,8665-1473-0638
2026-09-25T14:00:00Z,sports-racing,30,8436-9283-4649
2026-09-25T14:00:00Z,sports-racing,31,5195-8348-6059
2026-09-25T14:00:00Z,sports-racing,32,1114-3520-5951
2026-09-25T14:00:00Z,sports-racing,33,9986-9734-4157
2026-09-25T14:00:00Z,sports-racing,34,3202-1282-2824
2026-09-25T14:00:00Z,sports-racing,35,2210-6006-4614
2026-09-25T14:00:00Z,sports-racing,36,0791-0978-9230
2026-09-25T14:00:00Z,sports-racing,37,4592-3412-9806
2026-09-25T14:00:00Z,sports-racing,38,9403-3200-0933
2026-09-25T14:00:00Z,sports-racing,39,8648-0924-3171
2026-09-25T14:00:00Z,sports-racing,40,1987-4481-0780
2026-09-25T14:00:00Z,sports-racing,41,2254-7723-5109
2026-09-25T14:00:00Z,sports-racing,42,0321-8998-8494
2026-09-25T14:00:00Z,sports-racing,43,5817-8228-4768
2026-09-25T14:00:00Z,sports-racing,44,9334-1436-2796
2026-09-25T14:00:00Z,sports-racing,45,6024-0201-5590
2026-09-25T14:00:00Z,sports-racing,46,1640-0097-7728
2026-09-25T14:00:00Z,sports-racing,47,0792-5676-7900
2026-09-25T14:00:00Z,sports-racing,48,9546-8972-8715
2026-09-25T14:00:00Z,sports-racing,49,2834-9322-3016
2026-09-25T14:00:00Z,sports-racing,50,0153-2053-1968
2026-09-25T14:00:00Z,simulation-tycoon,1,7875-7934-3852
2026-09-25T14:00:00Z,simulation-tycoon,2,0017-2877-1308
2026-09-25T14:00:00Z,simulation-tycoon,3,3225-0366-8885
2026-09-25T14:00:00Z,simulation-tycoon,4,7865-8305-9184
2026-09-25T14:00:00Z,simulation-tycoon,5,5372-7436-3186
2026-09-25T14:00:00Z,simulation-tycoon,6,8810-6988-0934
2026-09-25T14:00:00Z,simulation-tycoon,7,1931-6763-0020
2026-09-25T14:00:00Z,simulation-tycoon,8,4177-0661-0836
2026-09-25T14:00:00Z,simulation-tycoon,9,2311-7649-8274
2026-09-25T14:00:00Z,simulation-tycoon,10,8014-3138-7722
2026-09-25T14:00:00Z,simulation-tycoon,11,8841-2492-6825
2026-09-25T14:00:00Z,simulation-tycoon,12,0893-6915-4759
2026-09-25T14:00:00Z,simulation-tycoon,13,0501-4531-8406
2026-09-25T14:00:00Z,simulation-tycoon,14,6594-6148-8173
2026-09-25T14:00:00Z,simulation-tycoon,15,0722-1566-1361
2026-09-25T14:00:00Z,simulation-tycoon,16,1536-9614-0921
2026-09-25T14:00:00Z,simulation-tycoon,17,7672-1003-7237
2026-09-25T14:00:00Z,simulation-tycoon,18,8222-6718-5415
2026-09-25T14:00:00Z,simulation-tycoon,19,6982-1889-5260
2026-09-25T14:00:00Z,simulation-tycoon,20,9621-3035-2804
2026-09-25T14:00:00Z,simulation-tycoon,21,4032-4883-0195
2026-09-25T14:00:00Z,simulation-tycoon,22,1786-9954-3391
2026-09-25T14:00:00Z,simulation-tycoon,23,6466-1906-0131
2026-09-25T14:00:00Z,simulation-tycoon,24,6586-8735-3733
2026-09-25T14:00:00Z,simulation-tycoon,25,9015-6485-3175
2026-09-25T14:00:00Z,simulation-tycoon,26,5580-1238-2267
2026-09-25T14:00:00Z,simulation-tycoon,27,7551-1016-0176
2026-09-25T14:00:00Z,simulation-tycoon,28,5819-6973-9807
2026-09-25T14:00:00Z,simulation-tycoon,29,5593-9896-0397
2026-09-25T14:00:00Z,simulation-tycoon,30,7113-0641-3989
2026-09-25T14:00:00Z,simulation-tycoon,31,9685-0017-2996
2026-09-25T14:00:00Z,simulation-tycoon,32,8039-8238-9814
2026-09-25T14:00:00Z,simulation-tycoon,33,1019-5361-6272
2026-09-25T14:00:00Z,simulation-tycoon,34,6335-3986-5947
2026-09-25T14:00:00Z,simulation-tycoon,35,5488-9032-1549
2026-09-25T14:00:00Z,simulation-tycoon,36,2007-4387-0287
2026-09-25T14:00:00Z,simulation-tycoon,37,1499-6977-1308
2026-09-25T14:00:00Z,simulation-tycoon,38,6026-2375-3494
2026-09-25T14:00:00Z,simulation-tycoon,39,3682-2144-3262
2026-09-25T14:00:00Z,simulation-tycoon,40,0190-8948-3391
2026-09-25T14:00:00Z,simulation-tycoon,41,7134-6663-8455
2026-09-25T14:00:00Z,simulation-tycoon,42,3417-3153-6183
2026-09-25T14:00:00Z,simulation-tycoon,43,0540-6306-4733
2026-09-25T14:00:00Z,simulation-tycoon,44,8551-2531-3992
2026-09-25T14:00:00Z,simulation-tycoon,45,1965-6460-9929
2026-09-25T14:00:00Z,simulation-tycoon,46,3497-3230-5192
2026-09-25T14:00:00Z,simulation-tycoon,47,4397-8620-1913
2026-09-25T14:00:00Z,simulation-tycoon,48,8399-8303-7944
2026-09-25T14:00:00Z,simulation-tycoon,49,9555-3487-6309
2026-09-25T14:00:00Z,simulation-tycoon,50,0743-7333-2847
2026-09-25T14:00:00Z,shooter,1,7430-4818-4188
2026-09-25T14:00:00Z,shooter,2,7441-9489-4182
2026-09-25T14:00:00Z,shooter,3,1808-2396-7847
2026-09-25T14:00:00Z,shooter,4,6155-1398-4059
2026-09-25T14:00:00Z,shooter,5,0148-0322-5437
2026-09-25T14:00:00Z,shooter,6,8765-4125-9209
2026-09-25T14:00:00Z,shooter,7,8234-1352-6956
2026-09-25T14:00:00Z,shooter,8,4590-4493-7113
2026-09-25T14:00:00Z,shooter,9,2898-7886-8847
2026-09-25T14:00:00Z,shooter,10,2786-2114-8349
2026-09-25T14:00:00Z,shooter,11,3181-8882-6695
2026-09-25T14:00:00Z,shooter,12,6366-6217-9042
2026-09-25T14:00:00Z,shooter,13,6135-7676-7050
2026-09-25T14:00:00Z,shooter,14,8003-2362-4527
2026-09-25T14:00:00Z,shooter,15,6000-7886-3571
2026-09-25T14:00:00Z,shooter,16,7000-2168-6869
2026-09-25T14:00:00Z,shooter,17,3837-9636-9505
2026-09-25T14:00:00Z,shooter,18,9083-2033-9848
2026-09-25T14:00:00Z,shooter,19,5112-1759-8096
2026-09-25T14:00:00Z,shooter,20,2995-4004-9094
2026-09-25T14:00:00Z,shooter,21,4295-4155-3058
2026-09-25T14:00:00Z,shooter,22,4432-4107-7174
2026-09-25T14:00:00Z,shooter,23,3318-7788-6092
2026-09-25T14:00:00Z,shooter,24,3424-1388-0947
2026-09-25T14:00:00Z,shooter,25,3837-5258-6307
2026-09-25T14:00:00Z,shooter,26,2424-4344-7824
2026-09-25T14:00:00Z,shooter,27,3533-5211-7130
2026-09-25T14:00:00Z,shooter,28,0695-6139-0659
2026-09-25T14:00:00Z,shooter,29,8730-0519-0933
2026-09-25T14:00:00Z,shooter,30,2744-5526-2967
2026-09-25T14:00:00Z,shooter,31,9061-5458-7889
2026-09-25T14:00:00Z,shooter,32,9635-6302-5309
2026-09-25T14:00:00Z,shooter,33,8068-9359-0183
2026-09-25T14:00:00Z,shooter,34,0238-0031-3130
2026-09-25T14:00:00Z,shooter,35,9298-6844-1902
2026-09-25T14:00:00Z,shooter,36,1469-4297-5714
2026-09-25T14:00:00Z,shooter,37,9520-0654-8075
2026-09-25T14:00:00Z,shooter,38,6632-5555-1738
2026-09-25T14:00:00Z,shooter,39,1128-5504-3888
2026-09-25T14:00:00Z,shooter,40,9751-8364-1350
2026-09-25T14:00:00Z,shooter,41,6242-8952-3865
2026-09-25T14:00:00Z,shooter,42,5485-7712-1328
2026-09-25T14:00:00Z,shooter,43,1689-2986-4337
2026-09-25T14:00:00Z,shooter,44,3459-9952-0053
2026-09-25T14:00:00Z,shooter,45,6266-2088-0745
2026-09-25T14:00:00Z,shooter,46,3859-7870-2185
2026-09-25T14:00:00Z,shooter,47,8165-6883-7307
2026-09-25T14:00:00Z,shooter,48,0132-3640-7214
2026-09-25T14:00:00Z,shooter,49,8402-3642-6726
2026-09-25T14:00:00Z,shooter,50,1602-6355-3892
2026-09-25T14:00:00Z,roleplaying-social,1,0324-6525-3171
2026-09-25T14:00:00Z,roleplaying-social,2,6032-4340-0635
2026-09-25T14:00:00Z,roleplaying-social,3,9960-1973-3840
2026-09-25T14:00:00Z,roleplaying-social,4,9909-6421-7669
2026-09-25T14:00:00Z,roleplaying-social,5,6462-6469-4435
2026-09-25T14:00:00Z,roleplaying-social,6,6163-6465-2983
2026-09-25T14:00:00Z,roleplaying-social,7,7112-8777-0902
2026-09-25T14:00:00Z,roleplaying-social,8,7314-4269-5911
2026-09-25T14:00:00Z,roleplaying-social,9,9862-4661-6699
2026-09-25T14:00:00Z,roleplaying-social,10,5791-2777-2631
2026-09-25T14:00:00Z,roleplaying-social,11,3576-3976-5738
2026-09-25T14:00:00Z,roleplaying-social,12,1008-1364-5412
2026-09-25T14:00:00Z,roleplaying-social,13,1640-4844-3570
2026-09-25T14:00:00Z,roleplaying-social,14,2115-3585-8349
2026-09-25T14:00:00Z,roleplaying-social,15,8352-7392-6528
2026-09-25T14:00:00Z,roleplaying-social,16,8238-3374-0527
2026-09-25T14:00:00Z,roleplaying-social,17,4827-2650-6779
2026-09-25T14:00:00Z,roleplaying-social,18,0237-7610-3382
2026-09-25T14:00:00Z,roleplaying-social,19,1186-5766-0282
2026-09-25T14:00:00Z,roleplaying-social,20,7127-0120-4449
2026-09-25T14:00:00Z,roleplaying-social,21,8673-3549-8114
2026-09-25T14:00:00Z,roleplaying-social,22,9215-3374-2716
2026-09-25T14:00:00Z,roleplaying-social,23,5130-4694-1030
2026-09-25T14:00:00Z,roleplaying-social,24,5049-6507-5084
2026-09-25T14:00:00Z,roleplaying-social,25,2548-5349-4659
2026-09-25T14:00:00Z,roleplaying-social,26,6017-3375-2273
2026-09-25T14:00:00Z,roleplaying-social,27,1345-5145-1363
2026-09-25T14:00:00Z,roleplaying-social,28,4378-3721-0517
2026-09-25T14:00:00Z,roleplaying-social,29,1023-3077-5427
2026-09-25T14:00:00Z,roleplaying-social,30,3369-4671-4228
2026-09-25T14:00:00Z,roleplaying-social,31,2586-8404-0869
2026-09-25T14:00:00Z,roleplaying-social,32,4420-9325-8814
2026-09-25T14:00:00Z,roleplaying-social,33,8079-1410-9627
2026-09-25T14:00:00Z,roleplaying-social,34,8440-2203-4683
2026-09-25T14:00:00Z,roleplaying-social,35,0555-8302-4764
2026-09-25T14:00:00Z,roleplaying-social,36,6681-4393-8409
2026-09-25T14:00:00Z,roleplaying-social,37,3991-1046-3772
2026-09-25T14:00:00Z,roleplaying-social,38,7044-5372-4741
2026-09-25T14:00:00Z,roleplaying-social,39,0586-0173-4811
2026-09-25T14:00:00Z,roleplaying-social,40,4773-6741-9721
2026-09-25T14:00:00Z,roleplaying-social,41,8299-6662-9330
2026-09-25T14:00:00Z,roleplaying-social,42,6771-1880-7737
2026-09-25T14:00:00Z,roleplaying-social,43,9139-3598-0890
2026-09-25T14:00:00Z,roleplaying-social,44,0455-4819-3993
2026-09-25T14:00:00Z,roleplaying-social,45,4990-6359-3374
2026-09-25T14:00:00Z,roleplaying-social,46,6672-6548-6091
2026-09-25T14:00:00Z,roleplaying-social,47,9551-3543-8752
2026-09-25T14:00:00Z,roleplaying-social,48,1128-5158-6207
2026-09-25T14:00:00Z,roleplaying-social,49,7159-7623-0878
2026-09-25T14:00:00Z,roleplaying-social,50,7971-1781-8515
2026-09-25T14:00:00Z,roguelike,1,5371-4743-1449
2026-09-25T14:00:00Z,roguelike,2,5786-6009-0800
2026-09-25T14:00:00Z,roguelike,3,7908-5661-9723
2026-09-25T14:00:00Z,roguelike,4,1316-2698-6957
2026-09-25T14:00:00Z,roguelike,5,0450-2818-4646
2026-09-25T14:00:00Z,roguelike,6,0243-3963-9174
2026-09-25T14:00:00Z,roguelike,7,3815-6126-3210
2026-09-25T14:00:00Z,roguelike,8,7300-0705-2924
2026-09-25T14:00:00Z,roguelike,9,5410-9748-9230
2026-09-25T14:00:00Z,roguelike,10,0953-8380-0428
2026-09-25T14:00:00Z,roguelike,11,0139-8551-5744
2026-09-25T14:00:00Z,roguelike,12,7660-6642-4841
2026-09-25T14:00:00Z,roguelike,13,9638-2905-2989
2026-09-25T14:00:00Z,roguelike,14,6177-7138-0133
2026-09-25T14:00:00Z,roguelike,15,1311-3035-1480
2026-09-25T14:00:00Z,roguelike,16,5496-4456-1570
2026-09-25T14:00:00Z,roguelike,17,1257-8964-6713
2026-09-25T14:00:00Z,roguelike,18,8105-9005-4478
2026-09-25T14:00:00Z,roguelike,19,9276-7287-3867
2026-09-25T14:00:00Z,roguelike,20,0402-8300-3128
2026-09-25T14:00:00Z,roguelike,21,2202-8403-6747
2026-09-25T14:00:00Z,roguelike,22,2005-9007-1508
2026-09-25T14:00:00Z,roguelike,23,9311-7979-3371
2026-09-25T14:00:00Z,roguelike,24,1775-4578-6904
2026-09-25T14:00:00Z,roguelike,25,0986-9962-2231
2026-09-25T14:00:00Z,roguelike,26,3305-9667-7847
2026-09-25T14:00:00Z,roguelike,27,5341-1937-4427
2026-09-25T14:00:00Z,roguelike,28,3033-2815-2914
2026-09-25T14:00:00Z,roguelike,29,5494-8930-2057
2026-09-25T14:00:00Z,roguelike,30,7627-8175-3618
2026-09-25T14:00:00Z,roguelike,31,4873-4878-1736
2026-09-25T14:00:00Z,roguelike,32,8640-1404-5362
2026-09-25T14:00:00Z,roguelike,33,1436-3938-3127
2026-09-25T14:00:00Z,roguelike,34,2214-7613-0030
2026-09-25T14:00:00Z,roguelike,35,3626-6521-4027
2026-09-25T14:00:00Z,roguelike,36,8089-0616-8914
2026-09-25T14:00:00Z,roguelike,37,9642-6354-0929
2026-09-25T14:00:00Z,roguelike,38,9932-6453-4059
2026-09-25T14:00:00Z,roguelike,39,2883-8391-6703
2026-09-25T14:00:00Z,roguelike,40,0969-0725-3493
2026-09-25T14:00:00Z,roguelike,41,6472-9315-0735
2026-09-25T14:00:00Z,roguelike,42,9158-0478-3052
2026-09-25T14:00:00Z,roguelike,43,2559-9546-4145
2026-09-25T14:00:00Z,roguelike,44,8941-9913-9242
2026-09-25T14:00:00Z,roguelike,45,1667-6000-1077
2026-09-25T14:00:00Z,roguelike,46,8641-8991-1251
2026-09-25T14:00:00Z,roguelike,47,9179-6862-5831
2026-09-25T14:00:00Z,roguelike,48,6885-3768-5936
2026-09-25T14:00:00Z,roguelike,49,9661-5300-4601
2026-09-25T14:00:00Z,roguelike,50,8347-7641-0377
2026-09-25T14:00:00Z,party-mini-games,1,7786-0958-2481
2026-09-25T14:00:00Z,party-mini-games,2,4540-2792-0054
2026-09-25T14:00:00Z,party-mini-games,3,3982-1819-4205
2026-09-25T14:00:00Z,party-mini-games,4,2713-8007-6156
2026-09-25T14:00:00Z,party-mini-games,5,8532-9413-6963
2026-09-25T14:00:00Z,party-mini-games,6,0673-9062-5656
2026-09-25T14:00:00Z,party-mini-games,7,1245-9511-3686
2026-09-25T14:00:00Z,party-mini-games,8,5731-3854-1429
2026-09-25T14:00:00Z,party-mini-games,9,9327-0023-8506
2026-09-25T14:00:00Z,party-mini-games,10,5534-5280-2727
2026-09-25T14:00:00Z,party-mini-games,11,9207-7848-7041
2026-09-25T14:00:00Z,party-mini-games,12,7011-3815-1384
2026-09-25T14:00:00Z,party-mini-games,13,2724-4064-5480
2026-09-25T14:00:00Z,party-mini-games,14,0860-0696-6226
2026-09-25T14:00:00Z,party-mini-games,15,0601-1980-6626
2026-09-25T14:00:00Z,party-mini-games,16,5581-8600-6431
2026-09-25T14:00:00Z,party-mini-games,17,6916-2231-5639
2026-09-25T14:00:00Z,party-mini-games,18,3129-9646-1070
2026-09-25T14:00:00Z,party-mini-games,19,9886-0074-1759
2026-09-25T14:00:00Z,party-mini-games,20,3543-7859-1857
2026-09-25T14:00:00Z,party-mini-games,21,0951-9511-6039
2026-09-25T14:00:00Z,party-mini-games,22,9568-9742-7529
2026-09-25T14:00:00Z,party-mini-games,23,7473-0088-9373
2026-09-25T14:00:00Z,party-mini-games,24,7893-3223-8329
2026-09-25T14:00:00Z,party-mini-games,25,5692-9530-3954
2026-09-25T14:00:00Z,party-mini-games,26,1402-1820-0657
2026-09-25T14:00:00Z,party-mini-games,27,0435-0111-2493
2026-09-25T14:00:00Z,party-mini-games,28,7832-3964-5638
2026-09-25T14:00:00Z,party-mini-games,29,8712-8939-5935
2026-09-25T14:00:00Z,party-mini-games,30,8851-5480-5161
2026-09-25T14:00:00Z,party-mini-games,31,1443-4058-4106
2026-09-25T14:00:00Z,party-mini-games,32,8875-2455-5971
2026-09-25T14:00:00Z,party-mini-games,33,8879-1619-5419
2026-09-25T14:00:00Z,party-mini-games,34,1216-9665-5612
2026-09-25T14:00:00Z,party-mini-games,35,3417-0732-9948
2026-09-25T14:00:00Z,party-mini-games,36,8448-9780-4736
2026-09-25T14:00:00Z,party-mini-games,37,4393-5421-0855
2026-09-25T14:00:00Z,party-mini-games,38,1017-3683-6436
2026-09-25T14:00:00Z,party-mini-games,39,5134-7238-5229
2026-09-25T14:00:00Z,party-mini-games,40,2784-9853-5887
2026-09-25T14:00:00Z,party-mini-games,41,4042-7237-7914
2026-09-25T14:00:00Z,party-mini-games,42,5255-5400-1491
2026-09-25T14:00:00Z,party-mini-games,43,3781-5620-3131
2026-09-25T14:00:00Z,party-mini-games,44,3277-0021-0184
2026-09-25T14:00:00Z,party-mini-games,45,4090-6935-8150
2026-09-25T14:00:00Z,party-mini-games,46,2877-0520-3856
2026-09-25T14:00:00Z,party-mini-games,47,7325-6346-6659
2026-09-25T14:00:00Z,party-mini-games,48,8742-0736-8164
2026-09-25T14:00:00Z,party-mini-games,49,5991-1334-7948
2026-09-25T14:00:00Z,party-mini-games,50,7664-6686-7406
2026-09-25T14:00:00Z,music-rhythm,1,9851-7455-1332
2026-09-25T14:00:00Z,music-rhythm,2,9234-0447-6099
2026-09-25T14:00:00Z,music-rhythm,3,8363-8237-0040
2026-09-25T14:00:00Z,music-rhythm,4,5494-2125-5108
2026-09-25T14:00:00Z,music-rhythm,5,4330-3478-9064
2026-09-25T14:00:00Z,music-rhythm,6,7385-6982-2296
2026-09-25T14:00:00Z,music-rhythm,7,2855-7768-7380
2026-09-25T14:00:00Z,music-rhythm,8,6253-2742-8438
2026-09-25T14:00:00Z,music-rhythm,9,2796-4203-2086
2026-09-25T14:00:00Z,music-rhythm,10,6322-2686-0790
2026-09-25T14:00:00Z,music-rhythm,11,1588-1140-6261
2026-09-25T14:00:00Z,music-rhythm,12,8047-6953-2839
2026-09-25T14:00:00Z,music-rhythm,13,9312-3254-6209
2026-09-25T14:00:00Z,music-rhythm,14,5261-2224-6992
2026-09-25T14:00:00Z,music-rhythm,15,0412-4007-2062
2026-09-25T14:00:00Z,music-rhythm,16,1101-5048-7690
2026-09-25T14:00:00Z,music-rhythm,17,1102-2771-9165
2026-09-25T14:00:00Z,music-rhythm,18,5542-5833-2901
2026-09-25T14:00:00Z,music-rhythm,19,6175-6100-8121
2026-09-25T14:00:00Z,music-rhythm,20,3093-0676-2570
2026-09-25T14:00:00Z,music-rhythm,21,2214-4070-0866
2026-09-25T14:00:00Z,music-rhythm,22,8743-3665-1978
2026-09-25T14:00:00Z,music-rhythm,23,1316-4344-1374
2026-09-25T14:00:00Z,music-rhythm,24,4158-2086-8922
2026-09-25T14:00:00Z,music-rhythm,25,8244-8226-3592
2026-09-25T14:00:00Z,music-rhythm,26,4020-2309-4390
2026-09-25T14:00:00Z,music-rhythm,27,5240-2885-8027
2026-09-25T14:00:00Z,music-rhythm,28,6000-5068-3133
2026-09-25T14:00:00Z,music-rhythm,29,2122-3581-0836
2026-09-25T14:00:00Z,music-rhythm,30,4692-9348-9737
2026-09-25T14:00:00Z,music-rhythm,31,7398-2123-7962
2026-09-25T14:00:00Z,music-rhythm,32,8465-6954-5659
2026-09-25T14:00:00Z,music-rhythm,33,9366-7818-9623
2026-09-25T14:00:00Z,music-rhythm,34,4153-0784-8219
2026-09-25T14:00:00Z,music-rhythm,35,4012-6126-4312
2026-09-25T14:00:00Z,music-rhythm,36,4041-9398-0080
2026-09-25T14:00:00Z,music-rhythm,37,2139-1941-6204
2026-09-25T14:00:00Z,music-rhythm,38,2537-6200-1572
2026-09-25T14:00:00Z,music-rhythm,39,3979-8693-2639
2026-09-25T14:00:00Z,music-rhythm,40,2702-3849-0110
2026-09-25T14:00:00Z,music-rhythm,41,6985-4689-4867
2026-09-25T14:00:00Z,music-rhythm,42,0960-0671-7810
2026-09-25T14:00:00Z,music-rhythm,43,7166-5731-7989
2026-09-25T14:00:00Z,music-rhythm,44,1227-4242-2251
2026-09-25T14:00:00Z,music-rhythm,45,2233-0758-3370
2026-09-25T14:00:00Z,music-rhythm,46,2702-9840-6580
2026-09-25T14:00:00Z,music-rhythm,47,4909-7635-0559
2026-09-25T14:00:00Z,music-rhythm,48,7154-2678-0590
2026-09-25T14:00:00Z,music-rhythm,49,1106-5751-6368
2026-09-25T14:00:00Z,music-rhythm,50,0167-0907-7204
2026-09-25T14:00:00Z,horror,1,5253-8468-3364
2026-09-25T14:00:00Z,horror,2,2522-4269-4932
2026-09-25T14:00:00Z,horror,3,8198-8669-9805
2026-09-25T14:00:00Z,horror,4,1314-9783-9214
2026-09-25T14:00:00Z,horror,5,6386-2237-2556
2026-09-25T14:00:00Z,horror,6,0257-0819-4941
2026-09-25T14:00:00Z,horror,7,8605-3450-1528
2026-09-25T14:00:00Z,horror,8,9919-3137-0527
2026-09-25T14:00:00Z,horror,9,7782-9349-5060
2026-09-25T14:00:00Z,horror,10,0487-9801-6989
2026-09-25T14:00:00Z,horror,11,7693-2586-8371
2026-09-25T14:00:00Z,horror,12,5382-8693-1539
2026-09-25T14:00:00Z,horror,13,0269-9911-2581
2026-09-25T14:00:00Z,horror,14,9217-3432-0162
2026-09-25T14:00:00Z,horror,15,8832-3199-6129
2026-09-25T14:00:00Z,horror,16,3119-1652-2400
2026-09-25T14:00:00Z,horror,17,9321-4455-9371
2026-09-25T14:00:00Z,horror,18,1864-8667-0230
2026-09-25T14:00:00Z,horror,19,6122-7960-7993
2026-09-25T14:00:00Z,horror,20,1764-2576-3256
2026-09-25T14:00:00Z,horror,21,1720-5066-5578
2026-09-25T14:00:00Z,horror,22,2742-7377-1715
2026-09-25T14:00:00Z,horror,23,5640-2782-5317
2026-09-25T14:00:00Z,horror,24,3927-1464-2662
2026-09-25T14:00:00Z,horror,25,0157-2279-6109
2026-09-25T14:00:00Z,horror,26,2237-7732-9798
2026-09-25T14:00:00Z,horror,27,6777-3983-5606
2026-09-25T14:00:00Z,horror,28,8257-3753-1968
2026-09-25T14:00:00Z,horror,29,6821-1481-6945
2026-09-25T14:00:00Z,horror,30,1431-7115-9506
2026-09-25T14:00:00Z,horror,31,2350-8051-9251
2026-09-25T14:00:00Z,horror,32,0307-5506-1191
2026-09-25T14:00:00Z,horror,33,9238-2115-6656
2026-09-25T14:00:00Z,horror,34,1723-9035-5854
2026-09-25T14:00:00Z,horror,35,0001-2497-5768
2026-09-25T14:00:00Z,horror,36,9584-0626-1868
2026-09-25T14:00:00Z,horror,37,2633-7144-2490
2026-09-25T14:00:00Z,horror,38,9167-8402-4823
2026-09-25T14:00:00Z,horror,39,4062-2133-4209
2026-09-25T14:00:00Z,horror,40,9992-6976-2209
2026-09-25T14:00:00Z,horror,41,6114-9517-9070
2026-09-25T14:00:00Z,horror,42,5387-5951-8319
2026-09-25T14:00:00Z,horror,43,4925-6066-5921
2026-09-25T14:00:00Z,horror,44,0832-0720-1196
2026-09-25T14:00:00Z,horror,45,5124-2067-3713
2026-09-25T14:00:00Z,horror,46,2306-6422-7294
2026-09-25T14:00:00Z,horror,47,8374-9585-6310
2026-09-25T14:00:00Z,horror,48,5263-0053-7559
2026-09-25T14:00:00Z,horror,49,8442-5023-8116
2026-09-25T14:00:00Z,horror,50,3504-8638-4358
2026-09-25T14:00:00Z,deathrun-platformer,1,9007-7666-4786
2026-09-25T14:00:00Z,deathrun-platformer,2,2940-8798-4080
2026-09-25T14:00:00Z,deathrun-platformer,3,6141-4809-9229
2026-09-25T14:00:00Z,deathrun-platformer,4,4366-9611-6988
2026-09-25T14:00:00Z,deathrun-platformer,5,6595-9027-4333
2026-09-25T14:00:00Z,deathrun-platformer,6,3516-3502-7404
2026-09-25T14:00:00Z,deathrun-platformer,7,5601-6658-1317
2026-09-25T14:00:00Z,deathrun-platformer,8,2138-8249-3841
2026-09-25T14:00:00Z,deathrun-platformer,9,9425-7305-0704
2026-09-25T14:00:00Z,deathrun-platformer,10,4827-2323-5954
2026-09-25T14:00:00Z,deathrun-platformer,11,3090-4809-1591
2026-09-25T14:00:00Z,deathrun-platformer,12,6353-3210-5766
2026-09-25T14:00:00Z,deathrun-platformer,13,6907-0729-6439
2026-09-25T14:00:00Z,deathrun-platformer,14,9156-5231-8691
2026-09-25T14:00:00Z,deathrun-platformer,15,7403-8636-4107
2026-09-25T14:00:00Z,deathrun-platformer,16,2655-9467-6796
2026-09-25T14:00:00Z,deathrun-platformer,17,8610-8921-9835
2026-09-25T14:00:00Z,deathrun-platformer,18,5497-6332-8508
2026-09-25T14:00:00Z,deathrun-platformer,19,9244-4434-0472
2026-09-25T14:00:00Z,deathrun-platformer,20,9103-4908-5016
2026-09-25T14:00:00Z,deathrun-platformer,21,9943-6687-8491
2026-09-25T14:00:00Z,deathrun-platformer,22,0467-2642-8087
2026-09-25T14:00:00Z,deathrun-platformer,23,4343-3421-7958
2026-09-25T14:00:00Z,deathrun-platformer,24,7662-9243-4059
2026-09-25T14:00:00Z,deathrun-platformer,25,9895-8028-9581
2026-09-25T14:00:00Z,deathrun-platformer,26,0215-1201-3820
2026-09-25T14:00:00Z,deathrun-platformer,27,5707-5301-8219
2026-09-25T14:00:00Z,deathrun-platformer,28,0436-6653-7192
2026-09-25T14:00:00Z,deathrun-platformer,29,7076-6111-1715
2026-09-25T14:00:00Z,deathrun-platformer,30,4150-0895-4589
2026-09-25T14:00:00Z,deathrun-platformer,31,8112-4293-6684
2026-09-25T14:00:00Z,deathrun-platformer,32,1437-1723-4860
2026-09-25T14:00:00Z,deathrun-platformer,33,5580-1607-2828
2026-09-25T14:00:00Z,deathrun-platformer,34,4684-7269-3063
2026-09-25T14:00:00Z,deathrun-platformer,35,9257-5818-2400
2026-09-25T14:00:00Z,deathrun-platformer,36,0554-1640-9952
2026-09-25T14:00:00Z,deathrun-platformer,37,8101-3554-2146
2026-09-25T14:00:00Z,deathrun-platformer,38,6431-5855-3798
2026-09-25T14:00:00Z,deathrun-platformer,39,5350-2333-1738
2026-09-25T14:00:00Z,deathrun-platformer,40,5469-6704-8471
2026-09-25T14:00:00Z,deathrun-platformer,41,9597-4167-2516
2026-09-25T14:00:00Z,deathrun-platformer,42,8101-2752-7998
2026-09-25T14:00:00Z,deathrun-platformer,43,5822-9054-9053
2026-09-25T14:00:00Z,deathrun-platformer,44,3815-6671-9283
2026-09-25T14:00:00Z,deathrun-platformer,45,4172-4166-6834
2026-09-25T14:00:00Z,deathrun-platformer,46,0535-7169-4733
2026-09-25T14:00:00Z,deathrun-platformer,47,9983-0397-2409
2026-09-25T14:00:00Z,deathrun-platformer,48,2228-5758-0657
2026-09-25T14:00:00Z,deathrun-platformer,49,7028-5731-5987
2026-09-25T14:00:00Z,deathrun-platformer,50,7153-2695-5547
2026-09-25T14:00:00Z,battle-royale,1,6133-4335-3668
2026-09-25T14:00:00Z,battle-royale,2,5075-1953-0397
2026-09-25T14:00:00Z,battle-royale,3,8887-1914-7284
2026-09-25T14:00:00Z,battle-royale,4,2515-6266-7600
2026-09-25T14:00:00Z,battle-royale,5,3305-1551-7747
2026-09-25T14:00:00Z,battle-royale,6,3729-0643-9775
2026-09-25T14:00:00Z,battle-royale,7,7835-3901-1999
2026-09-25T14:00:00Z,battle-royale,8,8064-7152-2934
2026-09-25T14:00:00Z,battle-royale,9,8298-6891-9930
2026-09-25T14:00:00Z,battle-royale,10,1832-0431-4852
2026-09-25T14:00:00Z,battle-royale,11,6570-5231-1418
2026-09-25T14:00:00Z,battle-royale,12,6562-8953-6567
2026-09-25T14:00:00Z,battle-royale,13,9854-1829-8735
2026-09-25T14:00:00Z,battle-royale,14,8189-6786-4181
2026-09-25T14:00:00Z,battle-royale,15,9860-3691-4813
2026-09-25T14:00:00Z,battle-royale,16,7675-8305-9560
2026-09-25T14:00:00Z,battle-royale,17,1707-4206-4316
2026-09-25T14:00:00Z,battle-royale,18,1541-6710-6518
2026-09-25T14:00:00Z,battle-royale,19,8157-3487-8338
2026-09-25T14:00:00Z,battle-royale,20,2547-0155-7815
2026-09-25T14:00:00Z,battle-royale,21,8089-7542-3407
2026-09-25T14:00:00Z,battle-royale,22,2630-4222-2839
2026-09-25T14:00:00Z,battle-royale,23,4660-4454-3176
2026-09-25T14:00:00Z,battle-royale,24,9980-5370-0317
2026-09-25T14:00:00Z,battle-royale,25,8301-9379-2032
2026-09-25T14:00:00Z,battle-royale,26,6593-0895-0067
2026-09-25T14:00:00Z,battle-royale,27,1477-5500-6228
2026-09-25T14:00:00Z,battle-royale,28,9332-9453-7208
2026-09-25T14:00:00Z,battle-royale,29,2565-2684-5169
2026-09-25T14:00:00Z,battle-royale,30,1998-6055-3199
2026-09-25T14:00:00Z,battle-royale,31,7523-1170-0999
2026-09-25T14:00:00Z,battle-royale,32,6940-8669-1904
2026-09-25T14:00:00Z,battle-royale,33,4859-7673-2109
2026-09-25T14:00:00Z,battle-royale,34,8332-5330-4197
2026-09-25T14:00:00Z,battle-royale,35,3537-4087-0888
2026-09-25T14:00:00Z,battle-royale,36,1862-3578-5339
2026-09-25T14:00:00Z,battle-royale,37,8740-5832-8150
2026-09-25T14:00:00Z,battle-royale,38,3462-0061-0008
2026-09-25T14:00:00Z,battle-royale,39,7793-4297-5018
2026-09-25T14:00:00Z,battle-royale,40,5295-5891-6929
2026-09-25T14:00:00Z,battle-royale,41,6127-8949-1207
2026-09-25T14:00:00Z,battle-royale,42,4263-0927-4869
2026-09-25T14:00:00Z,battle-royale,43,5890-0693-7425
2026-09-25T14:00:00Z,battle-royale,44,1822-2675-6994
2026-09-25T14:00:00Z,battle-royale,45,4826-0786-8094
2026-09-25T14:00:00Z,battle-royale,46,9228-8994-1362
2026-09-25T14:00:00Z,battle-royale,47,5584-6146-5996
2026-09-25T14:00:00Z,battle-royale,48,4059-2791-0712
2026-09-25T14:00:00Z,battle-royale,49,2312-1594-4814
2026-09-25T14:00:00Z,battle-royale,50,7808-8734-4407
2026-09-25T14:00:00Z,adventure-rpg,1,8402-7861-9119
2026-09-25T14:00:00Z,adventure-rpg,2,1324-1016-2565
2026-09-25T14:00:00Z,adventure-rpg,3,8014-3560-5859
2026-09-25T14:00:00Z,adventure-rpg,4,8396-9258-5687
2026-09-25T14:00:00Z,adventure-rpg,5,3469-7377-0976
2026-09-25T14:00:00Z,adventure-rpg,6,1314-6986-8879
2026-09-25T14:00:00Z,adventure-rpg,7,7008-8933-8450
2026-09-25T14:00:00Z,adventure-rpg,8,4225-6009-1837
2026-09-25T14:00:00Z,adventure-rpg,9,6187-4944-9063
2026-09-25T14:00:00Z,adventure-rpg,10,7376-9013-2270
2026-09-25T14:00:00Z,adventure-rpg,11,1254-9325-4547
2026-09-25T14:00:00Z,adventure-rpg,12,8101-6792-2860
2026-09-25T14:00:00Z,adventure-rpg,13,3146-7566-7548
2026-09-25T14:00:00Z,adventure-rpg,14,9257-2032-2582
2026-09-25T14:00:00Z,adventure-rpg,15,9135-6797-0922
2026-09-25T14:00:00Z,adventure-rpg,16,2313-4464-7728
2026-09-25T14:00:00Z,adventure-rpg,17,7071-9693-9251
2026-09-25T14:00:00Z,adventure-rpg,18,6722-7944-8904
2026-09-25T14:00:00Z,adventure-rpg,19,2525-9596-3235
2026-09-25T14:00:00Z,adventure-rpg,20,8256-7092-6083
2026-09-25T14:00:00Z,adventure-rpg,21,3760-6050-4737
2026-09-25T14:00:00Z,adventure-rpg,22,7154-1898-4800
2026-09-25T14:00:00Z,adventure-rpg,23,0699-4255-0327
2026-09-25T14:00:00Z,adventure-rpg,24,0535-7617-1108
2026-09-25T14:00:00Z,adventure-rpg,25,9289-6064-2659
2026-09-25T14:00:00Z,adventure-rpg,26,0564-0723-6518
2026-09-25T14:00:00Z,adventure-rpg,27,6134-7832-2505
2026-09-25T14:00:00Z,adventure-rpg,28,6919-3018-9708
2026-09-25T14:00:00Z,adventure-rpg,29,6253-5864-4856
2026-09-25T14:00:00Z,adventure-rpg,30,0600-6601-8509
2026-09-25T14:00:00Z,adventure-rpg,31,0434-0134-4035
2026-09-25T14:00:00Z,adventure-rpg,32,6786-0537-1526
2026-09-25T14:00:00Z,adventure-rpg,33,8797-1937-1390
2026-09-25T14:00:00Z,adventure-rpg,34,4482-9980-6518
2026-09-25T14:00:00Z,adventure-rpg,35,4918-9936-5095
2026-09-25T14:00:00Z,adventure-rpg,36,1653-1671-8190
2026-09-25T14:00:00Z,adventure-rpg,37,0553-6413-5190
2026-09-25T14:00:00Z,adventure-rpg,38,6395-0064-0327
2026-09-25T14:00:00Z,adventure-rpg,39,1862-1345-3293
2026-09-25T14:00:00Z,adventure-rpg,40,9171-5414-9725
2026-09-25T14:00:00Z,adventure-rpg,41,5440-4984-3473
2026-09-25T14:00:00Z,adventure-rpg,42,4586-5950-5525
2026-09-25T14:00:00Z,adventure-rpg,43,7451-7242-8696
2026-09-25T14:00:00Z,adventure-rpg,44,6421-7628-5073
2026-09-25T14:00:00Z,adventure-rpg,45,0495-3212-1659
2026-09-25T14:00:00Z,adventure-rpg,46,4172-7336-5964
2026-09-25T14:00:00Z,adventure-rpg,47,9983-3472-4349
2026-09-25T14:00:00Z,adventure-rpg,48,1239-0128-1211
2026-09-25T14:00:00Z,adventure-rpg,49,9410-9435-7605
2026-09-25T14:00:00Z,adventure-rpg,50,0754-0155-3220
2026-09-25T13:00:00Z,survival,1,3501-7237-8602
2026-09-25T13:00:00Z,survival,2,8344-0475-7589
2026-09-25T13:00:00Z,survival,3,2787-1164-2583
2026-09-25T13:00:00Z,survival,4,0433-7147-9507
2026-09-25T13:00:00Z,survival,5,7116-2671-7537
2026-09-25T13:00:00Z,survival,6,7541-3275-7180
2026-09-25T13:00:00Z,survival,7,9697-3257-3440
2026-09-25T13:00:00Z,survival,8,1596-1780-8043
2026-09-25T13:00:00Z,survival,9,2312-3096-3140
2026-09-25T13:00:00Z,survival,10,8079-0164-7528
2026-09-25T13:00:00Z,survival,11,2911-9500-1274
2026-09-25T13:00:00Z,survival,12,0342-9116-8723
2026-09-25T13:00:00Z,survival,13,8369-6631-9681
2026-09-25T13:00:00Z,survival,14,7114-0727-8746
2026-09-25T13:00:00Z,survival,15,4792-9643-5878
2026-09-25T13:00:00Z,survival,16,2891-2163-4404
2026-09-25T13:00:00Z,survival,17,7433-9605-1878
2026-09-25T13:00:00Z,survival,18,4771-7215-5767
2026-09-25T13:00:00Z,survival,19,1631-0751-4517
2026-09-25T13:00:00Z,survival,20,9651-4466-9042
2026-09-25T13:00:00Z,survival,21,3729-8899-3878
2026-09-25T13:00:00Z,survival,22,8464-5780-9092
2026-09-25T13:00:00Z,survival,23,5177-3498-9905
2026-09-25T13:00:00Z,survival,24,1796-9956-7050
2026-09-25T13:00:00Z,survival,25,5386-1902-3209
2026-09-25T13:00:00Z,survival,26,1374-2241-1868
2026-09-25T13:00:00Z,survival,27,2887-3641-3853
2026-09-25T13:00:00Z,survival,28,7067-8314-8282
2026-09-25T13:00:00Z,survival,29,1862-8843-9022
2026-09-25T13:00:00Z,survival,30,0242-1196-2261
2026-09-25T13:00:00Z,survival,31,7996-5597-0868
2026-09-25T13:00:00Z,survival,32,8110-1361-4327
2026-09-25T13:00:00Z,survival,33,4420-8150-0081
2026-09-25T13:00:00Z,survival,34,9563-8257-0848
2026-09-25T13:00:00Z,survival,35,3962-2471-5978
2026-09-25T13:00:00Z,survival,36,4422-3120-1826
2026-09-25T13:00:00Z,survival,37,7541-2314-8381
2026-09-25T13:00:00Z,survival,38,9584-6301-7470
2026-09-25T13:00:00Z,survival,39,1654-7479-6688
2026-09-25T13:00:00Z,survival,40,6643-0220-6840
2026-09-25T13:00:00Z,survival,41,8437-4689-3831
2026-09-25T13:00:00Z,survival,42,2668-5883-1928
2026-09-25T13:00:00Z,survival,43,0740-9649-8381
2026-09-25T13:00:00Z,survival,44,9236-4114-4864
2026-09-25T13:00:00Z,survival,45,6988-7736-2818
2026-09-25T13:00:00Z,survival,46,4088-9602-7302
2026-09-25T13:00:00Z,survival,47,4044-4229-5848
2026-09-25T13:00:00Z,survival,48,0929-9347-5439
2026-09-25T13:00:00Z,survival,49,3092-1733-8452
2026-09-25T13:00:00Z,survival,50,3181-7792-9942
2026-09-25T13:00:00Z,strategy,1,7048-8422-2298
2026-09-25T13:00:00Z,strategy,2,3916-5715-6958
2026-09-25T13:00:00Z,strategy,3,1734-8951-4401
2026-09-25T13:00:00Z,strategy,4,2276-7799-6979
2026-09-25T13:00:00Z,strategy,5,0630-7533-2925
2026-09-25T13:00:00Z,strategy,6,1228-4163-2585
2026-09-25T13:00:00Z,strategy,7,9787-3863-4932
2026-09-25T13:00:00Z,strategy,8,1188-8174-4193
2026-09-25T13:00:00Z,strategy,9,8920-0084-1283
2026-09-25T13:00:00Z,strategy,10,9783-9810-3294
2026-09-25T13:00:00Z,strategy,11,2342-8150-0779
2026-09-25T13:00:00Z,strategy,12,7412-3162-8807
2026-09-25T13:00:00Z,strategy,13,2961-6678-0690
2026-09-25T13:00:00Z,strategy,14,2343-2890-8194
2026-09-25T13:00:00Z,strategy,15,9628-7746-8609
2026-09-25T13:00:00Z,strategy,16,6262-5743-9849
2026-09-25T13:00:00Z,strategy,17,1193-9393-2703
2026-09-25T13:00:00Z,strategy,18,1996-3369-0924
2026-09-25T13:00:00Z,strategy,19,3449-2525-3800
2026-09-25T13:00:00Z,strategy,20,0457-9349-1892
2026-09-25T13:00:00Z,strategy,21,1864-3178-2374
2026-09-25T13:00:00Z,strategy,22,8761-1068-8756
2026-09-25T13:00:00Z,strategy,23,7540-0507-8614
2026-09-25T13:00:00Z,strategy,24,0376-5540-5501
2026-09-25T13:00:00Z,strategy,25,3545-3671-1669
2026-09-25T13:00:00Z,strategy,26,6414-8933-4975
2026-09-25T13:00:00Z,strategy,27,6290-9526-6183
2026-09-25T13:00:00Z,strategy,28,9502-5427-0647
2026-09-25T13:00:00Z,strategy,29,0137-0293-5082
2026-09-25T13:00:00Z,strategy,30,5519-4226-1471
2026-09-25T13:00:00Z,strategy,31,8443-6722-5921
2026-09-25T13:00:00Z,strategy,32,7564-5632-1658
2026-09-25T13:00:00Z,strategy,33,1007-7243-1341
2026-09-25T13:00:00Z,strategy,34,8682-5544-2364
2026-09-25T13:00:00Z,strategy,35,1349-9127-7193
2026-09-25T13:00:00Z,strategy,36,3544-3675-0767
2026-09-25T13:00:00Z,strategy,37,9278-7199-1625
2026-09-25T13:00:00Z,strategy,38,1790-6646-5095
2026-09-25T13:00:00Z,strategy,39,1403-9190-0065
2026-09-25T13:00:00Z,strategy,40,4164-3090-6037
2026-09-25T13:00:00Z,strategy,41,8167-6908-4201
2026-09-25T13:00:00Z,strategy,42,1567-9953-7924
2026-09-25T13:00:00Z,strategy,43,0678-0014-4695
2026-09-25T13:00:00Z,strategy,44,1840-9148-5961
2026-09-25T13:00:00Z,strategy,45,4936-4066-0948
2026-09-25T13:00:00Z,strategy,46,3839-5965-5316
2026-09-25T13:00:00Z,strategy,47,7965-9617-6749
2026-09-25T13:00:00Z,strategy,48,2788-3990-4998
2026-09-25T13:00:00Z,strategy,49,6782-9243-6816
2026-09-25T13:00:00Z,strategy,50,6332-3038-2760
2026-09-25T13:00:00Z,sports-racing,1,1652-7714-7390
2026-09-25T13:00:00Z,sports-racing,2,8430-6522-1585
2026-09-25T13:00:00Z,sports-racing,3,8475-0556-2572
2026-09-25T13:00:00Z,sports-racing,4,2678-5257-1845
2026-09-25T13:00:00Z,sports-racing,5,0105-1573-8859
2026-09-25T13:00:00Z,sports-racing,6,1840-5666-3032
2026-09-25T13:00:00Z,sports-racing,7,6242-1463-8607
2026-09-25T13:00:00Z,sports-racing,8,6295-5561-4675
2026-09-25T13:00:00Z,sports-racing,9,3705-2464-1791
2026-09-25T13:00:00Z,sports-racing,10,0128-8650-6625
2026-09-25T13:00:00Z,sports-racing,11,1939-6305-3282
2026-09-25T13:00:00Z,sports-racing,12,2328-4917-4726
2026-09-25T13:00:00Z,sports-racing,13,8144-9733-4847
2026-09-25T13:00:00Z,sports-racing,14,4780-5837-9361
2026-09-25T13:00:00Z,sports-racing,15,7550-7578-1580
2026-09-25T13:00:00Z,sports-racing,16,0149-9884-9995
2026-09-25T13:00:00Z,sports-racing,17,1657-5138-8925
2026-09-25T13:00:00Z,sports-racing,18,9885-4630-9385
2026-09-25T13:00:00Z,sports-racing,19,9465-4421-6613
2026-09-25T13:00:00Z,sports-racing,20,1982-8125-8136
2026-09-25T13:00:00Z,sports-racing,21,3791-0891-9328
2026-09-25T13:00:00Z,sports-racing,22,1206-0964-9905
2026-09-25T13:00:00Z,sports-racing,23,3425-3555-6235
2026-09-25T13:00:00Z,sports-racing,24,5447-8602-7966
2026-09-25T13:00:00Z,sports-racing,25,0872-9511-9825
2026-09-25T13:00:00Z,sports-racing,26,1057-0240-8438
2026-09-25T13:00:00Z,sports-racing,27,6565-2750-9419
2026-09-25T13:00:00Z,sports-racing,28,8487-6027-7031
2026-09-25T13:00:00Z,sports-racing,29,8665-1473-0638
2026-09-25T13:00:00Z,sports-racing,30,8436-9283-4649
2026-09-25T13:00:00Z,sports-racing,31,5195-8348-6059
2026-09-25T13:00:00Z,sports-racing,32,1114-3520-5951
2026-09-25T13:00:00Z,sports-racing,33,9986-9734-4157
2026-09-25T13:00:00Z,sports-racing,34,3202-1282-2824
2026-09-25T13:00:00Z,sports-racing,35,2210-6006-4614
2026-09-25T13:00:00Z,sports-racing,36,0791-0978-9230
2026-09-25T13:00:00Z,sports-racing,37,4592-3412-9806
2026-09-25T13:00:00Z,sports-racing,38,9403-3200-0933
2026-09-25T13:00:00Z,sports-racing,39,8648-0924-3171
2026-09-25T13:00:00Z,sports-racing,40,1987-4481-0780
2026-09-25T13:00:00Z,sports-racing,41,2254-7723-5109
2026-09-25T13:00:00Z,sports-racing,42,0321-8998-8494
2026-09-25T13:00:00Z,sports-racing,43,5817-8228-4768
2026-09-25T13:00:00Z,sports-racing,44,9334-1436-2796
2026-09-25T13:00:00Z,sports-racing,45,6024-0201-5590
2026-09-25T13:00:00Z,sports-racing,46,1640-0097-7728
2026-09-25T13:00:00Z,sports-racing,47,0792-5676-7900
2026-09-25T13:00:00Z,sports-racing,48,9546-8972-8715
2026-09-25T13:00:00Z,sports-racing,49,2834-9322-3016
2026-09-25T13:00:00Z,sports-racing,50,0153-2053-1968
2026-09-25T13:00:00Z,simulation-tycoon,1,7875-7934-3852
2026-09-25T13:00:00Z,simulation-tycoon,2,0017-2877-1308
2026-09-25T13:00:00Z,simulation-tycoon,3,3225-0366-8885
2026-09-25T13:00:00Z,simulation-tycoon,4,7865-8305-9184
2026-09-25T13:00:00Z,simulation-tycoon,5,5372-7436-3186
2026-09-25T13:00:00Z,simulation-tycoon,6,8810-6988-0934
2026-09-25T13:00:00Z,simulation-tycoon,7,1931-6763-0020
2026-09-25T13:00:00Z,simulation-tycoon,8,4177-0661-0836
2026-09-25T13:00:00Z,simulation-tycoon,9,2311-7649-8274
2026-09-25T13:00:00Z,simulation-tycoon,10,8014-3138-7722
2026-09-25T13:00:00Z,simulation-tycoon,11,8841-2492-6825
2026-09-25T13:00:00Z,simulation-tycoon,12,9015-6485-3175
2026-09-25T13:00:00Z,simulation-tycoon,13,1536-9614-0921
2026-09-25T13:00:00Z,simulation-tycoon,14,8222-6718-5415
2026-09-25T13:00:00Z,simulation-tycoon,15,1786-9954-3391
2026-09-25T13:00:00Z,simulation-tycoon,16,9621-3035-2804
2026-09-25T13:00:00Z,simulation-tycoon,17,6586-8735-3733
2026-09-25T13:00:00Z,simulation-tycoon,18,5580-1238-2267
2026-09-25T13:00:00Z,simulation-tycoon,19,4032-4883-0195
2026-09-25T13:00:00Z,simulation-tycoon,20,7551-1016-0176
2026-09-25T13:00:00Z,simulation-tycoon,21,5819-6973-9807
2026-09-25T13:00:00Z,simulation-tycoon,22,2007-4387-0287
2026-09-25T13:00:00Z,simulation-tycoon,23,7113-0641-3989
2026-09-25T13:00:00Z,simulation-tycoon,24,5488-9032-1549
2026-09-25T13:00:00Z,simulation-tycoon,25,6335-3986-5947
2026-09-25T13:00:00Z,simulation-tycoon,26,5593-9896-0397
2026-09-25T13:00:00Z,simulation-tycoon,27,8039-8238-9814
2026-09-25T13:00:00Z,simulation-tycoon,28,1019-5361-6272
2026-09-25T13:00:00Z,simulation-tycoon,29,0501-4531-8406
2026-09-25T13:00:00Z,simulation-tycoon,30,0893-6915-4759
2026-09-25T13:00:00Z,simulation-tycoon,31,1499-6977-1308
2026-09-25T13:00:00Z,simulation-tycoon,32,6594-6148-8173
2026-09-25T13:00:00Z,simulation-tycoon,33,3682-2144-3262
2026-09-25T13:00:00Z,simulation-tycoon,34,0722-1566-1361
2026-09-25T13:00:00Z,simulation-tycoon,35,7672-1003-7237
2026-09-25T13:00:00Z,simulation-tycoon,36,6982-1889-5260
2026-09-25T13:00:00Z,simulation-tycoon,37,6466-1906-0131
2026-09-25T13:00:00Z,simulation-tycoon,38,9685-0017-2996
2026-09-25T13:00:00Z,simulation-tycoon,39,6026-2375-3494
2026-09-25T13:00:00Z,simulation-tycoon,40,0190-8948-3391
2026-09-25T13:00:00Z,simulation-tycoon,41,7134-6663-8455
2026-09-25T13:00:00Z,simulation-tycoon,42,3417-3153-6183
2026-09-25T13:00:00Z,simulation-tycoon,43,0540-6306-4733
2026-09-25T13:00:00Z,simulation-tycoon,44,8551-2531-3992
2026-09-25T13:00:00Z,simulation-tycoon,45,1965-6460-9929
2026-09-25T13:00:00Z,simulation-tycoon,46,3497-3230-5192
2026-09-25T13:00:00Z,simulation-tycoon,47,4397-8620-1913
2026-09-25T13:00:00Z,simulation-tycoon,48,8399-8303-7944
2026-09-25T13:00:00Z,simulation-tycoon,49,9555-3487-6309
2026-09-25T13:00:00Z,simulation-tycoon,50,0743-7333-2847
2026-09-25T13:00:00Z,shooter,1,7430-4818-4188
2026-09-25T13:00:00Z,shooter,2,7441-9489-4182
2026-09-25T13:00:00Z,shooter,3,1808-2396-7847
2026-09-25T13:00:00Z,shooter,4,6155-1398-4059
2026-09-25T13:00:00Z,shooter,5,0148-0322-5437
2026-09-25T13:00:00Z,shooter,6,8765-4125-9209
2026-09-25T13:00:00Z,shooter,7,8234-1352-6956
2026-09-25T13:00:00Z,shooter,8,4590-4493-7113
2026-09-25T13:00:00Z,shooter,9,2898-7886-8847
2026-09-25T13:00:00Z,shooter,10,2786-2114-8349
2026-09-25T13:00:00Z,shooter,11,3181-8882-6695
2026-09-25T13:00:00Z,shooter,12,6366-6217-9042
2026-09-25T13:00:00Z,shooter,13,6135-7676-7050
2026-09-25T13:00:00Z,shooter,14,8003-2362-4527
2026-09-25T13:00:00Z,shooter,15,6000-7886-3571
2026-09-25T13:00:00Z,shooter,16,7000-2168-6869
2026-09-25T13:00:00Z,shooter,17,3837-9636-9505
2026-09-25T13:00:00Z,shooter,18,2995-4004-9094
2026-09-25T13:00:00Z,shooter,19,9083-2033-9848
2026-09-25T13:00:00Z,shooter,20,3837-5258-6307
2026-09-25T13:00:00Z,shooter,21,3424-1388-0947
2026-09-25T13:00:00Z,shooter,22,2424-4344-7824
2026-09-25T13:00:00Z,shooter,23,2744-5526-2967
2026-09-25T13:00:00Z,shooter,24,3533-5211-7130
2026-09-25T13:00:00Z,shooter,25,9635-6302-5309
2026-09-25T13:00:00Z,shooter,26,0238-0031-3130
2026-09-25T13:00:00Z,shooter,27,9061-5458-7889
2026-09-25T13:00:00Z,shooter,28,8068-9359-0183
2026-09-25T13:00:00Z,shooter,29,9520-0654-8075
2026-09-25T13:00:00Z,shooter,30,4432-4107-7174
2026-09-25T13:00:00Z,shooter,31,9751-8364-1350
2026-09-25T13:00:00Z,shooter,32,1469-4297-5714
2026-09-25T13:00:00Z,shooter,33,6266-2088-0745
2026-09-25T13:00:00Z,shooter,34,1128-5504-3888
2026-09-25T13:00:00Z,shooter,35,5112-1759-8096
2026-09-25T13:00:00Z,shooter,36,4295-4155-3058
2026-09-25T13:00:00Z,shooter,37,3318-7788-6092
2026-09-25T13:00:00Z,shooter,38,0695-6139-0659
2026-09-25T13:00:00Z,shooter,39,8730-0519-0933
2026-09-25T13:00:00Z,shooter,40,9298-6844-1902
2026-09-25T13:00:00Z,shooter,41,6632-5555-1738
2026-09-25T13:00:00Z,shooter,42,6242-8952-3865
2026-09-25T13:00:00Z,shooter,43,5485-7712-1328
2026-09-25T13:00:00Z,shooter,44,1689-2986-4337
2026-09-25T13:00:00Z,shooter,45,3459-9952-0053
2026-09-25T13:00:00Z,shooter,46,3859-7870-2185
2026-09-25T13:00:00Z,shooter,47,8165-6883-7307
2026-09-25T13:00:00Z,shooter,48,0132-3640-7214
2026-09-25T13:00:00Z,shooter,49,8402-3642-6726
2026-09-25T13:00:00Z,shooter,50,1602-6355-3892
2026-09-25T13:00:00Z,roleplaying-social,1,0324-6525-3171
2026-09-25T13:00:00Z,roleplaying-social,2,6032-4340-0635
2026-09-25T13:00:00Z,roleplaying-social,3,9960-1973-3840
2026-09-25T13:00:00Z,roleplaying-social,4,9909-6421-7669
2026-09-25T13:00:00Z,roleplaying-social,5,6462-6469-4435
2026-09-25T13:00:00Z,roleplaying-social,6,6163-6465-2983
2026-09-25T13:00:00Z,roleplaying-social,7,7112-8777-0902
2026-09-25T13:00:00Z,roleplaying-social,8,7314-4269-5911
2026-09-25T13:00:00Z,roleplaying-social,9,9862-4661-6699
2026-09-25T13:00:00Z,roleplaying-social,10,5791-2777-2631
2026-09-25T13:00:00Z,roleplaying-social,11,3576-3976-5738
2026-09-25T13:00:00Z,roleplaying-social,12,1008-1364-5412
2026-09-25T13:00:00Z,roleplaying-social,13,1640-4844-3570
2026-09-25T13:00:00Z,roleplaying-social,14,2115-3585-8349
2026-09-25T13:00:00Z,roleplaying-social,15,0237-7610-3382
2026-09-25T13:00:00Z,roleplaying-social,16,8673-3549-8114
2026-09-25T13:00:00Z,roleplaying-social,17,1186-5766-0282
2026-09-25T13:00:00Z,roleplaying-social,18,5130-4694-1030
2026-09-25T13:00:00Z,roleplaying-social,19,8079-1410-9627
2026-09-25T13:00:00Z,roleplaying-social,20,2548-5349-4659
2026-09-25T13:00:00Z,roleplaying-social,21,5049-6507-5084
2026-09-25T13:00:00Z,roleplaying-social,22,4378-3721-0517
2026-09-25T13:00:00Z,roleplaying-social,23,4420-9325-8814
2026-09-25T13:00:00Z,roleplaying-social,24,1345-5145-1363
2026-09-25T13:00:00Z,roleplaying-social,25,7127-0120-4449
2026-09-25T13:00:00Z,roleplaying-social,26,2586-8404-0869
2026-09-25T13:00:00Z,roleplaying-social,27,4827-2650-6779
2026-09-25T13:00:00Z,roleplaying-social,28,6017-3375-2273
2026-09-25T13:00:00Z,roleplaying-social,29,8238-3374-0527
2026-09-25T13:00:00Z,roleplaying-social,30,1023-3077-5427
2026-09-25T13:00:00Z,roleplaying-social,31,8352-7392-6528
2026-09-25T13:00:00Z,roleplaying-social,32,9215-3374-2716
2026-09-25T13:00:00Z,roleplaying-social,33,3369-4671-4228
2026-09-25T13:00:00Z,roleplaying-social,34,8440-2203-4683
2026-09-25T13:00:00Z,roleplaying-social,35,0555-8302-4764
2026-09-25T13:00:00Z,roleplaying-social,36,6681-4393-8409
2026-09-25T13:00:00Z,roleplaying-social,37,3991-1046-3772
2026-09-25T13:00:00Z,roleplaying-social,38,7044-5372-4741
2026-09-25T13:00:00Z,roleplaying-social,39,0586-0173-4811
2026-09-25T13:00:00Z,roleplaying-social,40,4773-6741-9721
2026-09-25T13:00:00Z,roleplaying-social,41,8299-6662-9330
2026-09-25T13:00:00Z,roleplaying-social,42,6771-1880-7737
2026-09-25T13:00:00Z,roleplaying-social,43,9139-3598-0890
2026-09-25T13:00:00Z,roleplaying-social,44,0455-4819-3993
2026-09-25T13:00:00Z,roleplaying-social,45,4990-6359-3374
2026-09-25T13:00:00Z,roleplaying-social,46,6672-6548-6091
2026-09-25T13:00:00Z,roleplaying-social,47,9551-3543-8752
2026-09-25T13:00:00Z,roleplaying-social,48,1128-5158-6207
2026-09-25T13:00:00Z,roleplaying-social,49,7159-7623-0878
2026-09-25T13:00:00Z,roleplaying-social,50,7971-1781-8515
2026-09-25T13:00:00Z,roguelike,1,5371-4743-1449
2026-09-25T13:00:00Z,roguelike,2,5786-6009-0800
2026-09-25T13:00:00Z,roguelike,3,7908-5661-9723
2026-09-25T13:00:00Z,roguelike,4,1316-2698-6957
2026-09-25T13:00:00Z,roguelike,5,0450-2818-4646
2026-09-25T13:00:00Z,roguelike,6,0243-3963-9174
2026-09-25T13:00:00Z,roguelike,7,3815-6126-3210
2026-09-25T13:00:00Z,roguelike,8,7300-0705-2924
2026-09-25T13:00:00Z,roguelike,9,5410-9748-9230
2026-09-25T13:00:00Z,roguelike,10,0953-8380-0428
2026-09-25T13:00:00Z,roguelike,11,0139-8551-5744
2026-09-25T13:00:00Z,roguelike,12,7660-6642-4841
2026-09-25T13:00:00Z,roguelike,13,9638-2905-2989
2026-09-25T13:00:00Z,roguelike,14,6177-7138-0133
2026-09-25T13:00:00Z,roguelike,15,0335-8436-1670
2026-09-25T13:00:00Z,roguelike,16,3793-8653-7610
2026-09-25T13:00:00Z,roguelike,17,1257-8964-6713
2026-09-25T13:00:00Z,roguelike,18,8105-9005-4478
2026-09-25T13:00:00Z,roguelike,19,9311-7979-3371
2026-09-25T13:00:00Z,roguelike,20,0986-9962-2231
2026-09-25T13:00:00Z,roguelike,21,1775-4578-6904
2026-09-25T13:00:00Z,roguelike,22,2005-9007-1508
2026-09-25T13:00:00Z,roguelike,23,2202-8403-6747
2026-09-25T13:00:00Z,roguelike,24,0402-8300-3128
2026-09-25T13:00:00Z,roguelike,25,9276-7287-3867
2026-09-25T13:00:00Z,roguelike,26,3305-9667-7847
2026-09-25T13:00:00Z,roguelike,27,5341-1937-4427
2026-09-25T13:00:00Z,roguelike,28,3033-2815-2914
2026-09-25T13:00:00Z,roguelike,29,5494-8930-2057
2026-09-25T13:00:00Z,roguelike,30,7627-8175-3618
2026-09-25T13:00:00Z,roguelike,31,4873-4878-1736
2026-09-25T13:00:00Z,roguelike,32,8640-1404-5362
2026-09-25T13:00:00Z,roguelike,33,1436-3938-3127
2026-09-25T13:00:00Z,roguelike,34,2214-7613-0030
2026-09-25T13:00:00Z,roguelike,35,3626-6521-4027
2026-09-25T13:00:00Z,roguelike,36,8089-0616-8914
2026-09-25T13:00:00Z,roguelike,37,9642-6354-0929
2026-09-25T13:00:00Z,roguelike,38,9932-6453-4059
2026-09-25T13:00:00Z,roguelike,39,2883-8391-6703
2026-09-25T13:00:00Z,roguelike,40,0969-0725-3493
2026-09-25T13:00:00Z,roguelike,41,6472-9315-0735
2026-09-25T13:00:00Z,roguelike,42,9158-0478-3052
2026-09-25T13:00:00Z,roguelike,43,2559-9546-4145
2026-09-25T13:00:00Z,roguelike,44,8941-9913-9242
2026-09-25T13:00:00Z,roguelike,45,1667-6000-1077
2026-09-25T13:00:00Z,roguelike,46,8641-8991-1251
2026-09-25T13:00:00Z,roguelike,47,9179-6862-5831
2026-09-25T13:00:00Z,roguelike,48,6885-3768-5936
2026-09-25T13:00:00Z,roguelike,49,9661-5300-4601
2026-09-25T13:00:00Z,roguelike,50,8347-7641-0377
2026-09-25T13:00:00Z,party-mini-games,1,7786-0958-2481
2026-09-25T13:00:00Z,party-mini-games,2,4540-2792-0054
2026-09-25T13:00:00Z,party-mini-games,3,3982-1819-4205
2026-09-25T13:00:00Z,party-mini-games,4,2713-8007-6156
2026-09-25T13:00:00Z,party-mini-games,5,8532-9413-6963
2026-09-25T13:00:00Z,party-mini-games,6,0673-9062-5656
2026-09-25T13:00:00Z,party-mini-games,7,1245-9511-3686
2026-09-25T13:00:00Z,party-mini-games,8,5731-3854-1429
2026-09-25T13:00:00Z,party-mini-games,9,9327-0023-8506
2026-09-25T13:00:00Z,party-mini-games,10,5534-5280-2727
2026-09-25T13:00:00Z,party-mini-games,11,9207-7848-7041
2026-09-25T13:00:00Z,party-mini-games,12,7011-3815-1384
2026-09-25T13:00:00Z,party-mini-games,13,2724-4064-5480
2026-09-25T13:00:00Z,party-mini-games,14,0860-0696-6226
2026-09-25T13:00:00Z,party-mini-games,15,0601-1980-6626
2026-09-25T13:00:00Z,party-mini-games,16,5581-8600-6431
2026-09-25T13:00:00Z,party-mini-games,17,6916-2231-5639
2026-09-25T13:00:00Z,party-mini-games,18,3129-9646-1070
2026-09-25T13:00:00Z,party-mini-games,19,3543-7859-1857
2026-09-25T13:00:00Z,party-mini-games,20,9886-0074-1759
2026-09-25T13:00:00Z,party-mini-games,21,0951-9511-6039
2026-09-25T13:00:00Z,party-mini-games,22,7893-3223-8329
2026-09-25T13:00:00Z,party-mini-games,23,1402-1820-0657
2026-09-25T13:00:00Z,party-mini-games,24,7832-3964-5638
2026-09-25T13:00:00Z,party-mini-games,25,8851-5480-5161
2026-09-25T13:00:00Z,party-mini-games,26,5134-7238-5229
2026-09-25T13:00:00Z,party-mini-games,27,8712-8939-5935
2026-09-25T13:00:00Z,party-mini-games,28,4393-5421-0855
2026-09-25T13:00:00Z,party-mini-games,29,5255-5400-1491
2026-09-25T13:00:00Z,party-mini-games,30,8879-1619-5419
2026-09-25T13:00:00Z,party-mini-games,31,9568-9742-7529
2026-09-25T13:00:00Z,party-mini-games,32,3417-0732-9948
2026-09-25T13:00:00Z,party-mini-games,33,7473-0088-9373
2026-09-25T13:00:00Z,party-mini-games,34,4042-7237-7914
2026-09-25T13:00:00Z,party-mini-games,35,8448-9780-4736
2026-09-25T13:00:00Z,party-mini-games,36,1017-3683-6436
2026-09-25T13:00:00Z,party-mini-games,37,5692-9530-3954
2026-09-25T13:00:00Z,party-mini-games,38,0435-0111-2493
2026-09-25T13:00:00Z,party-mini-games,39,1443-4058-4106
2026-09-25T13:00:00Z,party-mini-games,40,8875-2455-5971
2026-09-25T13:00:00Z,party-mini-games,41,1216-9665-5612
2026-09-25T13:00:00Z,party-mini-games,42,2784-9853-5887
2026-09-25T13:00:00Z,party-mini-games,43,3781-5620-3131
2026-09-25T13:00:00Z,party-mini-games,44,3277-0021-0184
2026-09-25T13:00:00Z,party-mini-games,45,4090-6935-8150
2026-09-25T13:00:00Z,party-mini-games,46,2877-0520-3856
2026-09-25T13:00:00Z,party-mini-games,47,7325-6346-6659
2026-09-25T13:00:00Z,party-mini-games,48,8742-0736-8164
2026-09-25T13:00:00Z,party-mini-games,49,5991-1334-7948
2026-09-25T13:00:00Z,party-mini-games,50,7813-2163-9923
2026-09-25T13:00:00Z,music-rhythm,1,9851-7455-1332
2026-09-25T13:00:00Z,music-rhythm,2,9234-0447-6099
2026-09-25T13:00:00Z,music-rhythm,3,8363-8237-0040
2026-09-25T13:00:00Z,music-rhythm,4,5494-2125-5108
2026-09-25T13:00:00Z,music-rhythm,5,4330-3478-9064
2026-09-25T13:00:00Z,music-rhythm,6,7385-6982-2296
2026-09-25T13:00:00Z,music-rhythm,7,2855-7768-7380
2026-09-25T13:00:00Z,music-rhythm,8,6253-2742-8438
2026-09-25T13:00:00Z,music-rhythm,9,2796-4203-2086
2026-09-25T13:00:00Z,music-rhythm,10,6322-2686-0790
2026-09-25T13:00:00Z,music-rhythm,11,1588-1140-6261
2026-09-25T13:00:00Z,music-rhythm,12,9312-3254-6209
2026-09-25T13:00:00Z,music-rhythm,13,8047-6953-2839
2026-09-25T13:00:00Z,music-rhythm,14,5261-2224-6992
2026-09-25T13:00:00Z,music-rhythm,15,1101-5048-7690
2026-09-25T13:00:00Z,music-rhythm,16,0412-4007-2062
2026-09-25T13:00:00Z,music-rhythm,17,1102-2771-9165
2026-09-25T13:00:00Z,music-rhythm,18,5542-5833-2901
2026-09-25T13:00:00Z,music-rhythm,19,6175-6100-8121
2026-09-25T13:00:00Z,music-rhythm,20,3093-0676-2570
2026-09-25T13:00:00Z,music-rhythm,21,2214-4070-0866
2026-09-25T13:00:00Z,music-rhythm,22,8743-3665-1978
2026-09-25T13:00:00Z,music-rhythm,23,7780-4361-8500
2026-09-25T13:00:00Z,music-rhythm,24,2427-3025-9162
2026-09-25T13:00:00Z,music-rhythm,25,8244-8226-3592
2026-09-25T13:00:00Z,music-rhythm,26,6000-5068-3133
2026-09-25T13:00:00Z,music-rhythm,27,5240-2885-8027
2026-09-25T13:00:00Z,music-rhythm,28,4153-0784-8219
2026-09-25T13:00:00Z,music-rhythm,29,9366-7818-9623
2026-09-25T13:00:00Z,music-rhythm,30,8465-6954-5659
2026-09-25T13:00:00Z,music-rhythm,31,2122-3581-0836
2026-09-25T13:00:00Z,music-rhythm,32,4692-9348-9737
2026-09-25T13:00:00Z,music-rhythm,33,7398-2123-7962
2026-09-25T13:00:00Z,music-rhythm,34,4012-6126-4312
2026-09-25T13:00:00Z,music-rhythm,35,4041-9398-0080
2026-09-25T13:00:00Z,music-rhythm,36,2537-6200-1572
2026-09-25T13:00:00Z,music-rhythm,37,2139-1941-6204
2026-09-25T13:00:00Z,music-rhythm,38,3979-8693-2639
2026-09-25T13:00:00Z,music-rhythm,39,2702-3849-0110
2026-09-25T13:00:00Z,music-rhythm,40,6985-4689-4867
2026-09-25T13:00:00Z,music-rhythm,41,0960-0671-7810
2026-09-25T13:00:00Z,music-rhythm,42,7166-5731-7989
2026-09-25T13:00:00Z,music-rhythm,43,1227-4242-2251
2026-09-25T13:00:00Z,music-rhythm,44,2233-0758-3370
2026-09-25T13:00:00Z,music-rhythm,45,2702-9840-6580
2026-09-25T13:00:00Z,music-rhythm,46,4909-7635-0559
2026-09-25T13:00:00Z,music-rhythm,47,7154-2678-0590
2026-09-25T13:00:00Z,music-rhythm,48,1106-5751-6368
2026-09-25T13:00:00Z,music-rhythm,49,0167-0907-7204
2026-09-25T13:00:00Z,music-rhythm,50,7131-4465-3884
2026-09-25T13:00:00Z,horror,1,5253-8468-3364
2026-09-25T13:00:00Z,horror,2,2522-4269-4932
2026-09-25T13:00:00Z,horror,3,8198-8669-9805
2026-09-25T13:00:00Z,horror,4,1314-9783-9214
2026-09-25T13:00:00Z,horror,5,6386-2237-2556
2026-09-25T13:00:00Z,horror,6,0257-0819-4941
2026-09-25T13:00:00Z,horror,7,8605-3450-1528
2026-09-25T13:00:00Z,horror,8,9919-3137-0527
2026-09-25T13:00:00Z,horror,9,7782-9349-5060
2026-09-25T13:00:00Z,horror,10,0487-9801-6989
2026-09-25T13:00:00Z,horror,11,5382-8693-1539
2026-09-25T13:00:00Z,horror,12,9217-3432-0162
2026-09-25T13:00:00Z,horror,13,0269-9911-2581
2026-09-25T13:00:00Z,horror,14,7693-2586-8371
2026-09-25T13:00:00Z,horror,15,8832-3199-6129
2026-09-25T13:00:00Z,horror,16,3119-1652-2400
2026-09-25T13:00:00Z,horror,17,9321-4455-9371
2026-09-25T13:00:00Z,horror,18,1864-8667-0230
2026-09-25T13:00:00Z,horror,19,1764-2576-3256
2026-09-25T13:00:00Z,horror,20,6122-7960-7993
2026-09-25T13:00:00Z,horror,21,1720-5066-5578
2026-09-25T13:00:00Z,horror,22,2742-7377-1715
2026-09-25T13:00:00Z,horror,23,5640-2782-5317
2026-09-25T13:00:00Z,horror,24,0800-7690-1207
2026-09-25T13:00:00Z,horror,25,0157-2279-6109
2026-09-25T13:00:00Z,horror,26,2237-7732-9798
2026-09-25T13:00:00Z,horror,27,6821-1481-6945
2026-09-25T13:00:00Z,horror,28,6777-3983-5606
2026-09-25T13:00:00Z,horror,29,8257-3753-1968
2026-09-25T13:00:00Z,horror,30,1431-7115-9506
2026-09-25T13:00:00Z,horror,31,2350-8051-9251
2026-09-25T13:00:00Z,horror,32,0307-5506-1191
2026-09-25T13:00:00Z,horror,33,9238-2115-6656
2026-09-25T13:00:00Z,horror,34,7285-4185-5428
2026-09-25T13:00:00Z,horror,35,1723-9035-5854
2026-09-25T13:00:00Z,horror,36,0001-2497-5768
2026-09-25T13:00:00Z,horror,37,9584-0626-1868
2026-09-25T13:00:00Z,horror,38,2633-7144-2490
2026-09-25T13:00:00Z,horror,39,9167-8402-4823
2026-09-25T13:00:00Z,horror,40,4062-2133-4209
2026-09-25T13:00:00Z,horror,41,9992-6976-2209
2026-09-25T13:00:00Z,horror,42,6114-9517-9070
2026-09-25T13:00:00Z,horror,43,5387-5951-8319
2026-09-25T13:00:00Z,horror,44,0832-0720-1196
2026-09-25T13:00:00Z,horror,45,4925-6066-5921
2026-09-25T13:00:00Z,horror,46,5124-2067-3713
2026-09-25T13:00:00Z,horror,47,2306-6422-7294
2026-09-25T13:00:00Z,horror,48,8374-9585-6310
2026-09-25T13:00:00Z,horror,49,5263-0053-7559
2026-09-25T13:00:00Z,horror,50,8442-5023-8116
2026-09-25T13:00:00Z,deathrun-platformer,1,9007-7666-4786
2026-09-25T13:00:00Z,deathrun-platformer,2,2940-8798-4080
2026-09-25T13:00:00Z,deathrun-platformer,3,6141-4809-9229
2026-09-25T13:00:00Z,deathrun-platformer,4,4366-9611-6988
2026-09-25T13:00:00Z,deathrun-platformer,5,6595-9027-4333
2026-09-25T13:00:00Z,deathrun-platformer,6,3516-3502-7404
2026-09-25T13:00:00Z,deathrun-platformer,7,5601-6658-1317
2026-09-25T13:00:00Z,deathrun-platformer,8,2138-8249-3841
2026-09-25T13:00:00Z,deathrun-platformer,9,4827-2323-5954
2026-09-25T13:00:00Z,deathrun-platformer,10,9425-7305-0704
2026-09-25T13:00:00Z,deathrun-platformer,11,3090-4809-1591
2026-09-25T13:00:00Z,deathrun-platformer,12,6353-3210-5766
2026-09-25T13:00:00Z,deathrun-platformer,13,9156-5231-8691
2026-09-25T13:00:00Z,deathrun-platformer,14,7403-8636-4107
2026-09-25T13:00:00Z,deathrun-platformer,15,8610-8921-9835
2026-09-25T13:00:00Z,deathrun-platformer,16,4343-3421-7958
2026-09-25T13:00:00Z,deathrun-platformer,17,9244-4434-0472
2026-09-25T13:00:00Z,deathrun-platformer,18,9943-6687-8491
2026-09-25T13:00:00Z,deathrun-platformer,19,2655-9467-6796
2026-09-25T13:00:00Z,deathrun-platformer,20,6907-0729-6439
2026-09-25T13:00:00Z,deathrun-platformer,21,9103-4908-5016
2026-09-25T13:00:00Z,deathrun-platformer,22,5497-6332-8508
2026-09-25T13:00:00Z,deathrun-platformer,23,0467-2642-8087
2026-09-25T13:00:00Z,deathrun-platformer,24,5707-5301-8219
2026-09-25T13:00:00Z,deathrun-platformer,25,7076-6111-1715
2026-09-25T13:00:00Z,deathrun-platformer,26,6431-5855-3798
2026-09-25T13:00:00Z,deathrun-platformer,27,1437-1723-4860
2026-09-25T13:00:00Z,deathrun-platformer,28,0554-1640-9952
2026-09-25T13:00:00Z,deathrun-platformer,29,5580-1607-2828
2026-09-25T13:00:00Z,deathrun-platformer,30,0436-6653-7192
2026-09-25T13:00:00Z,deathrun-platformer,31,7662-9243-4059
2026-09-25T13:00:00Z,deathrun-platformer,32,9257-5818-2400
2026-09-25T13:00:00Z,deathrun-platformer,33,9895-8028-9581
2026-09-25T13:00:00Z,deathrun-platformer,34,0215-1201-3820
2026-09-25T13:00:00Z,deathrun-platformer,35,4150-0895-4589
2026-09-25T13:00:00Z,deathrun-platformer,36,8112-4293-6684
2026-09-25T13:00:00Z,deathrun-platformer,37,4684-7269-3063
2026-09-25T13:00:00Z,deathrun-platformer,38,5469-6704-8471
2026-09-25T13:00:00Z,deathrun-platformer,39,8101-3554-2146
2026-09-25T13:00:00Z,deathrun-platformer,40,5350-2333-1738
2026-09-25T13:00:00Z,deathrun-platformer,41,9597-4167-2516
2026-09-25T13:00:00Z,deathrun-platformer,42,8101-2752-7998
2026-09-25T13:00:00Z,deathrun-platformer,43,5822-9054-9053
2026-09-25T13:00:00Z,deathrun-platformer,44,3815-6671-9283
2026-09-25T13:00:00Z,deathrun-platformer,45,4172-4166-6834
2026-09-25T13:00:00Z,deathrun-platformer,46,0535-7169-4733
2026-09-25T13:00:00Z,deathrun-platformer,47,9983-0397-2409
2026-09-25T13:00:00Z,deathrun-platformer,48,1314-0480-7130
2026-09-25T13:00:00Z,deathrun-platformer,49,2228-5758-0657
2026-09-25T13:00:00Z,deathrun-platformer,50,7028-5731-5987
2026-09-25T13:00:00Z,battle-royale,1,6133-4335-3668
2026-09-25T13:00:00Z,battle-royale,2,5075-1953-0397
2026-09-25T13:00:00Z,battle-royale,3,8887-1914-7284
2026-09-25T13:00:00Z,battle-royale,4,2515-6266-7600
2026-09-25T13:00:00Z,battle-royale,5,3305-1551-7747
2026-09-25T13:00:00Z,battle-royale,6,3729-0643-9775
2026-09-25T13:00:00Z,battle-royale,7,7835-3901-1999
2026-09-25T13:00:00Z,battle-royale,8,8064-7152-2934
2026-09-25T13:00:00Z,battle-royale,9,8298-6891-9930
2026-09-25T13:00:00Z,battle-royale,10,1832-0431-4852
2026-09-25T13:00:00Z,battle-royale,11,6570-5231-1418
2026-09-25T13:00:00Z,battle-royale,12,6562-8953-6567
2026-09-25T13:00:00Z,battle-royale,13,9854-1829-8735
2026-09-25T13:00:00Z,battle-royale,14,8189-6786-4181
2026-09-25T13:00:00Z,battle-royale,15,1513-6690-9481
2026-09-25T13:00:00Z,battle-royale,16,7675-8305-9560
2026-09-25T13:00:00Z,battle-royale,17,1707-4206-4316
2026-09-25T13:00:00Z,battle-royale,18,1541-6710-6518
2026-09-25T13:00:00Z,battle-royale,19,2547-0155-7815
2026-09-25T13:00:00Z,battle-royale,20,8157-3487-8338
2026-09-25T13:00:00Z,battle-royale,21,8089-7542-3407
2026-09-25T13:00:00Z,battle-royale,22,2630-4222-2839
2026-09-25T13:00:00Z,battle-royale,23,6593-0895-0067
2026-09-25T13:00:00Z,battle-royale,24,8301-9379-2032
2026-09-25T13:00:00Z,battle-royale,25,9980-5370-0317
2026-09-25T13:00:00Z,battle-royale,26,4660-4454-3176
2026-09-25T13:00:00Z,battle-royale,27,1477-5500-6228
2026-09-25T13:00:00Z,battle-royale,28,2565-2684-5169
2026-09-25T13:00:00Z,battle-royale,29,9332-9453-7208
2026-09-25T13:00:00Z,battle-royale,30,1998-6055-3199
2026-09-25T13:00:00Z,battle-royale,31,7523-1170-0999
2026-09-25T13:00:00Z,battle-royale,32,6940-8669-1904
2026-09-25T13:00:00Z,battle-royale,33,4859-7673-2109
2026-09-25T13:00:00Z,battle-royale,34,8332-5330-4197
2026-09-25T13:00:00Z,battle-royale,35,3537-4087-0888
2026-09-25T13:00:00Z,battle-royale,36,1862-3578-5339
2026-09-25T13:00:00Z,battle-royale,37,8740-5832-8150
2026-09-25T13:00:00Z,battle-royale,38,3462-0061-0008
2026-09-25T13:00:00Z,battle-royale,39,7793-4297-5018
2026-09-25T13:00:00Z,battle-royale,40,5295-5891-6929
2026-09-25T13:00:00Z,battle-royale,41,6127-8949-1207
2026-09-25T13:00:00Z,battle-royale,42,4263-0927-4869
2026-09-25T13:00:00Z,battle-royale,43,5890-0693-7425
2026-09-25T13:00:00Z,battle-royale,44,1822-2675-6994
2026-09-25T13:00:00Z,battle-royale,45,4826-0786-8094
2026-09-25T13:00:00Z,battle-royale,46,9228-8994-1362
2026-09-25T13:00:00Z,battle-royale,47,5584-6146-5996
2026-09-25T13:00:00Z,battle-royale,48,4059-2791-0712
2026-09-25T13:00:00Z,battle-royale,49,2312-1594-4814
2026-09-25T13:00:00Z,battle-royale,50,7808-8734-4407
2026-09-25T13:00:00Z,adventure-rpg,1,8402-7861-9119
2026-09-25T13:00:00Z,adventure-rpg,2,1324-1016-2565
2026-09-25T13:00:00Z,adventure-rpg,3,8014-3560-5859
2026-09-25T13:00:00Z,adventure-rpg,4,8396-9258-5687
2026-09-25T13:00:00Z,adventure-rpg,5,3469-7377-0976
2026-09-25T13:00:00Z,adventure-rpg,6,1314-6986-8879
2026-09-25T13:00:00Z,adventure-rpg,7,7008-8933-8450
2026-09-25T13:00:00Z,adventure-rpg,8,4225-6009-1837
2026-09-25T13:00:00Z,adventure-rpg,9,6187-4944-9063
2026-09-25T13:00:00Z,adventure-rpg,10,7376-9013-2270
2026-09-25T13:00:00Z,adventure-rpg,11,1254-9325-4547
2026-09-25T13:00:00Z,adventure-rpg,12,3146-7566-7548
2026-09-25T13:00:00Z,adventure-rpg,13,8101-6792-2860
2026-09-25T13:00:00Z,adventure-rpg,14,9257-2032-2582
2026-09-25T13:00:00Z,adventure-rpg,15,2525-9596-3235
2026-09-25T13:00:00Z,adventure-rpg,16,7071-9693-9251
2026-09-25T13:00:00Z,adventure-rpg,17,2313-4464-7728
2026-09-25T13:00:00Z,adventure-rpg,18,6722-7944-8904
2026-09-25T13:00:00Z,adventure-rpg,19,9135-6797-0922
2026-09-25T13:00:00Z,adventure-rpg,20,8256-7092-6083
2026-09-25T13:00:00Z,adventure-rpg,21,3760-6050-4737
2026-09-25T13:00:00Z,adventure-rpg,22,7154-1898-4800
2026-09-25T13:00:00Z,adventure-rpg,23,0699-4255-0327
2026-09-25T13:00:00Z,adventure-rpg,24,0535-7617-1108
2026-09-25T13:00:00Z,adventure-rpg,25,9289-6064-2659
2026-09-25T13:00:00Z,adventure-rpg,26,0564-0723-6518
2026-09-25T13:00:00Z,adventure-rpg,27,6134-7832-2505
2026-09-25T13:00:00Z,adventure-rpg,28,0434-0134-4035
2026-09-25T13:00:00Z,adventure-rpg,29,0600-6601-8509
2026-09-25T13:00:00Z,adventure-rpg,30,6253-5864-4856
2026-09-25T13:00:00Z,adventure-rpg,31,6919-3018-9708
2026-09-25T13:00:00Z,adventure-rpg,32,6786-0537-1526
2026-09-25T13:00:00Z,adventure-rpg,33,8797-1937-1390
2026-09-25T13:00:00Z,adventure-rpg,34,4482-9980-6518
2026-09-25T13:00:00Z,adventure-rpg,35,4918-9936-5095
2026-09-25T13:00:00Z,adventure-rpg,36,1653-1671-8190
2026-09-25T13:00:00Z,adventure-rpg,37,0553-6413-5190
2026-09-25T13:00:00Z,adventure-rpg,38,6395-0064-0327
2026-09-25T13:00:00Z,adventure-rpg,39,1862-1345-3293
2026-09-25T13:00:00Z,adventure-rpg,40,9171-5414-9725
2026-09-25T13:00:00Z,adventure-rpg,41,5440-4984-3473
2026-09-25T13:00:00Z,adventure-rpg,42,4586-5950-5525
2026-09-25T13:00:00Z,adventure-rpg,43,7451-7242-8696
2026-09-25T13:00:00Z,adventure-rpg,44,6421-7628-5073
2026-09-25T13:00:00Z,adventure-rpg,45,0495-3212-1659
2026-09-25T13:00:00Z,adventure-rpg,46,4172-7336-5964
2026-09-25T13:00:00Z,adventure-rpg,47,9983-3472-4349
2026-09-25T13:00:00Z,adventure-rpg,48,1239-0128-1211
2026-09-25T13:00:00Z,adventure-rpg,49,9410-9435-7605
2026-09-25T13:00:00Z,adventure-rpg,50,0754-0155-3220
2026-09-25T12:00:00Z,survival,1,3501-7237-8602
2026-09-25T12:00:00Z,survival,2,8344-0475-7589
2026-09-25T12:00:00Z,survival,3,2787-1164-2583
2026-09-25T12:00:00Z,survival,4,0433-7147-9507
2026-09-25T12:00:00Z,survival,5,7116-2671-7537
2026-09-25T12:00:00Z,survival,6,7541-3275-7180
2026-09-25T12:00:00Z,survival,7,9697-3257-3440
2026-09-25T12:00:00Z,survival,8,1596-1780-8043
2026-09-25T12:00:00Z,survival,9,2312-3096-3140
2026-09-25T12:00:00Z,survival,10,8079-0164-7528
2026-09-25T12:00:00Z,survival,11,2911-9500-1274
2026-09-25T12:00:00Z,survival,12,0342-9116-8723
2026-09-25T12:00:00Z,survival,13,8057-5274-9116
2026-09-25T12:00:00Z,survival,14,6020-0463-4029
2026-09-25T12:00:00Z,survival,15,2891-2163-4404
2026-09-25T12:00:00Z,survival,16,7433-9605-1878
2026-09-25T12:00:00Z,survival,17,9651-4466-9042
2026-09-25T12:00:00Z,survival,18,4771-7215-5767
2026-09-25T12:00:00Z,survival,19,1631-0751-4517
2026-09-25T12:00:00Z,survival,20,3729-8899-3878
2026-09-25T12:00:00Z,survival,21,8464-5780-9092
2026-09-25T12:00:00Z,survival,22,5177-3498-9905
2026-09-25T12:00:00Z,survival,23,5386-1902-3209
2026-09-25T12:00:00Z,survival,24,1796-9956-7050
2026-09-25T12:00:00Z,survival,25,2887-3641-3853
2026-09-25T12:00:00Z,survival,26,1374-2241-1868
2026-09-25T12:00:00Z,survival,27,7114-0727-8746
2026-09-25T12:00:00Z,survival,28,1862-8843-9022
2026-09-25T12:00:00Z,survival,29,7067-8314-8282
2026-09-25T12:00:00Z,survival,30,0242-1196-2261
2026-09-25T12:00:00Z,survival,31,7996-5597-0868
2026-09-25T12:00:00Z,survival,32,8110-1361-4327
2026-09-25T12:00:00Z,survival,33,4420-8150-0081
2026-09-25T12:00:00Z,survival,34,9563-8257-0848
2026-09-25T12:00:00Z,survival,35,3962-2471-5978
2026-09-25T12:00:00Z,survival,36,4422-3120-1826
2026-09-25T12:00:00Z,survival,37,7541-2314-8381
2026-09-25T12:00:00Z,survival,38,9584-6301-7470
2026-09-25T12:00:00Z,survival,39,1654-7479-6688
2026-09-25T12:00:00Z,survival,40,6643-0220-6840
2026-09-25T12:00:00Z,survival,41,8437-4689-3831
2026-09-25T12:00:00Z,survival,42,2668-5883-1928
2026-09-25T12:00:00Z,survival,43,0740-9649-8381
2026-09-25T12:00:00Z,survival,44,9236-4114-4864
2026-09-25T12:00:00Z,survival,45,6988-7736-2818
2026-09-25T12:00:00Z,survival,46,4088-9602-7302
2026-09-25T12:00:00Z,survival,47,4044-4229-5848
2026-09-25T12:00:00Z,survival,48,0929-9347-5439
2026-09-25T12:00:00Z,survival,49,3092-1733-8452
2026-09-25T12:00:00Z,survival,50,3181-7792-9942
2026-09-25T12:00:00Z,strategy,1,7048-8422-2298
2026-09-25T12:00:00Z,strategy,2,3916-5715-6958
2026-09-25T12:00:00Z,strategy,3,1734-8951-4401
2026-09-25T12:00:00Z,strategy,4,2276-7799-6979
2026-09-25T12:00:00Z,strategy,5,0630-7533-2925
2026-09-25T12:00:00Z,strategy,6,1228-4163-2585
2026-09-25T12:00:00Z,strategy,7,9787-3863-4932
2026-09-25T12:00:00Z,strategy,8,1188-8174-4193
2026-09-25T12:00:00Z,strategy,9,8920-0084-1283
2026-09-25T12:00:00Z,strategy,10,9783-9810-3294
2026-09-25T12:00:00Z,strategy,11,2342-8150-0779
2026-09-25T12:00:00Z,strategy,12,7412-3162-8807
2026-09-25T12:00:00Z,strategy,13,2961-6678-0690
2026-09-25T12:00:00Z,strategy,14,1193-9393-2703
2026-09-25T12:00:00Z,strategy,15,9628-7746-8609
2026-09-25T12:00:00Z,strategy,16,2343-2890-8194
2026-09-25T12:00:00Z,strategy,17,6262-5743-9849
2026-09-25T12:00:00Z,strategy,18,1996-3369-0924
2026-09-25T12:00:00Z,strategy,19,3449-2525-3800
2026-09-25T12:00:00Z,strategy,20,0457-9349-1892
2026-09-25T12:00:00Z,strategy,21,1864-3178-2374
2026-09-25T12:00:00Z,strategy,22,7540-0507-8614
2026-09-25T12:00:00Z,strategy,23,8761-1068-8756
2026-09-25T12:00:00Z,strategy,24,6414-8933-4975
2026-09-25T12:00:00Z,strategy,25,3545-3671-1669
2026-09-25T12:00:00Z,strategy,26,0376-5540-5501
2026-09-25T12:00:00Z,strategy,27,9502-5427-0647
2026-09-25T12:00:00Z,strategy,28,6290-9526-6183
2026-09-25T12:00:00Z,strategy,29,5519-4226-1471
2026-09-25T12:00:00Z,strategy,30,0137-0293-5082
2026-09-25T12:00:00Z,strategy,31,8443-6722-5921
2026-09-25T12:00:00Z,strategy,32,7564-5632-1658
2026-09-25T12:00:00Z,strategy,33,1007-7243-1341
2026-09-25T12:00:00Z,strategy,34,8682-5544-2364
2026-09-25T12:00:00Z,strategy,35,1349-9127-7193
2026-09-25T12:00:00Z,strategy,36,3544-3675-0767
2026-09-25T12:00:00Z,strategy,37,9278-7199-1625
2026-09-25T12:00:00Z,strategy,38,1790-6646-5095
2026-09-25T12:00:00Z,strategy,39,1403-9190-0065
2026-09-25T12:00:00Z,strategy,40,4164-3090-6037
2026-09-25T12:00:00Z,strategy,41,8167-6908-4201
2026-09-25T12:00:00Z,strategy,42,1567-9953-7924
2026-09-25T12:00:00Z,strategy,43,0678-0014-4695
2026-09-25T12:00:00Z,strategy,44,1840-9148-5961
2026-09-25T12:00:00Z,strategy,45,4936-4066-0948
2026-09-25T12:00:00Z,strategy,46,3839-5965-5316
2026-09-25T12:00:00Z,strategy,47,2788-3990-4998
2026-09-25T12:00:00Z,strategy,48,6782-9243-6816
2026-09-25T12:00:00Z,strategy,49,7965-9617-6749
2026-09-25T12:00:00Z,strategy,50,6332-3038-2760
2026-09-25T12:00:00Z,sports-racing,1,1652-7714-7390
2026-09-25T12:00:00Z,sports-racing,2,8430-6522-1585
2026-09-25T12:00:00Z,sports-racing,3,8475-0556-2572
2026-09-25T12:00:00Z,sports-racing,4,2678-5257-1845
2026-09-25T12:00:00Z,sports-racing,5,0105-1573-8859
2026-09-25T12:00:00Z,sports-racing,6,1840-5666-3032
2026-09-25T12:00:00Z,sports-racing,7,6242-1463-8607
2026-09-25T12:00:00Z,sports-racing,8,6295-5561-4675
2026-09-25T12:00:00Z,sports-racing,9,3705-2464-1791
2026-09-25T12:00:00Z,sports-racing,10,0128-8650-6625
2026-09-25T12:00:00Z,sports-racing,11,2328-4917-4726
2026-09-25T12:00:00Z,sports-racing,12,1939-6305-3282
2026-09-25T12:00:00Z,sports-racing,13,8144-9733-4847
2026-09-25T12:00:00Z,sports-racing,14,4780-5837-9361
2026-09-25T12:00:00Z,sports-racing,15,0149-9884-9995
2026-09-25T12:00:00Z,sports-racing,16,9885-4630-9385
2026-09-25T12:00:00Z,sports-racing,17,1657-5138-8925
2026-09-25T12:00:00Z,sports-racing,18,9465-4421-6613
2026-09-25T12:00:00Z,sports-racing,19,7550-7578-1580
2026-09-25T12:00:00Z,sports-racing,20,1982-8125-8136
2026-09-25T12:00:00Z,sports-racing,21,3791-0891-9328
2026-09-25T12:00:00Z,sports-racing,22,1206-0964-9905
2026-09-25T12:00:00Z,sports-racing,23,3425-3555-6235
2026-09-25T12:00:00Z,sports-racing,24,5447-8602-7966
2026-09-25T12:00:00Z,sports-racing,25,0872-9511-9825
2026-09-25T12:00:00Z,sports-racing,26,1057-0240-8438
2026-09-25T12:00:00Z,sports-racing,27,6565-2750-9419
2026-09-25T12:00:00Z,sports-racing,28,8665-1473-0638
2026-09-25T12:00:00Z,sports-racing,29,8487-6027-7031
2026-09-25T12:00:00Z,sports-racing,30,8436-9283-4649
2026-09-25T12:00:00Z,sports-racing,31,5195-8348-6059
2026-09-25T12:00:00Z,sports-racing,32,1114-3520-5951
2026-09-25T12:00:00Z,sports-racing,33,9986-9734-4157
2026-09-25T12:00:00Z,sports-racing,34,3202-1282-2824
2026-09-25T12:00:00Z,sports-racing,35,2210-6006-4614
2026-09-25T12:00:00Z,sports-racing,36,0791-0978-9230
2026-09-25T12:00:00Z,sports-racing,37,4592-3412-9806
2026-09-25T12:00:00Z,sports-racing,38,9403-3200-0933
2026-09-25T12:00:00Z,sports-racing,39,8648-0924-3171
2026-09-25T12:00:00Z,sports-racing,40,1987-4481-0780
2026-09-25T12:00:00Z,sports-racing,41,2254-7723-5109
2026-09-25T12:00:00Z,sports-racing,42,0321-8998-8494
2026-09-25T12:00:00Z,sports-racing,43,5817-8228-4768
2026-09-25T12:00:00Z,sports-racing,44,9334-1436-2796
2026-09-25T12:00:00Z,sports-racing,45,6024-0201-5590
2026-09-25T12:00:00Z,sports-racing,46,1640-0097-7728
2026-09-25T12:00:00Z,sports-racing,47,0792-5676-7900
2026-09-25T12:00:00Z,sports-racing,48,9546-8972-8715
2026-09-25T12:00:00Z,sports-racing,49,2834-9322-3016
2026-09-25T12:00:00Z,sports-racing,50,0153-2053-1968
2026-09-25T12:00:00Z,simulation-tycoon,1,7875-7934-3852
2026-09-25T12:00:00Z,simulation-tycoon,2,0017-2877-1308
2026-09-25T12:00:00Z,simulation-tycoon,3,3225-0366-8885
2026-09-25T12:00:00Z,simulation-tycoon,4,7865-8305-9184
2026-09-25T12:00:00Z,simulation-tycoon,5,5372-7436-3186
2026-09-25T12:00:00Z,simulation-tycoon,6,8810-6988-0934
2026-09-25T12:00:00Z,simulation-tycoon,7,1931-6763-0020
2026-09-25T12:00:00Z,simulation-tycoon,8,4177-0661-0836
2026-09-25T12:00:00Z,simulation-tycoon,9,2311-7649-8274
2026-09-25T12:00:00Z,simulation-tycoon,10,8841-2492-6825
2026-09-25T12:00:00Z,simulation-tycoon,11,9015-6485-3175
2026-09-25T12:00:00Z,simulation-tycoon,12,1786-9954-3391
2026-09-25T12:00:00Z,simulation-tycoon,13,6586-8735-3733
2026-09-25T12:00:00Z,simulation-tycoon,14,5580-1238-2267
2026-09-25T12:00:00Z,simulation-tycoon,15,7113-0641-3989
2026-09-25T12:00:00Z,simulation-tycoon,16,7551-1016-0176
2026-09-25T12:00:00Z,simulation-tycoon,17,0579-1278-6667
2026-09-25T12:00:00Z,simulation-tycoon,18,5819-6973-9807
2026-09-25T12:00:00Z,simulation-tycoon,19,6335-3986-5947
2026-09-25T12:00:00Z,simulation-tycoon,20,6982-1889-5260
2026-09-25T12:00:00Z,simulation-tycoon,21,8039-8238-9814
2026-09-25T12:00:00Z,simulation-tycoon,22,8014-3138-7722
2026-09-25T12:00:00Z,simulation-tycoon,23,1019-5361-6272
2026-09-25T12:00:00Z,simulation-tycoon,24,0501-4531-8406
2026-09-25T12:00:00Z,simulation-tycoon,25,3682-2144-3262
2026-09-25T12:00:00Z,simulation-tycoon,26,2007-4387-0287
2026-09-25T12:00:00Z,simulation-tycoon,27,1499-6977-1308
2026-09-25T12:00:00Z,simulation-tycoon,28,4032-4883-0195
2026-09-25T12:00:00Z,simulation-tycoon,29,7672-1003-7237
2026-09-25T12:00:00Z,simulation-tycoon,30,8222-6718-5415
2026-09-25T12:00:00Z,simulation-tycoon,31,0722-1566-1361
2026-09-25T12:00:00Z,simulation-tycoon,32,9621-3035-2804
2026-09-25T12:00:00Z,simulation-tycoon,33,5488-9032-1549
2026-09-25T12:00:00Z,simulation-tycoon,34,6466-1906-0131
2026-09-25T12:00:00Z,simulation-tycoon,35,5593-9896-0397
2026-09-25T12:00:00Z,simulation-tycoon,36,0893-6915-4759
2026-09-25T12:00:00Z,simulation-tycoon,37,6594-6148-8173
2026-09-25T12:00:00Z,simulation-tycoon,38,9685-0017-2996
2026-09-25T12:00:00Z,simulation-tycoon,39,6026-2375-3494
2026-09-25T12:00:00Z,simulation-tycoon,40,0190-8948-3391
2026-09-25T12:00:00Z,simulation-tycoon,41,7134-6663-8455
2026-09-25T12:00:00Z,simulation-tycoon,42,3417-3153-6183
2026-09-25T12:00:00Z,simulation-tycoon,43,8551-2531-3992
2026-09-25T12:00:00Z,simulation-tycoon,44,0540-6306-4733
2026-09-25T12:00:00Z,simulation-tycoon,45,1965-6460-9929
2026-09-25T12:00:00Z,simulation-tycoon,46,3497-3230-5192
2026-09-25T12:00:00Z,simulation-tycoon,47,4397-8620-1913
2026-09-25T12:00:00Z,simulation-tycoon,48,8399-8303-7944
2026-09-25T12:00:00Z,simulation-tycoon,49,9555-3487-6309
2026-09-25T12:00:00Z,simulation-tycoon,50,0743-7333-2847
2026-09-25T12:00:00Z,shooter,1,7430-4818-4188
2026-09-25T12:00:00Z,shooter,2,7441-9489-4182
2026-09-25T12:00:00Z,shooter,3,1808-2396-7847
2026-09-25T12:00:00Z,shooter,4,6155-1398-4059
2026-09-25T12:00:00Z,shooter,5,0148-0322-5437
2026-09-25T12:00:00Z,shooter,6,8765-4125-9209
2026-09-25T12:00:00Z,shooter,7,8234-1352-6956
2026-09-25T12:00:00Z,shooter,8,4590-4493-7113
2026-09-25T12:00:00Z,shooter,9,2898-7886-8847
2026-09-25T12:00:00Z,shooter,10,2786-2114-8349
2026-09-25T12:00:00Z,shooter,11,3181-8882-6695
2026-09-25T12:00:00Z,shooter,12,6366-6217-9042
2026-09-25T12:00:00Z,shooter,13,8003-2362-4527
2026-09-25T12:00:00Z,shooter,14,2995-4004-9094
2026-09-25T12:00:00Z,shooter,15,3837-5258-6307
2026-09-25T12:00:00Z,shooter,16,3837-9636-9505
2026-09-25T12:00:00Z,shooter,17,0238-0031-3130
2026-09-25T12:00:00Z,shooter,18,2744-5526-2967
2026-09-25T12:00:00Z,shooter,19,9635-6302-5309
2026-09-25T12:00:00Z,shooter,20,9520-0654-8075
2026-09-25T12:00:00Z,shooter,21,9061-5458-7889
2026-09-25T12:00:00Z,shooter,22,9751-8364-1350
2026-09-25T12:00:00Z,shooter,23,1128-5504-3888
2026-09-25T12:00:00Z,shooter,24,8730-0519-0933
2026-09-25T12:00:00Z,shooter,25,1469-4297-5714
2026-09-25T12:00:00Z,shooter,26,6266-2088-0745
2026-09-25T12:00:00Z,shooter,27,4295-4155-3058
2026-09-25T12:00:00Z,shooter,28,5112-1759-8096
2026-09-25T12:00:00Z,shooter,29,8068-9359-0183
2026-09-25T12:00:00Z,shooter,30,2424-4344-7824
2026-09-25T12:00:00Z,shooter,31,6632-5555-1738
2026-09-25T12:00:00Z,shooter,32,3424-1388-0947
2026-09-25T12:00:00Z,shooter,33,1689-2986-4337
2026-09-25T12:00:00Z,shooter,34,3533-5211-7130
2026-09-25T12:00:00Z,shooter,35,4432-4107-7174
2026-09-25T12:00:00Z,shooter,36,6242-8952-3865
2026-09-25T12:00:00Z,shooter,37,0695-6139-0659
2026-09-25T12:00:00Z,shooter,38,3318-7788-6092
2026-09-25T12:00:00Z,shooter,39,9298-6844-1902
2026-09-25T12:00:00Z,shooter,40,5485-7712-1328
2026-09-25T12:00:00Z,shooter,41,3459-9952-0053
2026-09-25T12:00:00Z,shooter,42,3859-7870-2185
2026-09-25T12:00:00Z,shooter,43,8165-6883-7307
2026-09-25T12:00:00Z,shooter,44,0132-3640-7214
2026-09-25T12:00:00Z,shooter,45,8402-3642-6726
2026-09-25T12:00:00Z,shooter,46,7402-5602-2916
2026-09-25T12:00:00Z,shooter,47,1602-6355-3892
2026-09-25T12:00:00Z,shooter,48,5041-4362-7950
2026-09-25T12:00:00Z,shooter,49,9666-8834-2607
2026-09-25T12:00:00Z,shooter,50,5762-4726-2703
2026-09-25T12:00:00Z,roleplaying-social,1,0324-6525-3171
2026-09-25T12:00:00Z,roleplaying-social,2,6032-4340-0635
2026-09-25T12:00:00Z,roleplaying-social,3,9960-1973-3840
2026-09-25T12:00:00Z,roleplaying-social,4,9909-6421-7669
2026-09-25T12:00:00Z,roleplaying-social,5,6462-6469-4435
2026-09-25T12:00:00Z,roleplaying-social,6,6163-6465-2983
2026-09-25T12:00:00Z,roleplaying-social,7,7112-8777-0902
2026-09-25T12:00:00Z,roleplaying-social,8,7314-4269-5911
2026-09-25T12:00:00Z,roleplaying-social,9,9862-4661-6699
2026-09-25T12:00:00Z,roleplaying-social,10,5791-2777-2631
2026-09-25T12:00:00Z,roleplaying-social,11,3576-3976-5738
2026-09-25T12:00:00Z,roleplaying-social,12,2115-3585-8349
2026-09-25T12:00:00Z,roleplaying-social,13,8673-3549-8114
2026-09-25T12:00:00Z,roleplaying-social,14,5130-4694-1030
2026-09-25T12:00:00Z,roleplaying-social,15,2548-5349-4659
2026-09-25T12:00:00Z,roleplaying-social,16,4378-3721-0517
2026-09-25T12:00:00Z,roleplaying-social,17,1345-5145-1363
2026-09-25T12:00:00Z,roleplaying-social,18,5049-6507-5084
2026-09-25T12:00:00Z,roleplaying-social,19,4827-2650-6779
2026-09-25T12:00:00Z,roleplaying-social,20,8352-7392-6528
2026-09-25T12:00:00Z,roleplaying-social,21,1023-3077-5427
2026-09-25T12:00:00Z,roleplaying-social,22,4543-2770-5879
2026-09-25T12:00:00Z,roleplaying-social,23,8238-3374-0527
2026-09-25T12:00:00Z,roleplaying-social,24,6017-3375-2273
2026-09-25T12:00:00Z,roleplaying-social,25,4420-9325-8814
2026-09-25T12:00:00Z,roleplaying-social,26,1186-5766-0282
2026-09-25T12:00:00Z,roleplaying-social,27,8079-1410-9627
2026-09-25T12:00:00Z,roleplaying-social,28,7127-0120-4449
2026-09-25T12:00:00Z,roleplaying-social,29,2586-8404-0869
2026-09-25T12:00:00Z,roleplaying-social,30,3369-4671-4228
2026-09-25T12:00:00Z,roleplaying-social,31,9215-3374-2716
2026-09-25T12:00:00Z,roleplaying-social,32,8440-2203-4683
2026-09-25T12:00:00Z,roleplaying-social,33,0555-8302-4764
2026-09-25T12:00:00Z,roleplaying-social,34,6681-4393-8409
2026-09-25T12:00:00Z,roleplaying-social,35,3991-1046-3772
2026-09-25T12:00:00Z,roleplaying-social,36,7044-5372-4741
2026-09-25T12:00:00Z,roleplaying-social,37,0586-0173-4811
2026-09-25T12:00:00Z,roleplaying-social,38,4773-6741-9721
2026-09-25T12:00:00Z,roleplaying-social,39,8299-6662-9330
2026-09-25T12:00:00Z,roleplaying-social,40,1008-1364-5412
2026-09-25T12:00:00Z,roleplaying-social,41,6771-1880-7737
2026-09-25T12:00:00Z,roleplaying-social,42,9139-3598-0890
2026-09-25T12:00:00Z,roleplaying-social,43,0455-4819-3993
2026-09-25T12:00:00Z,roleplaying-social,44,4990-6359-3374
2026-09-25T12:00:00Z,roleplaying-social,45,6672-6548-6091
2026-09-25T12:00:00Z,roleplaying-social,46,9551-3543-8752
2026-09-25T12:00:00Z,roleplaying-social,47,1556-7694-7407
2026-09-25T12:00:00Z,roleplaying-social,48,1128-5158-6207
2026-09-25T12:00:00Z,roleplaying-social,49,7159-7623-0878
2026-09-25T12:00:00Z,roleplaying-social,50,7971-1781-8515
2026-09-25T12:00:00Z,roguelike,1,5371-4743-1449
2026-09-25T12:00:00Z,roguelike,2,5786-6009-0800
2026-09-25T12:00:00Z,roguelike,3,7908-5661-9723
2026-09-25T12:00:00Z,roguelike,4,1316-2698-6957
2026-09-25T12:00:00Z,roguelike,5,0450-2818-4646
2026-09-25T12:00:00Z,roguelike,6,0243-3963-9174
2026-09-25T12:00:00Z,roguelike,7,3815-6126-3210
2026-09-25T12:00:00Z,roguelike,8,7300-0705-2924
2026-09-25T12:00:00Z,roguelike,9,5410-9748-9230
2026-09-25T12:00:00Z,roguelike,10,0953-8380-0428
2026-09-25T12:00:00Z,roguelike,11,0139-8551-5744
2026-09-25T12:00:00Z,roguelike,12,7660-6642-4841
2026-09-25T12:00:00Z,roguelike,13,9638-2905-2989
2026-09-25T12:00:00Z,roguelike,14,6177-7138-0133
2026-09-25T12:00:00Z,roguelike,15,1311-3035-1480
2026-09-25T12:00:00Z,roguelike,16,5496-4456-1570
2026-09-25T12:00:00Z,roguelike,17,1257-8964-6713
2026-09-25T12:00:00Z,roguelike,18,8105-9005-4478
2026-09-25T12:00:00Z,roguelike,19,9276-7287-3867
2026-09-25T12:00:00Z,roguelike,20,0402-8300-3128
2026-09-25T12:00:00Z,roguelike,21,2202-8403-6747
2026-09-25T12:00:00Z,roguelike,22,2005-9007-1508
2026-09-25T12:00:00Z,roguelike,23,1775-4578-6904
2026-09-25T12:00:00Z,roguelike,24,0986-9962-2231
2026-09-25T12:00:00Z,roguelike,25,9311-7979-3371
2026-09-25T12:00:00Z,roguelike,26,3305-9667-7847
2026-09-25T12:00:00Z,roguelike,27,5341-1937-4427
2026-09-25T12:00:00Z,roguelike,28,3033-2815-2914
2026-09-25T12:00:00Z,roguelike,29,5494-8930-2057
2026-09-25T12:00:00Z,roguelike,30,7627-8175-3618
2026-09-25T12:00:00Z,roguelike,31,4873-4878-1736
2026-09-25T12:00:00Z,roguelike,32,8640-1404-5362
2026-09-25T12:00:00Z,roguelike,33,1436-3938-3127
2026-09-25T12:00:00Z,roguelike,34,2214-7613-0030
2026-09-25T12:00:00Z,roguelike,35,3626-6521-4027
2026-09-25T12:00:00Z,roguelike,36,8089-0616-8914
2026-09-25T12:00:00Z,roguelike,37,9642-6354-0929
2026-09-25T12:00:00Z,roguelike,38,9932-6453-4059
2026-09-25T12:00:00Z,roguelike,39,2883-8391-6703
2026-09-25T12:00:00Z,roguelike,40,0969-0725-3493
2026-09-25T12:00:00Z,roguelike,41,6472-9315-0735
2026-09-25T12:00:00Z,roguelike,42,9158-0478-3052
2026-09-25T12:00:00Z,roguelike,43,8941-9913-9242
2026-09-25T12:00:00Z,roguelike,44,1667-6000-1077
2026-09-25T12:00:00Z,roguelike,45,8641-8991-1251
2026-09-25T12:00:00Z,roguelike,46,9179-6862-5831
2026-09-25T12:00:00Z,roguelike,47,6885-3768-5936
2026-09-25T12:00:00Z,roguelike,48,9661-5300-4601
2026-09-25T12:00:00Z,roguelike,49,8347-7641-0377
2026-09-25T12:00:00Z,roguelike,50,9414-5774-1595
2026-09-25T12:00:00Z,party-mini-games,1,7786-0958-2481
2026-09-25T12:00:00Z,party-mini-games,2,4540-2792-0054
2026-09-25T12:00:00Z,party-mini-games,3,3982-1819-4205
2026-09-25T12:00:00Z,party-mini-games,4,2713-8007-6156
2026-09-25T12:00:00Z,party-mini-games,5,8532-9413-6963
2026-09-25T12:00:00Z,party-mini-games,6,0673-9062-5656
2026-09-25T12:00:00Z,party-mini-games,7,1245-9511-3686
2026-09-25T12:00:00Z,party-mini-games,8,5731-3854-1429
2026-09-25T12:00:00Z,party-mini-games,9,9327-0023-8506
2026-09-25T12:00:00Z,party-mini-games,10,5534-5280-2727
2026-09-25T12:00:00Z,party-mini-games,11,9207-7848-7041
2026-09-25T12:00:00Z,party-mini-games,12,7011-3815-1384
2026-09-25T12:00:00Z,party-mini-games,13,2724-4064-5480
2026-09-25T12:00:00Z,party-mini-games,14,0860-0696-6226
2026-09-25T12:00:00Z,party-mini-games,15,0601-1980-6626
2026-09-25T12:00:00Z,party-mini-games,16,6916-2231-5639
2026-09-25T12:00:00Z,party-mini-games,17,9886-0074-1759
2026-09-25T12:00:00Z,party-mini-games,18,3543-7859-1857
2026-09-25T12:00:00Z,party-mini-games,19,7893-3223-8329
2026-09-25T12:00:00Z,party-mini-games,20,7832-3964-5638
2026-09-25T12:00:00Z,party-mini-games,21,8851-5480-5161
2026-09-25T12:00:00Z,party-mini-games,22,8879-1619-5419
2026-09-25T12:00:00Z,party-mini-games,23,8712-8939-5935
2026-09-25T12:00:00Z,party-mini-games,24,5255-5400-1491
2026-09-25T12:00:00Z,party-mini-games,25,3417-0732-9948
2026-09-25T12:00:00Z,party-mini-games,26,8448-9780-4736
2026-09-25T12:00:00Z,party-mini-games,27,0435-0111-2493
2026-09-25T12:00:00Z,party-mini-games,28,4042-7237-7914
2026-09-25T12:00:00Z,party-mini-games,29,7473-0088-9373
2026-09-25T12:00:00Z,party-mini-games,30,9568-9742-7529
2026-09-25T12:00:00Z,party-mini-games,31,1216-9665-5612
2026-09-25T12:00:00Z,party-mini-games,32,1402-1820-0657
2026-09-25T12:00:00Z,party-mini-games,33,5134-7238-5229
2026-09-25T12:00:00Z,party-mini-games,34,4393-5421-0855
2026-09-25T12:00:00Z,party-mini-games,35,5692-9530-3954
2026-09-25T12:00:00Z,party-mini-games,36,5581-8600-6431
2026-09-25T12:00:00Z,party-mini-games,37,1443-4058-4106
2026-09-25T12:00:00Z,party-mini-games,38,8875-2455-5971
2026-09-25T12:00:00Z,party-mini-games,39,1017-3683-6436
2026-09-25T12:00:00Z,party-mini-games,40,2784-9853-5887
2026-09-25T12:00:00Z,party-mini-games,41,3781-5620-3131
2026-09-25T12:00:00Z,party-mini-games,42,3277-0021-0184
2026-09-25T12:00:00Z,party-mini-games,43,4090-6935-8150
2026-09-25T12:00:00Z,party-mini-games,44,2877-0520-3856
2026-09-25T12:00:00Z,party-mini-games,45,7325-6346-6659
2026-09-25T12:00:00Z,party-mini-games,46,8742-0736-8164
2026-09-25T12:00:00Z,party-mini-games,47,5991-1334-7948
2026-09-25T12:00:00Z,party-mini-games,48,7664-6686-7406
2026-09-25T12:00:00Z,party-mini-games,49,8741-9528-4677
2026-09-25T12:00:00Z,party-mini-games,50,3420-6567-5600
2026-09-25T12:00:00Z,music-rhythm,1,9851-7455-1332
2026-09-25T12:00:00Z,music-rhythm,2,9234-0447-6099
2026-09-25T12:00:00Z,music-rhythm,3,8363-8237-0040
2026-09-25T12:00:00Z,music-rhythm,4,5494-2125-5108
2026-09-25T12:00:00Z,music-rhythm,5,4330-3478-9064
2026-09-25T12:00:00Z,music-rhythm,6,7385-6982-2296
2026-09-25T12:00:00Z,music-rhythm,7,2855-7768-7380
2026-09-25T12:00:00Z,music-rhythm,8,6253-2742-8438
2026-09-25T12:00:00Z,music-rhythm,9,2796-4203-2086
2026-09-25T12:00:00Z,music-rhythm,10,6322-2686-0790
2026-09-25T12:00:00Z,music-rhythm,11,1588-1140-6261
2026-09-25T12:00:00Z,music-rhythm,12,8047-6953-2839
2026-09-25T12:00:00Z,music-rhythm,13,9312-3254-6209
2026-09-25T12:00:00Z,music-rhythm,14,5261-2224-6992
2026-09-25T12:00:00Z,music-rhythm,15,0412-4007-2062
2026-09-25T12:00:00Z,music-rhythm,16,1101-5048-7690
2026-09-25T12:00:00Z,music-rhythm,17,1102-2771-9165
2026-09-25T12:00:00Z,music-rhythm,18,5542-5833-2901
2026-09-25T12:00:00Z,music-rhythm,19,6175-6100-8121
2026-09-25T12:00:00Z,music-rhythm,20,3093-0676-2570
2026-09-25T12:00:00Z,music-rhythm,21,2214-4070-0866
2026-09-25T12:00:00Z,music-rhythm,22,8743-3665-1978
2026-09-25T12:00:00Z,music-rhythm,23,1316-4344-1374
2026-09-25T12:00:00Z,music-rhythm,24,8244-8226-3592
2026-09-25T12:00:00Z,music-rhythm,25,4158-2086-8922
2026-09-25T12:00:00Z,music-rhythm,26,4020-2309-4390
2026-09-25T12:00:00Z,music-rhythm,27,5240-2885-8027
2026-09-25T12:00:00Z,music-rhythm,28,6000-5068-3133
2026-09-25T12:00:00Z,music-rhythm,29,4692-9348-9737
2026-09-25T12:00:00Z,music-rhythm,30,9366-7818-9623
2026-09-25T12:00:00Z,music-rhythm,31,4153-0784-8219
2026-09-25T12:00:00Z,music-rhythm,32,8465-6954-5659
2026-09-25T12:00:00Z,music-rhythm,33,2122-3581-0836
2026-09-25T12:00:00Z,music-rhythm,34,7398-2123-7962
2026-09-25T12:00:00Z,music-rhythm,35,4012-6126-4312
2026-09-25T12:00:00Z,music-rhythm,36,4041-9398-0080
2026-09-25T12:00:00Z,music-rhythm,37,2537-6200-1572
2026-09-25T12:00:00Z,music-rhythm,38,2139-1941-6204
2026-09-25T12:00:00Z,music-rhythm,39,3979-8693-2639
2026-09-25T12:00:00Z,music-rhythm,40,2702-3849-0110
2026-09-25T12:00:00Z,music-rhythm,41,6985-4689-4867
2026-09-25T12:00:00Z,music-rhythm,42,0960-0671-7810
2026-09-25T12:00:00Z,music-rhythm,43,7166-5731-7989
2026-09-25T12:00:00Z,music-rhythm,44,1227-4242-2251
2026-09-25T12:00:00Z,music-rhythm,45,2233-0758-3370
2026-09-25T12:00:00Z,music-rhythm,46,2702-9840-6580
2026-09-25T12:00:00Z,music-rhythm,47,4909-7635-0559
2026-09-25T12:00:00Z,music-rhythm,48,7154-2678-0590
2026-09-25T12:00:00Z,music-rhythm,49,1106-5751-6368
2026-09-25T12:00:00Z,music-rhythm,50,0167-0907-7204
2026-09-25T12:00:00Z,horror,1,5253-8468-3364
2026-09-25T12:00:00Z,horror,2,2522-4269-4932
2026-09-25T12:00:00Z,horror,3,8198-8669-9805
2026-09-25T12:00:00Z,horror,4,1314-9783-9214
2026-09-25T12:00:00Z,horror,5,6386-2237-2556
2026-09-25T12:00:00Z,horror,6,0257-0819-4941
2026-09-25T12:00:00Z,horror,7,8605-3450-1528
2026-09-25T12:00:00Z,horror,8,9919-3137-0527
2026-09-25T12:00:00Z,horror,9,7782-9349-5060
2026-09-25T12:00:00Z,horror,10,5382-8693-1539
2026-09-25T12:00:00Z,horror,11,7693-2586-8371
2026-09-25T12:00:00Z,horror,12,0487-9801-6989
2026-09-25T12:00:00Z,horror,13,0269-9911-2581
2026-09-25T12:00:00Z,horror,14,9217-3432-0162
2026-09-25T12:00:00Z,horror,15,8832-3199-6129
2026-09-25T12:00:00Z,horror,16,9321-4455-9371
2026-09-25T12:00:00Z,horror,17,3119-1652-2400
2026-09-25T12:00:00Z,horror,18,1864-8667-0230
2026-09-25T12:00:00Z,horror,19,6122-7960-7993
2026-09-25T12:00:00Z,horror,20,1764-2576-3256
2026-09-25T12:00:00Z,horror,21,1720-5066-5578
2026-09-25T12:00:00Z,horror,22,2742-7377-1715
2026-09-25T12:00:00Z,horror,23,5640-2782-5317
2026-09-25T12:00:00Z,horror,24,3927-1464-2662
2026-09-25T12:00:00Z,horror,25,0157-2279-6109
2026-09-25T12:00:00Z,horror,26,2237-7732-9798
2026-09-25T12:00:00Z,horror,27,6777-3983-5606
2026-09-25T12:00:00Z,horror,28,8257-3753-1968
2026-09-25T12:00:00Z,horror,29,1431-7115-9506
2026-09-25T12:00:00Z,horror,30,0307-5506-1191
2026-09-25T12:00:00Z,horror,31,2350-8051-9251
2026-09-25T12:00:00Z,horror,32,9238-2115-6656
2026-09-25T12:00:00Z,horror,33,1723-9035-5854
2026-09-25T12:00:00Z,horror,34,0001-2497-5768
2026-09-25T12:00:00Z,horror,35,9584-0626-1868
2026-09-25T12:00:00Z,horror,36,2633-7144-2490
2026-09-25T12:00:00Z,horror,37,9167-8402-4823
2026-09-25T12:00:00Z,horror,38,4062-2133-4209
2026-09-25T12:00:00Z,horror,39,9992-6976-2209
2026-09-25T12:00:00Z,horror,40,6114-9517-9070
2026-09-25T12:00:00Z,horror,41,5387-5951-8319
2026-09-25T12:00:00Z,horror,42,4925-6066-5921
2026-09-25T12:00:00Z,horror,43,0832-0720-1196
2026-09-25T12:00:00Z,horror,44,5124-2067-3713
2026-09-25T12:00:00Z,horror,45,2306-6422-7294
2026-09-25T12:00:00Z,horror,46,8374-9585-6310
2026-09-25T12:00:00Z,horror,47,5263-0053-7559
2026-09-25T12:00:00Z,horror,48,8442-5023-8116
2026-09-25T12:00:00Z,horror,49,3504-8638-4358
2026-09-25T12:00:00Z,horror,50,0854-3035-7702
2026-09-25T12:00:00Z,deathrun-platformer,1,9007-7666-4786
2026-09-25T12:00:00Z,deathrun-platformer,2,2940-8798-4080
2026-09-25T12:00:00Z,deathrun-platformer,3,6141-4809-9229
2026-09-25T12:00:00Z,deathrun-platformer,4,4366-9611-6988
2026-09-25T12:00:00Z,deathrun-platformer,5,6595-9027-4333
2026-09-25T12:00:00Z,deathrun-platformer,6,3516-3502-7404
2026-09-25T12:00:00Z,deathrun-platformer,7,5601-6658-1317
2026-09-25T12:00:00Z,deathrun-platformer,8,4827-2323-5954
2026-09-25T12:00:00Z,deathrun-platformer,9,3090-4809-1591
2026-09-25T12:00:00Z,deathrun-platformer,10,9156-5231-8691
2026-09-25T12:00:00Z,deathrun-platformer,11,7403-8636-4107
2026-09-25T12:00:00Z,deathrun-platformer,12,8610-8921-9835
2026-09-25T12:00:00Z,deathrun-platformer,13,5497-6332-8508
2026-09-25T12:00:00Z,deathrun-platformer,14,9103-4908-5016
2026-09-25T12:00:00Z,deathrun-platformer,15,6907-0729-6439
2026-09-25T12:00:00Z,deathrun-platformer,16,6353-3210-5766
2026-09-25T12:00:00Z,deathrun-platformer,17,9943-6687-8491
2026-09-25T12:00:00Z,deathrun-platformer,18,2655-9467-6796
2026-09-25T12:00:00Z,deathrun-platformer,19,9244-4434-0472
2026-09-25T12:00:00Z,deathrun-platformer,20,4343-3421-7958
2026-09-25T12:00:00Z,deathrun-platformer,21,0467-2642-8087
2026-09-25T12:00:00Z,deathrun-platformer,22,4150-0895-4589
2026-09-25T12:00:00Z,deathrun-platformer,23,7662-9243-4059
2026-09-25T12:00:00Z,deathrun-platformer,24,1437-1723-4860
2026-09-25T12:00:00Z,deathrun-platformer,25,5580-1607-2828
2026-09-25T12:00:00Z,deathrun-platformer,26,5939-6232-6091
2026-09-25T12:00:00Z,deathrun-platformer,27,9257-5818-2400
2026-09-25T12:00:00Z,deathrun-platformer,28,0215-1201-3820
2026-09-25T12:00:00Z,deathrun-platformer,29,0436-6653-7192
2026-09-25T12:00:00Z,deathrun-platformer,30,2138-8249-3841
2026-09-25T12:00:00Z,deathrun-platformer,31,5707-5301-8219
2026-09-25T12:00:00Z,deathrun-platformer,32,7076-6111-1715
2026-09-25T12:00:00Z,deathrun-platformer,33,6431-5855-3798
2026-09-25T12:00:00Z,deathrun-platformer,34,0554-1640-9952
2026-09-25T12:00:00Z,deathrun-platformer,35,5469-6704-8471
2026-09-25T12:00:00Z,deathrun-platformer,36,9895-8028-9581
2026-09-25T12:00:00Z,deathrun-platformer,37,8112-4293-6684
2026-09-25T12:00:00Z,deathrun-platformer,38,4684-7269-3063
2026-09-25T12:00:00Z,deathrun-platformer,39,8101-3554-2146
2026-09-25T12:00:00Z,deathrun-platformer,40,5350-2333-1738
2026-09-25T12:00:00Z,deathrun-platformer,41,9597-4167-2516
2026-09-25T12:00:00Z,deathrun-platformer,42,8101-2752-7998
2026-09-25T12:00:00Z,deathrun-platformer,43,5822-9054-9053
2026-09-25T12:00:00Z,deathrun-platformer,44,3815-6671-9283
2026-09-25T12:00:00Z,deathrun-platformer,45,4172-4166-6834
2026-09-25T12:00:00Z,deathrun-platformer,46,0535-7169-4733
2026-09-25T12:00:00Z,deathrun-platformer,47,1314-0480-7130
2026-09-25T12:00:00Z,deathrun-platformer,48,9983-0397-2409
2026-09-25T12:00:00Z,deathrun-platformer,49,6324-7516-2150
2026-09-25T12:00:00Z,deathrun-platformer,50,4062-8004-2540
2026-09-25T12:00:00Z,battle-royale,1,6133-4335-3668
2026-09-25T12:00:00Z,battle-royale,2,5075-1953-0397
2026-09-25T12:00:00Z,battle-royale,3,8887-1914-7284
2026-09-25T12:00:00Z,battle-royale,4,2515-6266-7600
2026-09-25T12:00:00Z,battle-royale,5,3305-1551-7747
2026-09-25T12:00:00Z,battle-royale,6,3729-0643-9775
2026-09-25T12:00:00Z,battle-royale,7,7835-3901-1999
2026-09-25T12:00:00Z,battle-royale,8,8064-7152-2934
2026-09-25T12:00:00Z,battle-royale,9,8298-6891-9930
2026-09-25T12:00:00Z,battle-royale,10,1832-0431-4852
2026-09-25T12:00:00Z,battle-royale,11,6570-5231-1418
2026-09-25T12:00:00Z,battle-royale,12,6562-8953-6567
2026-09-25T12:00:00Z,battle-royale,13,9854-1829-8735
2026-09-25T12:00:00Z,battle-royale,14,8189-6786-4181
2026-09-25T12:00:00Z,battle-royale,15,9860-3691-4813
2026-09-25T12:00:00Z,battle-royale,16,7675-8305-9560
2026-09-25T12:00:00Z,battle-royale,17,1541-6710-6518
2026-09-25T12:00:00Z,battle-royale,18,8157-3487-8338
2026-09-25T12:00:00Z,battle-royale,19,2547-0155-7815
2026-09-25T12:00:00Z,battle-royale,20,8089-7542-3407
2026-09-25T12:00:00Z,battle-royale,21,2630-4222-2839
2026-09-25T12:00:00Z,battle-royale,22,4660-4454-3176
2026-09-25T12:00:00Z,battle-royale,23,9980-5370-0317
2026-09-25T12:00:00Z,battle-royale,24,8301-9379-2032
2026-09-25T12:00:00Z,battle-royale,25,6593-0895-0067
2026-09-25T12:00:00Z,battle-royale,26,1477-5500-6228
2026-09-25T12:00:00Z,battle-royale,27,9332-9453-7208
2026-09-25T12:00:00Z,battle-royale,28,2565-2684-5169
2026-09-25T12:00:00Z,battle-royale,29,1998-6055-3199
2026-09-25T12:00:00Z,battle-royale,30,6940-8669-1904
2026-09-25T12:00:00Z,battle-royale,31,7523-1170-0999
2026-09-25T12:00:00Z,battle-royale,32,1707-4206-4316
2026-09-25T12:00:00Z,battle-royale,33,4859-7673-2109
2026-09-25T12:00:00Z,battle-royale,34,8332-5330-4197
2026-09-25T12:00:00Z,battle-royale,35,3537-4087-0888
2026-09-25T12:00:00Z,battle-royale,36,1862-3578-5339
2026-09-25T12:00:00Z,battle-royale,37,8740-5832-8150
2026-09-25T12:00:00Z,battle-royale,38,3462-0061-0008
2026-09-25T12:00:00Z,battle-royale,39,7793-4297-5018
2026-09-25T12:00:00Z,battle-royale,40,5295-5891-6929
2026-09-25T12:00:00Z,battle-royale,41,6127-8949-1207
2026-09-25T12:00:00Z,battle-royale,42,4263-0927-4869
2026-09-25T12:00:00Z,battle-royale,43,5890-0693-7425
2026-09-25T12:00:00Z,battle-royale,44,1822-2675-6994
2026-09-25T12:00:00Z,battle-royale,45,4826-0786-8094
2026-09-25T12:00:00Z,battle-royale,46,9228-8994-1362
2026-09-25T12:00:00Z,battle-royale,47,5584-6146-5996
2026-09-25T12:00:00Z,battle-royale,48,4059-2791-0712
2026-09-25T12:00:00Z,battle-royale,49,2312-1594-4814
2026-09-25T12:00:00Z,battle-royale,50,6353-9761-7080
2026-09-25T12:00:00Z,adventure-rpg,1,8402-7861-9119
2026-09-25T12:00:00Z,adventure-rpg,2,1324-1016-2565
2026-09-25T12:00:00Z,adventure-rpg,3,8014-3560-5859
2026-09-25T12:00:00Z,adventure-rpg,4,8396-9258-5687
2026-09-25T12:00:00Z,adventure-rpg,5,3469-7377-0976
2026-09-25T12:00:00Z,adventure-rpg,6,1314-6986-8879
2026-09-25T12:00:00Z,adventure-rpg,7,7008-8933-8450
2026-09-25T12:00:00Z,adventure-rpg,8,4225-6009-1837
2026-09-25T12:00:00Z,adventure-rpg,9,6187-4944-9063
2026-09-25T12:00:00Z,adventure-rpg,10,7376-9013-2270
2026-09-25T12:00:00Z,adventure-rpg,11,8101-6792-2860
2026-09-25T12:00:00Z,adventure-rpg,12,3146-7566-7548
2026-09-25T12:00:00Z,adventure-rpg,13,9257-2032-2582
2026-09-25T12:00:00Z,adventure-rpg,14,9135-6797-0922
2026-09-25T12:00:00Z,adventure-rpg,15,6722-7944-8904
2026-09-25T12:00:00Z,adventure-rpg,16,2313-4464-7728
2026-09-25T12:00:00Z,adventure-rpg,17,7071-9693-9251
2026-09-25T12:00:00Z,adventure-rpg,18,2525-9596-3235
2026-09-25T12:00:00Z,adventure-rpg,19,1254-9325-4547
2026-09-25T12:00:00Z,adventure-rpg,20,8256-7092-6083
2026-09-25T12:00:00Z,adventure-rpg,21,3760-6050-4737
2026-09-25T12:00:00Z,adventure-rpg,22,7154-1898-4800
2026-09-25T12:00:00Z,adventure-rpg,23,0699-4255-0327
2026-09-25T12:00:00Z,adventure-rpg,24,0535-7617-1108
2026-09-25T12:00:00Z,adventure-rpg,25,9289-6064-2659
2026-09-25T12:00:00Z,adventure-rpg,26,0564-0723-6518
2026-09-25T12:00:00Z,adventure-rpg,27,6134-7832-2505
2026-09-25T12:00:00Z,adventure-rpg,28,6919-3018-9708
2026-09-25T12:00:00Z,adventure-rpg,29,6253-5864-4856
2026-09-25T12:00:00Z,adventure-rpg,30,0600-6601-8509
2026-09-25T12:00:00Z,adventure-rpg,31,0434-0134-4035
2026-09-25T12:00:00Z,adventure-rpg,32,6786-0537-1526
2026-09-25T12:00:00Z,adventure-rpg,33,8797-1937-1390
2026-09-25T12:00:00Z,adventure-rpg,34,4482-9980-6518
2026-09-25T12:00:00Z,adventure-rpg,35,4918-9936-5095
2026-09-25T12:00:00Z,adventure-rpg,36,0553-6413-5190
2026-09-25T12:00:00Z,adventure-rpg,37,6395-0064-0327
2026-09-25T12:00:00Z,adventure-rpg,38,1862-1345-3293
2026-09-25T12:00:00Z,adventure-rpg,39,9171-5414-9725
2026-09-25T12:00:00Z,adventure-rpg,40,5440-4984-3473
2026-09-25T12:00:00Z,adventure-rpg,41,1653-1671-8190
2026-09-25T12:00:00Z,adventure-rpg,42,4586-5950-5525
2026-09-25T12:00:00Z,adventure-rpg,43,7451-7242-8696
2026-09-25T12:00:00Z,adventure-rpg,44,6421-7628-5073
2026-09-25T12:00:00Z,adventure-rpg,45,0495-3212-1659
2026-09-25T12:00:00Z,adventure-rpg,46,4172-7336-5964
2026-09-25T12:00:00Z,adventure-rpg,47,9983-3472-4349
2026-09-25T12:00:00Z,adventure-rpg,48,1239-0128-1211
2026-09-25T12:00:00Z,adventure-rpg,49,9410-9435-7605
2026-09-25T12:00:00Z,adventure-rpg,50,0754-0155-3220
2026-09-25T11:00:00Z,survival,1,3501-7237-8602
2026-09-25T11:00:00Z,survival,2,8344-0475-7589
2026-09-25T11:00:00Z,survival,3,2787-1164-2583
2026-09-25T11:00:00Z,survival,4,0433-7147-9507
2026-09-25T11:00:00Z,survival,5,7116-2671-7537
2026-09-25T11:00:00Z,survival,6,7541-3275-7180
2026-09-25T11:00:00Z,survival,7,9697-3257-3440
2026-09-25T11:00:00Z,survival,8,1596-1780-8043
2026-09-25T11:00:00Z,survival,9,2312-3096-3140
2026-09-25T11:00:00Z,survival,10,8079-0164-7528
2026-09-25T11:00:00Z,survival,11,2911-9500-1274
2026-09-25T11:00:00Z,survival,12,0342-9116-8723
2026-09-25T11:00:00Z,survival,13,8369-6631-9681
2026-09-25T11:00:00Z,survival,14,4792-9643-5878
2026-09-25T11:00:00Z,survival,15,2891-2163-4404
2026-09-25T11:00:00Z,survival,16,7433-9605-1878
2026-09-25T11:00:00Z,survival,17,1631-0751-4517
2026-09-25T11:00:00Z,survival,18,9651-4466-9042
2026-09-25T11:00:00Z,survival,19,4771-7215-5767
2026-09-25T11:00:00Z,survival,20,3729-8899-3878
2026-09-25T11:00:00Z,survival,21,8464-5780-9092
2026-09-25T11:00:00Z,survival,22,5177-3498-9905
2026-09-25T11:00:00Z,survival,23,1796-9956-7050
2026-09-25T11:00:00Z,survival,24,5386-1902-3209
2026-09-25T11:00:00Z,survival,25,1374-2241-1868
2026-09-25T11:00:00Z,survival,26,2887-3641-3853
2026-09-25T11:00:00Z,survival,27,1862-8843-9022
2026-09-25T11:00:00Z,survival,28,7067-8314-8282
2026-09-25T11:00:00Z,survival,29,7114-0727-8746
2026-09-25T11:00:00Z,survival,30,0242-1196-2261
2026-09-25T11:00:00Z,survival,31,7996-5597-0868
2026-09-25T11:00:00Z,survival,32,8110-1361-4327
2026-09-25T11:00:00Z,survival,33,4420-8150-0081
2026-09-25T11:00:00Z,survival,34,9563-8257-0848
2026-09-25T11:00:00Z,survival,35,3962-2471-5978
2026-09-25T11:00:00Z,survival,36,4422-3120-1826
2026-09-25T11:00:00Z,survival,37,7541-2314-8381
2026-09-25T11:00:00Z,survival,38,9584-6301-7470
2026-09-25T11:00:00Z,survival,39,1654-7479-6688
2026-09-25T11:00:00Z,survival,40,6643-0220-6840
2026-09-25T11:00:00Z,survival,41,8437-4689-3831
2026-09-25T11:00:00Z,survival,42,2668-5883-1928
2026-09-25T11:00:00Z,survival,43,0740-9649-8381
2026-09-25T11:00:00Z,survival,44,9236-4114-4864
2026-09-25T11:00:00Z,survival,45,6988-7736-2818
2026-09-25T11:00:00Z,survival,46,4088-9602-7302
2026-09-25T11:00:00Z,survival,47,4044-4229-5848
2026-09-25T11:00:00Z,survival,48,0929-9347-5439
2026-09-25T11:00:00Z,survival,49,3092-1733-8452
2026-09-25T11:00:00Z,survival,50,3181-7792-9942
2026-09-25T11:00:00Z,strategy,1,7048-8422-2298
2026-09-25T11:00:00Z,strategy,2,3916-5715-6958
2026-09-25T11:00:00Z,strategy,3,1734-8951-4401
2026-09-25T11:00:00Z,strategy,4,2276-7799-6979
2026-09-25T11:00:00Z,strategy,5,0630-7533-2925
2026-09-25T11:00:00Z,strategy,6,1228-4163-2585
2026-09-25T11:00:00Z,strategy,7,9787-3863-4932
2026-09-25T11:00:00Z,strategy,8,1188-8174-4193
2026-09-25T11:00:00Z,strategy,9,8920-0084-1283
2026-09-25T11:00:00Z,strategy,10,9783-9810-3294
2026-09-25T11:00:00Z,strategy,11,2342-8150-0779
2026-09-25T11:00:00Z,strategy,12,7412-3162-8807
2026-09-25T11:00:00Z,strategy,13,2961-6678-0690
2026-09-25T11:00:00Z,strategy,14,2343-2890-8194
2026-09-25T11:00:00Z,strategy,15,9628-7746-8609
2026-09-25T11:00:00Z,strategy,16,1193-9393-2703
2026-09-25T11:00:00Z,strategy,17,6262-5743-9849
2026-09-25T11:00:00Z,strategy,18,1996-3369-0924
2026-09-25T11:00:00Z,strategy,19,3449-2525-3800
2026-09-25T11:00:00Z,strategy,20,0457-9349-1892
2026-09-25T11:00:00Z,strategy,21,1864-3178-2374
2026-09-25T11:00:00Z,strategy,22,8761-1068-8756
2026-09-25T11:00:00Z,strategy,23,7540-0507-8614
2026-09-25T11:00:00Z,strategy,24,0376-5540-5501
2026-09-25T11:00:00Z,strategy,25,3545-3671-1669
2026-09-25T11:00:00Z,strategy,26,6414-8933-4975
2026-09-25T11:00:00Z,strategy,27,6290-9526-6183
2026-09-25T11:00:00Z,strategy,28,9502-5427-0647
2026-09-25T11:00:00Z,strategy,29,0137-0293-5082
2026-09-25T11:00:00Z,strategy,30,5519-4226-1471
2026-09-25T11:00:00Z,strategy,31,8443-6722-5921
2026-09-25T11:00:00Z,strategy,32,7564-5632-1658
2026-09-25T11:00:00Z,strategy,33,1007-7243-1341
2026-09-25T11:00:00Z,strategy,34,8682-5544-2364
2026-09-25T11:00:00Z,strategy,35,1349-9127-7193
2026-09-25T11:00:00Z,strategy,36,3544-3675-0767
2026-09-25T11:00:00Z,strategy,37,9278-7199-1625
2026-09-25T11:00:00Z,strategy,38,1790-6646-5095
2026-09-25T11:00:00Z,strategy,39,1403-9190-0065
2026-09-25T11:00:00Z,strategy,40,4164-3090-6037
2026-09-25T11:00:00Z,strategy,41,8167-6908-4201
2026-09-25T11:00:00Z,strategy,42,1567-9953-7924
2026-09-25T11:00:00Z,strategy,43,0678-0014-4695
2026-09-25T11:00:00Z,strategy,44,1840-9148-5961
2026-09-25T11:00:00Z,strategy,45,4936-4066-0948
2026-09-25T11:00:00Z,strategy,46,3839-5965-5316
2026-09-25T11:00:00Z,strategy,47,2788-3990-4998
2026-09-25T11:00:00Z,strategy,48,7965-9617-6749
2026-09-25T11:00:00Z,strategy,49,6782-9243-6816
2026-09-25T11:00:00Z,strategy,50,6332-3038-2760
2026-09-25T11:00:00Z,sports-racing,1,1652-7714-7390
2026-09-25T11:00:00Z,sports-racing,2,8430-6522-1585
2026-09-25T11:00:00Z,sports-racing,3,8475-0556-2572
2026-09-25T11:00:00Z,sports-racing,4,2678-5257-1845
2026-09-25T11:00:00Z,sports-racing,5,0105-1573-8859
2026-09-25T11:00:00Z,sports-racing,6,1840-5666-3032
2026-09-25T11:00:00Z,sports-racing,7,6242-1463-8607
2026-09-25T11:00:00Z,sports-racing,8,6295-5561-4675
2026-09-25T11:00:00Z,sports-racing,9,3705-2464-1791
2026-09-25T11:00:00Z,sports-racing,10,0128-8650-6625
2026-09-25T11:00:00Z,sports-racing,11,1939-6305-3282
2026-09-25T11:00:00Z,sports-racing,12,2328-4917-4726
2026-09-25T11:00:00Z,sports-racing,13,8144-9733-4847
2026-09-25T11:00:00Z,sports-racing,14,4780-5837-9361
2026-09-25T11:00:00Z,sports-racing,15,0149-9884-9995
2026-09-25T11:00:00Z,sports-racing,16,9885-4630-9385
2026-09-25T11:00:00Z,sports-racing,17,1657-5138-8925
2026-09-25T11:00:00Z,sports-racing,18,9465-4421-6613
2026-09-25T11:00:00Z,sports-racing,19,7550-7578-1580
2026-09-25T11:00:00Z,sports-racing,20,1982-8125-8136
2026-09-25T11:00:00Z,sports-racing,21,3791-0891-9328
2026-09-25T11:00:00Z,sports-racing,22,1206-0964-9905
2026-09-25T11:00:00Z,sports-racing,23,3425-3555-6235
2026-09-25T11:00:00Z,sports-racing,24,5447-8602-7966
2026-09-25T11:00:00Z,sports-racing,25,0872-9511-9825
2026-09-25T11:00:00Z,sports-racing,26,1057-0240-8438
2026-09-25T11:00:00Z,sports-racing,27,6565-2750-9419
2026-09-25T11:00:00Z,sports-racing,28,8665-1473-0638
2026-09-25T11:00:00Z,sports-racing,29,8487-6027-7031
2026-09-25T11:00:00Z,sports-racing,30,8436-9283-4649
2026-09-25T11:00:00Z,sports-racing,31,5195-8348-6059
2026-09-25T11:00:00Z,sports-racing,32,1114-3520-5951
2026-09-25T11:00:00Z,sports-racing,33,9986-9734-4157
2026-09-25T11:00:00Z,sports-racing,34,3202-1282-2824
2026-09-25T11:00:00Z,sports-racing,35,2210-6006-4614
2026-09-25T11:00:00Z,sports-racing,36,0791-0978-9230
2026-09-25T11:00:00Z,sports-racing,37,4592-3412-9806
2026-09-25T11:00:00Z,sports-racing,38,9403-3200-0933
2026-09-25T11:00:00Z,sports-racing,39,8648-0924-3171
2026-09-25T11:00:00Z,sports-racing,40,1987-4481-0780
2026-09-25T11:00:00Z,sports-racing,41,2254-7723-5109
2026-09-25T11:00:00Z,sports-racing,42,0321-8998-8494
2026-09-25T11:00:00Z,sports-racing,43,5817-8228-4768
2026-09-25T11:00:00Z,sports-racing,44,9334-1436-2796
2026-09-25T11:00:00Z,sports-racing,45,6024-0201-5590
2026-09-25T11:00:00Z,sports-racing,46,1640-0097-7728
2026-09-25T11:00:00Z,sports-racing,47,0792-5676-7900
2026-09-25T11:00:00Z,sports-racing,48,9546-8972-8715
2026-09-25T11:00:00Z,sports-racing,49,2834-9322-3016
2026-09-25T11:00:00Z,sports-racing,50,0153-2053-1968
2026-09-25T11:00:00Z,simulation-tycoon,1,7875-7934-3852
2026-09-25T11:00:00Z,simulation-tycoon,2,0017-2877-1308
2026-09-25T11:00:00Z,simulation-tycoon,3,3225-0366-8885
2026-09-25T11:00:00Z,simulation-tycoon,4,7865-8305-9184
2026-09-25T11:00:00Z,simulation-tycoon,5,5372-7436-3186
2026-09-25T11:00:00Z,simulation-tycoon,6,8810-6988-0934
2026-09-25T11:00:00Z,simulation-tycoon,7,1931-6763-0020
2026-09-25T11:00:00Z,simulation-tycoon,8,4177-0661-0836
2026-09-25T11:00:00Z,simulation-tycoon,9,2311-7649-8274
2026-09-25T11:00:00Z,simulation-tycoon,10,8841-2492-6825
2026-09-25T11:00:00Z,simulation-tycoon,11,9015-6485-3175
2026-09-25T11:00:00Z,simulation-tycoon,12,7113-0641-3989
2026-09-25T11:00:00Z,simulation-tycoon,13,0579-1278-6667
2026-09-25T11:00:00Z,simulation-tycoon,14,6335-3986-5947
2026-09-25T11:00:00Z,simulation-tycoon,15,8039-8238-9814
2026-09-25T11:00:00Z,simulation-tycoon,16,1019-5361-6272
2026-09-25T11:00:00Z,simulation-tycoon,17,3682-2144-3262
2026-09-25T11:00:00Z,simulation-tycoon,18,5593-9896-0397
2026-09-25T11:00:00Z,simulation-tycoon,19,1499-6977-1308
2026-09-25T11:00:00Z,simulation-tycoon,20,9621-3035-2804
2026-09-25T11:00:00Z,simulation-tycoon,21,7672-1003-7237
2026-09-25T11:00:00Z,simulation-tycoon,22,8222-6718-5415
2026-09-25T11:00:00Z,simulation-tycoon,23,4032-4883-0195
2026-09-25T11:00:00Z,simulation-tycoon,24,0722-1566-1361
2026-09-25T11:00:00Z,simulation-tycoon,25,8014-3138-7722
2026-09-25T11:00:00Z,simulation-tycoon,26,0501-4531-8406
2026-09-25T11:00:00Z,simulation-tycoon,27,2007-4387-0287
2026-09-25T11:00:00Z,simulation-tycoon,28,6466-1906-0131
2026-09-25T11:00:00Z,simulation-tycoon,29,7551-1016-0176
2026-09-25T11:00:00Z,simulation-tycoon,30,6586-8735-3733
2026-09-25T11:00:00Z,simulation-tycoon,31,1786-9954-3391
2026-09-25T11:00:00Z,simulation-tycoon,32,5580-1238-2267
2026-09-25T11:00:00Z,simulation-tycoon,33,0893-6915-4759
2026-09-25T11:00:00Z,simulation-tycoon,34,5819-6973-9807
2026-09-25T11:00:00Z,simulation-tycoon,35,6982-1889-5260
2026-09-25T11:00:00Z,simulation-tycoon,36,5488-9032-1549
2026-09-25T11:00:00Z,simulation-tycoon,37,7134-6663-8455
2026-09-25T11:00:00Z,simulation-tycoon,38,6594-6148-8173
2026-09-25T11:00:00Z,simulation-tycoon,39,9685-0017-2996
2026-09-25T11:00:00Z,simulation-tycoon,40,6026-2375-3494
2026-09-25T11:00:00Z,simulation-tycoon,41,0190-8948-3391
2026-09-25T11:00:00Z,simulation-tycoon,42,3417-3153-6183
2026-09-25T11:00:00Z,simulation-tycoon,43,8551-2531-3992
2026-09-25T11:00:00Z,simulation-tycoon,44,0540-6306-4733
2026-09-25T11:00:00Z,simulation-tycoon,45,1965-6460-9929
2026-09-25T11:00:00Z,simulation-tycoon,46,3497-3230-5192
2026-09-25T11:00:00Z,simulation-tycoon,47,4397-8620-1913
2026-09-25T11:00:00Z,simulation-tycoon,48,8399-8303-7944
2026-09-25T11:00:00Z,simulation-tycoon,49,9555-3487-6309
2026-09-25T11:00:00Z,simulation-tycoon,50,0743-7333-2847
2026-09-25T11:00:00Z,shooter,1,7430-4818-4188
2026-09-25T11:00:00Z,shooter,2,7441-9489-4182
2026-09-25T11:00:00Z,shooter,3,1808-2396-7847
2026-09-25T11:00:00Z,shooter,4,6155-1398-4059
2026-09-25T11:00:00Z,shooter,5,0148-0322-5437
2026-09-25T11:00:00Z,shooter,6,8765-4125-9209
2026-09-25T11:00:00Z,shooter,7,8234-1352-6956
2026-09-25T11:00:00Z,shooter,8,4590-4493-7113
2026-09-25T11:00:00Z,shooter,9,2898-7886-8847
2026-09-25T11:00:00Z,shooter,10,2786-2114-8349
2026-09-25T11:00:00Z,shooter,11,3181-8882-6695
2026-09-25T11:00:00Z,shooter,12,6366-6217-9042
2026-09-25T11:00:00Z,shooter,13,8003-2362-4527
2026-09-25T11:00:00Z,shooter,14,2995-4004-9094
2026-09-25T11:00:00Z,shooter,15,0238-0031-3130
2026-09-25T11:00:00Z,shooter,16,9520-0654-8075
2026-09-25T11:00:00Z,shooter,17,9751-8364-1350
2026-09-25T11:00:00Z,shooter,18,1128-5504-3888
2026-09-25T11:00:00Z,shooter,19,1469-4297-5714
2026-09-25T11:00:00Z,shooter,20,6266-2088-0745
2026-09-25T11:00:00Z,shooter,21,0695-6139-0659
2026-09-25T11:00:00Z,shooter,22,4432-4107-7174
2026-09-25T11:00:00Z,shooter,23,3533-5211-7130
2026-09-25T11:00:00Z,shooter,24,1689-2986-4337
2026-09-25T11:00:00Z,shooter,25,6632-5555-1738
2026-09-25T11:00:00Z,shooter,26,8730-0519-0933
2026-09-25T11:00:00Z,shooter,27,9061-5458-7889
2026-09-25T11:00:00Z,shooter,28,9635-6302-5309
2026-09-25T11:00:00Z,shooter,29,6242-8952-3865
2026-09-25T11:00:00Z,shooter,30,3318-7788-6092
2026-09-25T11:00:00Z,shooter,31,2424-4344-7824
2026-09-25T11:00:00Z,shooter,32,3837-5258-6307
2026-09-25T11:00:00Z,shooter,33,3424-1388-0947
2026-09-25T11:00:00Z,shooter,34,3837-9636-9505
2026-09-25T11:00:00Z,shooter,35,2744-5526-2967
2026-09-25T11:00:00Z,shooter,36,4295-4155-3058
2026-09-25T11:00:00Z,shooter,37,5112-1759-8096
2026-09-25T11:00:00Z,shooter,38,8068-9359-0183
2026-09-25T11:00:00Z,shooter,39,9298-6844-1902
2026-09-25T11:00:00Z,shooter,40,5485-7712-1328
2026-09-25T11:00:00Z,shooter,41,3459-9952-0053
2026-09-25T11:00:00Z,shooter,42,8165-6883-7307
2026-09-25T11:00:00Z,shooter,43,3859-7870-2185
2026-09-25T11:00:00Z,shooter,44,5375-4156-5308
2026-09-25T11:00:00Z,shooter,45,0132-3640-7214
2026-09-25T11:00:00Z,shooter,46,8402-3642-6726
2026-09-25T11:00:00Z,shooter,47,1602-6355-3892
2026-09-25T11:00:00Z,shooter,48,7149-8291-0915
2026-09-25T11:00:00Z,shooter,49,7402-5602-2916
2026-09-25T11:00:00Z,shooter,50,5041-4362-7950
2026-09-25T11:00:00Z,roleplaying-social,1,0324-6525-3171
2026-09-25T11:00:00Z,roleplaying-social,2,6032-4340-0635
2026-09-25T11:00:00Z,roleplaying-social,3,9960-1973-3840
2026-09-25T11:00:00Z,roleplaying-social,4,9909-6421-7669
2026-09-25T11:00:00Z,roleplaying-social,5,6462-6469-4435
2026-09-25T11:00:00Z,roleplaying-social,6,6163-6465-2983
2026-09-25T11:00:00Z,roleplaying-social,7,7112-8777-0902
2026-09-25T11:00:00Z,roleplaying-social,8,7314-4269-5911
2026-09-25T11:00:00Z,roleplaying-social,9,9862-4661-6699
2026-09-25T11:00:00Z,roleplaying-social,10,5791-2777-2631
2026-09-25T11:00:00Z,roleplaying-social,11,3576-3976-5738
2026-09-25T11:00:00Z,roleplaying-social,12,2115-3585-8349
2026-09-25T11:00:00Z,roleplaying-social,13,4378-3721-0517
2026-09-25T11:00:00Z,roleplaying-social,14,1345-5145-1363
2026-09-25T11:00:00Z,roleplaying-social,15,4420-9325-8814
2026-09-25T11:00:00Z,roleplaying-social,16,8079-1410-9627
2026-09-25T11:00:00Z,roleplaying-social,17,7127-0120-4449
2026-09-25T11:00:00Z,roleplaying-social,18,4543-2770-5879
2026-09-25T11:00:00Z,roleplaying-social,19,6017-3375-2273
2026-09-25T11:00:00Z,roleplaying-social,20,5130-4694-1030
2026-09-25T11:00:00Z,roleplaying-social,21,1186-5766-0282
2026-09-25T11:00:00Z,roleplaying-social,22,4827-2650-6779
2026-09-25T11:00:00Z,roleplaying-social,23,8238-3374-0527
2026-09-25T11:00:00Z,roleplaying-social,24,8352-7392-6528
2026-09-25T11:00:00Z,roleplaying-social,25,2548-5349-4659
2026-09-25T11:00:00Z,roleplaying-social,26,8673-3549-8114
2026-09-25T11:00:00Z,roleplaying-social,27,1023-3077-5427
2026-09-25T11:00:00Z,roleplaying-social,28,5049-6507-5084
2026-09-25T11:00:00Z,roleplaying-social,29,2586-8404-0869
2026-09-25T11:00:00Z,roleplaying-social,30,3369-4671-4228
2026-09-25T11:00:00Z,roleplaying-social,31,9215-3374-2716
2026-09-25T11:00:00Z,roleplaying-social,32,8440-2203-4683
2026-09-25T11:00:00Z,roleplaying-social,33,0555-8302-4764
2026-09-25T11:00:00Z,roleplaying-social,34,6681-4393-8409
2026-09-25T11:00:00Z,roleplaying-social,35,3991-1046-3772
2026-09-25T11:00:00Z,roleplaying-social,36,7044-5372-4741
2026-09-25T11:00:00Z,roleplaying-social,37,0586-0173-4811
2026-09-25T11:00:00Z,roleplaying-social,38,4773-6741-9721
2026-09-25T11:00:00Z,roleplaying-social,39,8299-6662-9330
2026-09-25T11:00:00Z,roleplaying-social,40,1008-1364-5412
2026-09-25T11:00:00Z,roleplaying-social,41,6771-1880-7737
2026-09-25T11:00:00Z,roleplaying-social,42,9139-3598-0890
2026-09-25T11:00:00Z,roleplaying-social,43,0455-4819-3993
2026-09-25T11:00:00Z,roleplaying-social,44,4990-6359-3374
2026-09-25T11:00:00Z,roleplaying-social,45,1556-7694-7407
2026-09-25T11:00:00Z,roleplaying-social,46,6672-6548-6091
2026-09-25T11:00:00Z,roleplaying-social,47,9551-3543-8752
2026-09-25T11:00:00Z,roleplaying-social,48,1128-5158-6207
2026-09-25T11:00:00Z,roleplaying-social,49,2327-7349-9384
2026-09-25T11:00:00Z,roleplaying-social,50,7159-7623-0878
2026-09-25T11:00:00Z,roguelike,1,5371-4743-1449
2026-09-25T11:00:00Z,roguelike,2,5786-6009-0800
2026-09-25T11:00:00Z,roguelike,3,7908-5661-9723
2026-09-25T11:00:00Z,roguelike,4,1316-2698-6957
2026-09-25T11:00:00Z,roguelike,5,0450-2818-4646
2026-09-25T11:00:00Z,roguelike,6,0243-3963-9174
2026-09-25T11:00:00Z,roguelike,7,3815-6126-3210
2026-09-25T11:00:00Z,roguelike,8,7300-0705-2924
2026-09-25T11:00:00Z,roguelike,9,5410-9748-9230
2026-09-25T11:00:00Z,roguelike,10,0953-8380-0428
2026-09-25T11:00:00Z,roguelike,11,0139-8551-5744
2026-09-25T11:00:00Z,roguelike,12,7660-6642-4841
2026-09-25T11:00:00Z,roguelike,13,9638-2905-2989
2026-09-25T11:00:00Z,roguelike,14,6177-7138-0133
2026-09-25T11:00:00Z,roguelike,15,1311-3035-1480
2026-09-25T11:00:00Z,roguelike,16,3793-8653-7610
2026-09-25T11:00:00Z,roguelike,17,1257-8964-6713
2026-09-25T11:00:00Z,roguelike,18,8105-9005-4478
2026-09-25T11:00:00Z,roguelike,19,0402-8300-3128
2026-09-25T11:00:00Z,roguelike,20,9276-7287-3867
2026-09-25T11:00:00Z,roguelike,21,0986-9962-2231
2026-09-25T11:00:00Z,roguelike,22,2005-9007-1508
2026-09-25T11:00:00Z,roguelike,23,2202-8403-6747
2026-09-25T11:00:00Z,roguelike,24,9311-7979-3371
2026-09-25T11:00:00Z,roguelike,25,1775-4578-6904
2026-09-25T11:00:00Z,roguelike,26,3305-9667-7847
2026-09-25T11:00:00Z,roguelike,27,5341-1937-4427
2026-09-25T11:00:00Z,roguelike,28,3033-2815-2914
2026-09-25T11:00:00Z,roguelike,29,5494-8930-2057
2026-09-25T11:00:00Z,roguelike,30,7627-8175-3618
2026-09-25T11:00:00Z,roguelike,31,4873-4878-1736
2026-09-25T11:00:00Z,roguelike,32,8640-1404-5362
2026-09-25T11:00:00Z,roguelike,33,1436-3938-3127
2026-09-25T11:00:00Z,roguelike,34,2214-7613-0030
2026-09-25T11:00:00Z,roguelike,35,3626-6521-4027
2026-09-25T11:00:00Z,roguelike,36,8089-0616-8914
2026-09-25T11:00:00Z,roguelike,37,9642-6354-0929
2026-09-25T11:00:00Z,roguelike,38,9932-6453-4059
2026-09-25T11:00:00Z,roguelike,39,2883-8391-6703
2026-09-25T11:00:00Z,roguelike,40,0969-0725-3493
2026-09-25T11:00:00Z,roguelike,41,6472-9315-0735
2026-09-25T11:00:00Z,roguelike,42,9158-0478-3052
2026-09-25T11:00:00Z,roguelike,43,8941-9913-9242
2026-09-25T11:00:00Z,roguelike,44,1667-6000-1077
2026-09-25T11:00:00Z,roguelike,45,8641-8991-1251
2026-09-25T11:00:00Z,roguelike,46,9179-6862-5831
2026-09-25T11:00:00Z,roguelike,47,6885-3768-5936
2026-09-25T11:00:00Z,roguelike,48,9661-5300-4601
2026-09-25T11:00:00Z,roguelike,49,8347-7641-0377
2026-09-25T11:00:00Z,roguelike,50,9414-5774-1595
2026-09-25T11:00:00Z,party-mini-games,1,7786-0958-2481
2026-09-25T11:00:00Z,party-mini-games,2,4540-2792-0054
2026-09-25T11:00:00Z,party-mini-games,3,3982-1819-4205
2026-09-25T11:00:00Z,party-mini-games,4,2713-8007-6156
2026-09-25T11:00:00Z,party-mini-games,5,8532-9413-6963
2026-09-25T11:00:00Z,party-mini-games,6,0673-9062-5656
2026-09-25T11:00:00Z,party-mini-games,7,1245-9511-3686
2026-09-25T11:00:00Z,party-mini-games,8,5731-3854-1429
2026-09-25T11:00:00Z,party-mini-games,9,9327-0023-8506
2026-09-25T11:00:00Z,party-mini-games,10,5534-5280-2727
2026-09-25T11:00:00Z,party-mini-games,11,9207-7848-7041
2026-09-25T11:00:00Z,party-mini-games,12,7011-3815-1384
2026-09-25T11:00:00Z,party-mini-games,13,2724-4064-5480
2026-09-25T11:00:00Z,party-mini-games,14,0860-0696-6226
2026-09-25T11:00:00Z,party-mini-games,15,0601-1980-6626
2026-09-25T11:00:00Z,party-mini-games,16,6916-2231-5639
2026-09-25T11:00:00Z,party-mini-games,17,3543-7859-1857
2026-09-25T11:00:00Z,party-mini-games,18,9886-0074-1759
2026-09-25T11:00:00Z,party-mini-games,19,7893-3223-8329
2026-09-25T11:00:00Z,party-mini-games,20,8879-1619-5419
2026-09-25T11:00:00Z,party-mini-games,21,3417-0732-9948
2026-09-25T11:00:00Z,party-mini-games,22,8448-9780-4736
2026-09-25T11:00:00Z,party-mini-games,23,4042-7237-7914
2026-09-25T11:00:00Z,party-mini-games,24,1443-4058-4106
2026-09-25T11:00:00Z,party-mini-games,25,5692-9530-3954
2026-09-25T11:00:00Z,party-mini-games,26,1216-9665-5612
2026-09-25T11:00:00Z,party-mini-games,27,5134-7238-5229
2026-09-25T11:00:00Z,party-mini-games,28,9568-9742-7529
2026-09-25T11:00:00Z,party-mini-games,29,0435-0111-2493
2026-09-25T11:00:00Z,party-mini-games,30,8851-5480-5161
2026-09-25T11:00:00Z,party-mini-games,31,7832-3964-5638
2026-09-25T11:00:00Z,party-mini-games,32,8712-8939-5935
2026-09-25T11:00:00Z,party-mini-games,33,5255-5400-1491
2026-09-25T11:00:00Z,party-mini-games,34,7473-0088-9373
2026-09-25T11:00:00Z,party-mini-games,35,1402-1820-0657
2026-09-25T11:00:00Z,party-mini-games,36,5581-8600-6431
2026-09-25T11:00:00Z,party-mini-games,37,8875-2455-5971
2026-09-25T11:00:00Z,party-mini-games,38,1017-3683-6436
2026-09-25T11:00:00Z,party-mini-games,39,2784-9853-5887
2026-09-25T11:00:00Z,party-mini-games,40,7664-6686-7406
2026-09-25T11:00:00Z,party-mini-games,41,4393-5421-0855
2026-09-25T11:00:00Z,party-mini-games,42,3781-5620-3131
2026-09-25T11:00:00Z,party-mini-games,43,3610-1927-7849
2026-09-25T11:00:00Z,party-mini-games,44,3277-0021-0184
2026-09-25T11:00:00Z,party-mini-games,45,4090-6935-8150
2026-09-25T11:00:00Z,party-mini-games,46,2877-0520-3856
2026-09-25T11:00:00Z,party-mini-games,47,7325-6346-6659
2026-09-25T11:00:00Z,party-mini-games,48,8742-0736-8164
2026-09-25T11:00:00Z,party-mini-games,49,5991-1334-7948
2026-09-25T11:00:00Z,party-mini-games,50,8741-9528-4677
2026-09-25T11:00:00Z,music-rhythm,1,9851-7455-1332
2026-09-25T11:00:00Z,music-rhythm,2,9234-0447-6099
2026-09-25T11:00:00Z,music-rhythm,3,8363-8237-0040
2026-09-25T11:00:00Z,music-rhythm,4,5494-2125-5108
2026-09-25T11:00:00Z,music-rhythm,5,4330-3478-9064
2026-09-25T11:00:00Z,music-rhythm,6,7385-6982-2296
2026-09-25T11:00:00Z,music-rhythm,7,2855-7768-7380
2026-09-25T11:00:00Z,music-rhythm,8,6253-2742-8438
2026-09-25T11:00:00Z,music-rhythm,9,2796-4203-2086
2026-09-25T11:00:00Z,music-rhythm,10,6322-2686-0790
2026-09-25T11:00:00Z,music-rhythm,11,1588-1140-6261
2026-09-25T11:00:00Z,music-rhythm,12,9312-3254-6209
2026-09-25T11:00:00Z,music-rhythm,13,8047-6953-2839
2026-09-25T11:00:00Z,music-rhythm,14,5261-2224-6992
2026-09-25T11:00:00Z,music-rhythm,15,1101-5048-7690
2026-09-25T11:00:00Z,music-rhythm,16,0412-4007-2062
2026-09-25T11:00:00Z,music-rhythm,17,1102-2771-9165
2026-09-25T11:00:00Z,music-rhythm,18,5542-5833-2901
2026-09-25T11:00:00Z,music-rhythm,19,6175-6100-8121
2026-09-25T11:00:00Z,music-rhythm,20,3093-0676-2570
2026-09-25T11:00:00Z,music-rhythm,21,2214-4070-0866
2026-09-25T11:00:00Z,music-rhythm,22,8743-3665-1978
2026-09-25T11:00:00Z,music-rhythm,23,7780-4361-8500
2026-09-25T11:00:00Z,music-rhythm,24,8244-8226-3592
2026-09-25T11:00:00Z,music-rhythm,25,2427-3025-9162
2026-09-25T11:00:00Z,music-rhythm,26,6000-5068-3133
2026-09-25T11:00:00Z,music-rhythm,27,5240-2885-8027
2026-09-25T11:00:00Z,music-rhythm,28,7398-2123-7962
2026-09-25T11:00:00Z,music-rhythm,29,8465-6954-5659
2026-09-25T11:00:00Z,music-rhythm,30,4153-0784-8219
2026-09-25T11:00:00Z,music-rhythm,31,4692-9348-9737
2026-09-25T11:00:00Z,music-rhythm,32,9366-7818-9623
2026-09-25T11:00:00Z,music-rhythm,33,2122-3581-0836
2026-09-25T11:00:00Z,music-rhythm,34,4012-6126-4312
2026-09-25T11:00:00Z,music-rhythm,35,4041-9398-0080
2026-09-25T11:00:00Z,music-rhythm,36,2139-1941-6204
2026-09-25T11:00:00Z,music-rhythm,37,2537-6200-1572
2026-09-25T11:00:00Z,music-rhythm,38,3979-8693-2639
2026-09-25T11:00:00Z,music-rhythm,39,2702-3849-0110
2026-09-25T11:00:00Z,music-rhythm,40,6985-4689-4867
2026-09-25T11:00:00Z,music-rhythm,41,0960-0671-7810
2026-09-25T11:00:00Z,music-rhythm,42,7166-5731-7989
2026-09-25T11:00:00Z,music-rhythm,43,1227-4242-2251
2026-09-25T11:00:00Z,music-rhythm,44,2233-0758-3370
2026-09-25T11:00:00Z,music-rhythm,45,2702-9840-6580
2026-09-25T11:00:00Z,music-rhythm,46,4909-7635-0559
2026-09-25T11:00:00Z,music-rhythm,47,7154-2678-0590
2026-09-25T11:00:00Z,music-rhythm,48,1106-5751-6368
2026-09-25T11:00:00Z,music-rhythm,49,0167-0907-7204
2026-09-25T11:00:00Z,music-rhythm,50,7131-4465-3884
2026-09-25T11:00:00Z,horror,1,5253-8468-3364
2026-09-25T11:00:00Z,horror,2,2522-4269-4932
2026-09-25T11:00:00Z,horror,3,8198-8669-9805
2026-09-25T11:00:00Z,horror,4,1314-9783-9214
2026-09-25T11:00:00Z,horror,5,6386-2237-2556
2026-09-25T11:00:00Z,horror,6,0257-0819-4941
2026-09-25T11:00:00Z,horror,7,8605-3450-1528
2026-09-25T11:00:00Z,horror,8,9919-3137-0527
2026-09-25T11:00:00Z,horror,9,7782-9349-5060
2026-09-25T11:00:00Z,horror,10,5382-8693-1539
2026-09-25T11:00:00Z,horror,11,9217-3432-0162
2026-09-25T11:00:00Z,horror,12,0269-9911-2581
2026-09-25T11:00:00Z,horror,13,0487-9801-6989
2026-09-25T11:00:00Z,horror,14,7693-2586-8371
2026-09-25T11:00:00Z,horror,15,8832-3199-6129
2026-09-25T11:00:00Z,horror,16,9321-4455-9371
2026-09-25T11:00:00Z,horror,17,3119-1652-2400
2026-09-25T11:00:00Z,horror,18,1864-8667-0230
2026-09-25T11:00:00Z,horror,19,1764-2576-3256
2026-09-25T11:00:00Z,horror,20,6122-7960-7993
2026-09-25T11:00:00Z,horror,21,1720-5066-5578
2026-09-25T11:00:00Z,horror,22,2742-7377-1715
2026-09-25T11:00:00Z,horror,23,5640-2782-5317
2026-09-25T11:00:00Z,horror,24,0800-7690-1207
2026-09-25T11:00:00Z,horror,25,0157-2279-6109
2026-09-25T11:00:00Z,horror,26,2237-7732-9798
2026-09-25T11:00:00Z,horror,27,6777-3983-5606
2026-09-25T11:00:00Z,horror,28,8257-3753-1968
2026-09-25T11:00:00Z,horror,29,1431-7115-9506
2026-09-25T11:00:00Z,horror,30,2350-8051-9251
2026-09-25T11:00:00Z,horror,31,0307-5506-1191
2026-09-25T11:00:00Z,horror,32,9238-2115-6656
2026-09-25T11:00:00Z,horror,33,7285-4185-5428
2026-09-25T11:00:00Z,horror,34,1723-9035-5854
2026-09-25T11:00:00Z,horror,35,0001-2497-5768
2026-09-25T11:00:00Z,horror,36,9584-0626-1868
2026-09-25T11:00:00Z,horror,37,2633-7144-2490
2026-09-25T11:00:00Z,horror,38,9167-8402-4823
2026-09-25T11:00:00Z,horror,39,4062-2133-4209
2026-09-25T11:00:00Z,horror,40,9992-6976-2209
2026-09-25T11:00:00Z,horror,41,6114-9517-9070
2026-09-25T11:00:00Z,horror,42,5387-5951-8319
2026-09-25T11:00:00Z,horror,43,4925-6066-5921
2026-09-25T11:00:00Z,horror,44,0832-0720-1196
2026-09-25T11:00:00Z,horror,45,5124-2067-3713
2026-09-25T11:00:00Z,horror,46,2306-6422-7294
2026-09-25T11:00:00Z,horror,47,8374-9585-6310
2026-09-25T11:00:00Z,horror,48,5263-0053-7559
2026-09-25T11:00:00Z,horror,49,8442-5023-8116
2026-09-25T11:00:00Z,horror,50,3504-8638-4358
2026-09-25T11:00:00Z,deathrun-platformer,1,9007-7666-4786
2026-09-25T11:00:00Z,deathrun-platformer,2,2940-8798-4080
2026-09-25T11:00:00Z,deathrun-platformer,3,6141-4809-9229
2026-09-25T11:00:00Z,deathrun-platformer,4,4366-9611-6988
2026-09-25T11:00:00Z,deathrun-platformer,5,6595-9027-4333
2026-09-25T11:00:00Z,deathrun-platformer,6,3516-3502-7404
2026-09-25T11:00:00Z,deathrun-platformer,7,5601-6658-1317
2026-09-25T11:00:00Z,deathrun-platformer,8,3090-4809-1591
2026-09-25T11:00:00Z,deathrun-platformer,9,4827-2323-5954
2026-09-25T11:00:00Z,deathrun-platformer,10,9156-5231-8691
2026-09-25T11:00:00Z,deathrun-platformer,11,7403-8636-4107
2026-09-25T11:00:00Z,deathrun-platformer,12,5497-6332-8508
2026-09-25T11:00:00Z,deathrun-platformer,13,4343-3421-7958
2026-09-25T11:00:00Z,deathrun-platformer,14,9244-4434-0472
2026-09-25T11:00:00Z,deathrun-platformer,15,2655-9467-6796
2026-09-25T11:00:00Z,deathrun-platformer,16,6353-3210-5766
2026-09-25T11:00:00Z,deathrun-platformer,17,9943-6687-8491
2026-09-25T11:00:00Z,deathrun-platformer,18,6907-0729-6439
2026-09-25T11:00:00Z,deathrun-platformer,19,9103-4908-5016
2026-09-25T11:00:00Z,deathrun-platformer,20,8610-8921-9835
2026-09-25T11:00:00Z,deathrun-platformer,21,0467-2642-8087
2026-09-25T11:00:00Z,deathrun-platformer,22,7662-9243-4059
2026-09-25T11:00:00Z,deathrun-platformer,23,4150-0895-4589
2026-09-25T11:00:00Z,deathrun-platformer,24,9257-5818-2400
2026-09-25T11:00:00Z,deathrun-platformer,25,3791-7587-4489
2026-09-25T11:00:00Z,deathrun-platformer,26,9895-8028-9581
2026-09-25T11:00:00Z,deathrun-platformer,27,0554-1640-9952
2026-09-25T11:00:00Z,deathrun-platformer,28,6431-5855-3798
2026-09-25T11:00:00Z,deathrun-platformer,29,5707-5301-8219
2026-09-25T11:00:00Z,deathrun-platformer,30,5469-6704-8471
2026-09-25T11:00:00Z,deathrun-platformer,31,1437-1723-4860
2026-09-25T11:00:00Z,deathrun-platformer,32,5580-1607-2828
2026-09-25T11:00:00Z,deathrun-platformer,33,5939-6232-6091
2026-09-25T11:00:00Z,deathrun-platformer,34,0215-1201-3820
2026-09-25T11:00:00Z,deathrun-platformer,35,2138-8249-3841
2026-09-25T11:00:00Z,deathrun-platformer,36,8101-2752-7998
2026-09-25T11:00:00Z,deathrun-platformer,37,7076-6111-1715
2026-09-25T11:00:00Z,deathrun-platformer,38,8112-4293-6684
2026-09-25T11:00:00Z,deathrun-platformer,39,4684-7269-3063
2026-09-25T11:00:00Z,deathrun-platformer,40,8101-3554-2146
2026-09-25T11:00:00Z,deathrun-platformer,41,5350-2333-1738
2026-09-25T11:00:00Z,deathrun-platformer,42,9597-4167-2516
2026-09-25T11:00:00Z,deathrun-platformer,43,5822-9054-9053
2026-09-25T11:00:00Z,deathrun-platformer,44,3815-6671-9283
2026-09-25T11:00:00Z,deathrun-platformer,45,4172-4166-6834
2026-09-25T11:00:00Z,deathrun-platformer,46,0535-7169-4733
2026-09-25T11:00:00Z,deathrun-platformer,47,1314-0480-7130
2026-09-25T11:00:00Z,deathrun-platformer,48,6324-7516-2150
2026-09-25T11:00:00Z,deathrun-platformer,49,4062-8004-2540
2026-09-25T11:00:00Z,deathrun-platformer,50,9983-0397-2409
2026-09-25T11:00:00Z,battle-royale,1,6133-4335-3668
2026-09-25T11:00:00Z,battle-royale,2,5075-1953-0397
2026-09-25T11:00:00Z,battle-royale,3,8887-1914-7284
2026-09-25T11:00:00Z,battle-royale,4,2515-6266-7600
2026-09-25T11:00:00Z,battle-royale,5,3305-1551-7747
2026-09-25T11:00:00Z,battle-royale,6,3729-0643-9775
2026-09-25T11:00:00Z,battle-royale,7,7835-3901-1999
2026-09-25T11:00:00Z,battle-royale,8,8064-7152-2934
2026-09-25T11:00:00Z,battle-royale,9,8298-6891-9930
2026-09-25T11:00:00Z,battle-royale,10,1832-0431-4852
2026-09-25T11:00:00Z,battle-royale,11,6570-5231-1418
2026-09-25T11:00:00Z,battle-royale,12,6562-8953-6567
2026-09-25T11:00:00Z,battle-royale,13,9854-1829-8735
2026-09-25T11:00:00Z,battle-royale,14,8189-6786-4181
2026-09-25T11:00:00Z,battle-royale,15,1513-6690-9481
2026-09-25T11:00:00Z,battle-royale,16,7675-8305-9560
2026-09-25T11:00:00Z,battle-royale,17,1541-6710-6518
2026-09-25T11:00:00Z,battle-royale,18,2547-0155-7815
2026-09-25T11:00:00Z,battle-royale,19,8157-3487-8338
2026-09-25T11:00:00Z,battle-royale,20,8089-7542-3407
2026-09-25T11:00:00Z,battle-royale,21,2630-4222-2839
2026-09-25T11:00:00Z,battle-royale,22,6593-0895-0067
2026-09-25T11:00:00Z,battle-royale,23,8301-9379-2032
2026-09-25T11:00:00Z,battle-royale,24,9980-5370-0317
2026-09-25T11:00:00Z,battle-royale,25,4660-4454-3176
2026-09-25T11:00:00Z,battle-royale,26,1477-5500-6228
2026-09-25T11:00:00Z,battle-royale,27,2565-2684-5169
2026-09-25T11:00:00Z,battle-royale,28,9332-9453-7208
2026-09-25T11:00:00Z,battle-royale,29,1998-6055-3199
2026-09-25T11:00:00Z,battle-royale,30,6940-8669-1904
2026-09-25T11:00:00Z,battle-royale,31,7523-1170-0999
2026-09-25T11:00:00Z,battle-royale,32,1707-4206-4316
2026-09-25T11:00:00Z,battle-royale,33,4859-7673-2109
2026-09-25T11:00:00Z,battle-royale,34,8332-5330-4197
2026-09-25T11:00:00Z,battle-royale,35,3537-4087-0888
2026-09-25T11:00:00Z,battle-royale,36,1862-3578-5339
2026-09-25T11:00:00Z,battle-royale,37,8740-5832-8150
2026-09-25T11:00:00Z,battle-royale,38,3462-0061-0008
2026-09-25T11:00:00Z,battle-royale,39,7793-4297-5018
2026-09-25T11:00:00Z,battle-royale,40,5295-5891-6929
2026-09-25T11:00:00Z,battle-royale,41,6127-8949-1207
2026-09-25T11:00:00Z,battle-royale,42,4263-0927-4869
2026-09-25T11:00:00Z,battle-royale,43,5890-0693-7425
2026-09-25T11:00:00Z,battle-royale,44,1822-2675-6994
2026-09-25T11:00:00Z,battle-royale,45,4826-0786-8094
2026-09-25T11:00:00Z,battle-royale,46,9228-8994-1362
2026-09-25T11:00:00Z,battle-royale,47,5584-6146-5996
2026-09-25T11:00:00Z,battle-royale,48,4059-2791-0712
2026-09-25T11:00:00Z,battle-royale,49,2312-1594-4814
2026-09-25T11:00:00Z,battle-royale,50,6353-9761-7080
2026-09-25T11:00:00Z,adventure-rpg,1,8402-7861-9119
2026-09-25T11:00:00Z,adventure-rpg,2,1324-1016-2565
2026-09-25T11:00:00Z,adventure-rpg,3,8014-3560-5859
2026-09-25T11:00:00Z,adventure-rpg,4,8396-9258-5687
2026-09-25T11:00:00Z,adventure-rpg,5,3469-7377-0976
2026-09-25T11:00:00Z,adventure-rpg,6,1314-6986-8879
2026-09-25T11:00:00Z,adventure-rpg,7,7008-8933-8450
2026-09-25T11:00:00Z,adventure-rpg,8,4225-6009-1837
2026-09-25T11:00:00Z,adventure-rpg,9,6187-4944-9063
2026-09-25T11:00:00Z,adventure-rpg,10,7376-9013-2270
2026-09-25T11:00:00Z,adventure-rpg,11,3146-7566-7548
2026-09-25T11:00:00Z,adventure-rpg,12,8101-6792-2860
2026-09-25T11:00:00Z,adventure-rpg,13,9257-2032-2582
2026-09-25T11:00:00Z,adventure-rpg,14,2525-9596-3235
2026-09-25T11:00:00Z,adventure-rpg,15,7071-9693-9251
2026-09-25T11:00:00Z,adventure-rpg,16,2313-4464-7728
2026-09-25T11:00:00Z,adventure-rpg,17,6722-7944-8904
2026-09-25T11:00:00Z,adventure-rpg,18,9135-6797-0922
2026-09-25T11:00:00Z,adventure-rpg,19,1254-9325-4547
2026-09-25T11:00:00Z,adventure-rpg,20,8256-7092-6083
2026-09-25T11:00:00Z,adventure-rpg,21,3760-6050-4737
2026-09-25T11:00:00Z,adventure-rpg,22,7154-1898-4800
2026-09-25T11:00:00Z,adventure-rpg,23,0699-4255-0327
2026-09-25T11:00:00Z,adventure-rpg,24,0535-7617-1108
2026-09-25T11:00:00Z,adventure-rpg,25,9289-6064-2659
2026-09-25T11:00:00Z,adventure-rpg,26,0564-0723-6518
2026-09-25T11:00:00Z,adventure-rpg,27,6134-7832-2505
2026-09-25T11:00:00Z,adventure-rpg,28,0434-0134-4035
2026-09-25T11:00:00Z,adventure-rpg,29,0600-6601-8509
2026-09-25T11:00:00Z,adventure-rpg,30,6253-5864-4856
2026-09-25T11:00:00Z,adventure-rpg,31,6919-3018-9708
2026-09-25T11:00:00Z,adventure-rpg,32,6786-0537-1526
2026-09-25T11:00:00Z,adventure-rpg,33,8797-1937-1390
2026-09-25T11:00:00Z,adventure-rpg,34,4482-9980-6518
2026-09-25T11:00:00Z,adventure-rpg,35,4918-9936-5095
2026-09-25T11:00:00Z,adventure-rpg,36,0553-6413-5190
2026-09-25T11:00:00Z,adventure-rpg,37,6395-0064-0327
2026-09-25T11:00:00Z,adventure-rpg,38,1862-1345-3293
2026-09-25T11:00:00Z,adventure-rpg,39,9171-5414-9725
2026-09-25T11:00:00Z,adventure-rpg,40,5440-4984-3473
2026-09-25T11:00:00Z,adventure-rpg,41,1653-1671-8190
2026-09-25T11:00:00Z,adventure-rpg,42,4586-5950-5525
2026-09-25T11:00:00Z,adventure-rpg,43,7451-7242-8696
2026-09-25T11:00:00Z,adventure-rpg,44,6421-7628-5073
2026-09-25T11:00:00Z,adventure-rpg,45,0495-3212-1659
2026-09-25T11:00:00Z,adventure-rpg,46,4172-7336-5964
2026-09-25T11:00:00Z,adventure-rpg,47,9983-3472-4349
2026-09-25T11:00:00Z,adventure-rpg,48,1239-0128-1211
2026-09-25T11:00:00Z,adventure-rpg,49,9410-9435-7605
2026-09-25T11:00:00Z,adventure-rpg,50,0754-0155-3220
2026-09-25T10:00:00Z,survival,1,3501-7237-8602
2026-09-25T10:00:00Z,survival,2,8344-0475-7589
2026-09-25T10:00:00Z,survival,3,2787-1164-2583
2026-09-25T10:00:00Z,survival,4,0433-7147-9507
2026-09-25T10:00:00Z,survival,5,7116-2671-7537
2026-09-25T10:00:00Z,survival,6,7541-3275-7180
2026-09-25T10:00:00Z,survival,7,9697-3257-3440
2026-09-25T10:00:00Z,survival,8,1596-1780-8043
2026-09-25T10:00:00Z,survival,9,2312-3096-3140
2026-09-25T10:00:00Z,survival,10,8079-0164-7528
2026-09-25T10:00:00Z,survival,11,2911-9500-1274
2026-09-25T10:00:00Z,survival,12,0342-9116-8723
2026-09-25T10:00:00Z,survival,13,8057-5274-9116
2026-09-25T10:00:00Z,survival,14,6020-0463-4029
2026-09-25T10:00:00Z,survival,15,2891-2163-4404
2026-09-25T10:00:00Z,survival,16,7433-9605-1878
2026-09-25T10:00:00Z,survival,17,4771-7215-5767
2026-09-25T10:00:00Z,survival,18,1631-0751-4517
2026-09-25T10:00:00Z,survival,19,9651-4466-9042
2026-09-25T10:00:00Z,survival,20,3729-8899-3878
2026-09-25T10:00:00Z,survival,21,8464-5780-9092
2026-09-25T10:00:00Z,survival,22,5177-3498-9905
2026-09-25T10:00:00Z,survival,23,5386-1902-3209
2026-09-25T10:00:00Z,survival,24,1796-9956-7050
2026-09-25T10:00:00Z,survival,25,2887-3641-3853
2026-09-25T10:00:00Z,survival,26,1374-2241-1868
2026-09-25T10:00:00Z,survival,27,1862-8843-9022
2026-09-25T10:00:00Z,survival,28,7114-0727-8746
2026-09-25T10:00:00Z,survival,29,7067-8314-8282
2026-09-25T10:00:00Z,survival,30,0242-1196-2261
2026-09-25T10:00:00Z,survival,31,7996-5597-0868
2026-09-25T10:00:00Z,survival,32,8110-1361-4327
2026-09-25T10:00:00Z,survival,33,4420-8150-0081
2026-09-25T10:00:00Z,survival,34,9563-8257-0848
2026-09-25T10:00:00Z,survival,35,3962-2471-5978
2026-09-25T10:00:00Z,survival,36,4422-3120-1826
2026-09-25T10:00:00Z,survival,37,7541-2314-8381
2026-09-25T10:00:00Z,survival,38,9584-6301-7470
2026-09-25T10:00:00Z,survival,39,1654-7479-6688
2026-09-25T10:00:00Z,survival,40,6643-0220-6840
2026-09-25T10:00:00Z,survival,41,8437-4689-3831
2026-09-25T10:00:00Z,survival,42,2668-5883-1928
2026-09-25T10:00:00Z,survival,43,0740-9649-8381
2026-09-25T10:00:00Z,survival,44,9236-4114-4864
2026-09-25T10:00:00Z,survival,45,6988-7736-2818
2026-09-25T10:00:00Z,survival,46,4088-9602-7302
2026-09-25T10:00:00Z,survival,47,4044-4229-5848
2026-09-25T10:00:00Z,survival,48,0929-9347-5439
2026-09-25T10:00:00Z,survival,49,3092-1733-8452
2026-09-25T10:00:00Z,survival,50,3181-7792-9942
2026-09-25T10:00:00Z,strategy,1,7048-8422-2298
2026-09-25T10:00:00Z,strategy,2,3916-5715-6958
2026-09-25T10:00:00Z,strategy,3,1734-8951-4401
2026-09-25T10:00:00Z,strategy,4,2276-7799-6979
2026-09-25T10:00:00Z,strategy,5,0630-7533-2925
2026-09-25T10:00:00Z,strategy,6,1228-4163-2585
2026-09-25T10:00:00Z,strategy,7,9787-3863-4932
2026-09-25T10:00:00Z,strategy,8,1188-8174-4193
2026-09-25T10:00:00Z,strategy,9,8920-0084-1283
2026-09-25T10:00:00Z,strategy,10,9783-9810-3294
2026-09-25T10:00:00Z,strategy,11,2342-8150-0779
2026-09-25T10:00:00Z,strategy,12,7412-3162-8807
2026-09-25T10:00:00Z,strategy,13,2961-6678-0690
2026-09-25T10:00:00Z,strategy,14,2343-2890-8194
2026-09-25T10:00:00Z,strategy,15,1193-9393-2703
2026-09-25T10:00:00Z,strategy,16,9628-7746-8609
2026-09-25T10:00:00Z,strategy,17,6262-5743-9849
2026-09-25T10:00:00Z,strategy,18,1996-3369-0924
2026-09-25T10:00:00Z,strategy,19,3449-2525-3800
2026-09-25T10:00:00Z,strategy,20,0457-9349-1892
2026-09-25T10:00:00Z,strategy,21,1864-3178-2374
2026-09-25T10:00:00Z,strategy,22,8761-1068-8756
2026-09-25T10:00:00Z,strategy,23,7540-0507-8614
2026-09-25T10:00:00Z,strategy,24,6414-8933-4975
2026-09-25T10:00:00Z,strategy,25,3545-3671-1669
2026-09-25T10:00:00Z,strategy,26,0376-5540-5501
2026-09-25T10:00:00Z,strategy,27,9502-5427-0647
2026-09-25T10:00:00Z,strategy,28,6290-9526-6183
2026-09-25T10:00:00Z,strategy,29,5519-4226-1471
2026-09-25T10:00:00Z,strategy,30,0137-0293-5082
2026-09-25T10:00:00Z,strategy,31,8443-6722-5921
2026-09-25T10:00:00Z,strategy,32,7564-5632-1658
2026-09-25T10:00:00Z,strategy,33,1007-7243-1341
2026-09-25T10:00:00Z,strategy,34,8682-5544-2364
2026-09-25T10:00:00Z,strategy,35,1349-9127-7193
2026-09-25T10:00:00Z,strategy,36,3544-3675-0767
2026-09-25T10:00:00Z,strategy,37,9278-7199-1625
2026-09-25T10:00:00Z,strategy,38,1790-6646-5095
2026-09-25T10:00:00Z,strategy,39,1403-9190-0065
2026-09-25T10:00:00Z,strategy,40,4164-3090-6037
2026-09-25T10:00:00Z,strategy,41,8167-6908-4201
2026-09-25T10:00:00Z,strategy,42,1567-9953-7924
2026-09-25T10:00:00Z,strategy,43,0678-0014-4695
2026-09-25T10:00:00Z,strategy,44,1840-9148-5961
2026-09-25T10:00:00Z,strategy,45,4936-4066-0948
2026-09-25T10:00:00Z,strategy,46,3839-5965-5316
2026-09-25T10:00:00Z,strategy,47,2788-3990-4998
2026-09-25T10:00:00Z,strategy,48,6782-9243-6816
2026-09-25T10:00:00Z,strategy,49,7965-9617-6749
2026-09-25T10:00:00Z,strategy,50,6332-3038-2760
2026-09-25T10:00:00Z,sports-racing,1,1652-7714-7390
2026-09-25T10:00:00Z,sports-racing,2,8430-6522-1585
2026-09-25T10:00:00Z,sports-racing,3,8475-0556-2572
2026-09-25T10:00:00Z,sports-racing,4,2678-5257-1845
2026-09-25T10:00:00Z,sports-racing,5,0105-1573-8859
2026-09-25T10:00:00Z,sports-racing,6,1840-5666-3032
2026-09-25T10:00:00Z,sports-racing,7,6242-1463-8607
2026-09-25T10:00:00Z,sports-racing,8,6295-5561-4675
2026-09-25T10:00:00Z,sports-racing,9,3705-2464-1791
2026-09-25T10:00:00Z,sports-racing,10,0128-8650-6625
2026-09-25T10:00:00Z,sports-racing,11,2328-4917-4726
2026-09-25T10:00:00Z,sports-racing,12,1939-6305-3282
2026-09-25T10:00:00Z,sports-racing,13,8144-9733-4847
2026-09-25T10:00:00Z,sports-racing,14,4780-5837-9361
2026-09-25T10:00:00Z,sports-racing,15,0149-9884-9995
2026-09-25T10:00:00Z,sports-racing,16,1657-5138-8925
2026-09-25T10:00:00Z,sports-racing,17,9885-4630-9385
2026-09-25T10:00:00Z,sports-racing,18,9465-4421-6613
2026-09-25T10:00:00Z,sports-racing,19,7550-7578-1580
2026-09-25T10:00:00Z,sports-racing,20,1982-8125-8136
2026-09-25T10:00:00Z,sports-racing,21,3791-0891-9328
2026-09-25T10:00:00Z,sports-racing,22,1206-0964-9905
2026-09-25T10:00:00Z,sports-racing,23,3425-3555-6235
2026-09-25T10:00:00Z,sports-racing,24,5447-8602-7966
2026-09-25T10:00:00Z,sports-racing,25,0872-9511-9825
2026-09-25T10:00:00Z,sports-racing,26,1057-0240-8438
2026-09-25T10:00:00Z,sports-racing,27,6565-2750-9419
2026-09-25T10:00:00Z,sports-racing,28,8487-6027-7031
2026-09-25T10:00:00Z,sports-racing,29,8665-1473-0638
2026-09-25T10:00:00Z,sports-racing,30,8436-9283-4649
2026-09-25T10:00:00Z,sports-racing,31,5195-8348-6059
2026-09-25T10:00:00Z,sports-racing,32,1114-3520-5951
2026-09-25T10:00:00Z,sports-racing,33,9986-9734-4157
2026-09-25T10:00:00Z,sports-racing,34,3202-1282-2824
2026-09-25T10:00:00Z,sports-racing,35,2210-6006-4614
2026-09-25T10:00:00Z,sports-racing,36,0791-0978-9230
2026-09-25T10:00:00Z,sports-racing,37,4592-3412-9806
2026-09-25T10:00:00Z,sports-racing,38,9403-3200-0933
2026-09-25T10:00:00Z,sports-racing,39,8648-0924-3171
2026-09-25T10:00:00Z,sports-racing,40,1987-4481-0780
2026-09-25T10:00:00Z,sports-racing,41,2254-7723-5109
2026-09-25T10:00:00Z,sports-racing,42,0321-8998-8494
2026-09-25T10:00:00Z,sports-racing,43,5817-8228-4768
2026-09-25T10:00:00Z,sports-racing,44,9334-1436-2796
2026-09-25T10:00:00Z,sports-racing,45,6024-0201-5590
2026-09-25T10:00:00Z,sports-racing,46,1640-0097-7728
2026-09-25T10:00:00Z,sports-racing,47,0792-5676-7900
2026-09-25T10:00:00Z,sports-racing,48,9546-8972-8715
2026-09-25T10:00:00Z,sports-racing,49,2834-9322-3016
2026-09-25T10:00:00Z,sports-racing,50,0153-2053-1968
2026-09-25T10:00:00Z,simulation-tycoon,1,7875-7934-3852
2026-09-25T10:00:00Z,simulation-tycoon,2,0017-2877-1308
2026-09-25T10:00:00Z,simulation-tycoon,3,3225-0366-8885
2026-09-25T10:00:00Z,simulation-tycoon,4,7865-8305-9184
2026-09-25T10:00:00Z,simulation-tycoon,5,5372-7436-3186
2026-09-25T10:00:00Z,simulation-tycoon,6,8810-6988-0934
2026-09-25T10:00:00Z,simulation-tycoon,7,1931-6763-0020
2026-09-25T10:00:00Z,simulation-tycoon,8,4177-0661-0836
2026-09-25T10:00:00Z,simulation-tycoon,9,2311-7649-8274
2026-09-25T10:00:00Z,simulation-tycoon,10,8841-2492-6825
2026-09-25T10:00:00Z,simulation-tycoon,11,9015-6485-3175
2026-09-25T10:00:00Z,simulation-tycoon,12,7113-0641-3989
2026-09-25T10:00:00Z,simulation-tycoon,13,8222-6718-5415
2026-09-25T10:00:00Z,simulation-tycoon,14,3682-2144-3262
2026-09-25T10:00:00Z,simulation-tycoon,15,1499-6977-1308
2026-09-25T10:00:00Z,simulation-tycoon,16,1786-9954-3391
2026-09-25T10:00:00Z,simulation-tycoon,17,7672-1003-7237
2026-09-25T10:00:00Z,simulation-tycoon,18,5580-1238-2267
2026-09-25T10:00:00Z,simulation-tycoon,19,0722-1566-1361
2026-09-25T10:00:00Z,simulation-tycoon,20,6586-8735-3733
2026-09-25T10:00:00Z,simulation-tycoon,21,7551-1016-0176
2026-09-25T10:00:00Z,simulation-tycoon,22,2007-4387-0287
2026-09-25T10:00:00Z,simulation-tycoon,23,6466-1906-0131
2026-09-25T10:00:00Z,simulation-tycoon,24,8014-3138-7722
2026-09-25T10:00:00Z,simulation-tycoon,25,1019-5361-6272
2026-09-25T10:00:00Z,simulation-tycoon,26,4032-4883-0195
2026-09-25T10:00:00Z,simulation-tycoon,27,5593-9896-0397
2026-09-25T10:00:00Z,simulation-tycoon,28,1536-9614-0921
2026-09-25T10:00:00Z,simulation-tycoon,29,8039-8238-9814
2026-09-25T10:00:00Z,simulation-tycoon,30,0893-6915-4759
2026-09-25T10:00:00Z,simulation-tycoon,31,6335-3986-5947
2026-09-25T10:00:00Z,simulation-tycoon,32,9621-3035-2804
2026-09-25T10:00:00Z,simulation-tycoon,33,0501-4531-8406
2026-09-25T10:00:00Z,simulation-tycoon,34,5819-6973-9807
2026-09-25T10:00:00Z,simulation-tycoon,35,6026-2375-3494
2026-09-25T10:00:00Z,simulation-tycoon,36,6982-1889-5260
2026-09-25T10:00:00Z,simulation-tycoon,37,7134-6663-8455
2026-09-25T10:00:00Z,simulation-tycoon,38,5488-9032-1549
2026-09-25T10:00:00Z,simulation-tycoon,39,6594-6148-8173
2026-09-25T10:00:00Z,simulation-tycoon,40,9685-0017-2996
2026-09-25T10:00:00Z,simulation-tycoon,41,0190-8948-3391
2026-09-25T10:00:00Z,simulation-tycoon,42,3417-3153-6183
2026-09-25T10:00:00Z,simulation-tycoon,43,8551-2531-3992
2026-09-25T10:00:00Z,simulation-tycoon,44,0540-6306-4733
2026-09-25T10:00:00Z,simulation-tycoon,45,1965-6460-9929
2026-09-25T10:00:00Z,simulation-tycoon,46,3497-3230-5192
2026-09-25T10:00:00Z,simulation-tycoon,47,4397-8620-1913
2026-09-25T10:00:00Z,simulation-tycoon,48,8399-8303-7944
2026-09-25T10:00:00Z,simulation-tycoon,49,9555-3487-6309
2026-09-25T10:00:00Z,simulation-tycoon,50,0743-7333-2847
2026-09-25T10:00:00Z,shooter,1,7430-4818-4188
2026-09-25T10:00:00Z,shooter,2,7441-9489-4182
2026-09-25T10:00:00Z,shooter,3,1808-2396-7847
2026-09-25T10:00:00Z,shooter,4,6155-1398-4059
2026-09-25T10:00:00Z,shooter,5,0148-0322-5437
2026-09-25T10:00:00Z,shooter,6,8765-4125-9209
2026-09-25T10:00:00Z,shooter,7,8234-1352-6956
2026-09-25T10:00:00Z,shooter,8,4590-4493-7113
2026-09-25T10:00:00Z,shooter,9,2898-7886-8847
2026-09-25T10:00:00Z,shooter,10,2786-2114-8349
2026-09-25T10:00:00Z,shooter,11,3181-8882-6695
2026-09-25T10:00:00Z,shooter,12,6366-6217-9042
2026-09-25T10:00:00Z,shooter,13,8003-2362-4527
2026-09-25T10:00:00Z,shooter,14,2995-4004-9094
2026-09-25T10:00:00Z,shooter,15,0238-0031-3130
2026-09-25T10:00:00Z,shooter,16,8730-0519-0933
2026-09-25T10:00:00Z,shooter,17,0695-6139-0659
2026-09-25T10:00:00Z,shooter,18,6266-2088-0745
2026-09-25T10:00:00Z,shooter,19,9751-8364-1350
2026-09-25T10:00:00Z,shooter,20,3837-9636-9505
2026-09-25T10:00:00Z,shooter,21,1689-2986-4337
2026-09-25T10:00:00Z,shooter,22,6632-5555-1738
2026-09-25T10:00:00Z,shooter,23,4295-4155-3058
2026-09-25T10:00:00Z,shooter,24,6242-8952-3865
2026-09-25T10:00:00Z,shooter,25,2744-5526-2967
2026-09-25T10:00:00Z,shooter,26,3318-7788-6092
2026-09-25T10:00:00Z,shooter,27,2424-4344-7824
2026-09-25T10:00:00Z,shooter,28,9635-6302-5309
2026-09-25T10:00:00Z,shooter,29,3424-1388-0947
2026-09-25T10:00:00Z,shooter,30,1128-5504-3888
2026-09-25T10:00:00Z,shooter,31,9520-0654-8075
2026-09-25T10:00:00Z,shooter,32,1469-4297-5714
2026-09-25T10:00:00Z,shooter,33,4432-4107-7174
2026-09-25T10:00:00Z,shooter,34,3533-5211-7130
2026-09-25T10:00:00Z,shooter,35,9061-5458-7889
2026-09-25T10:00:00Z,shooter,36,3837-5258-6307
2026-09-25T10:00:00Z,shooter,37,5112-1759-8096
2026-09-25T10:00:00Z,shooter,38,8068-9359-0183
2026-09-25T10:00:00Z,shooter,39,9298-6844-1902
2026-09-25T10:00:00Z,shooter,40,5485-7712-1328
2026-09-25T10:00:00Z,shooter,41,3459-9952-0053
2026-09-25T10:00:00Z,shooter,42,5375-4156-5308
2026-09-25T10:00:00Z,shooter,43,3859-7870-2185
2026-09-25T10:00:00Z,shooter,44,8165-6883-7307
2026-09-25T10:00:00Z,shooter,45,7149-8291-0915
2026-09-25T10:00:00Z,shooter,46,0132-3640-7214
2026-09-25T10:00:00Z,shooter,47,8402-3642-6726
2026-09-25T10:00:00Z,shooter,48,1602-6355-3892
2026-09-25T10:00:00Z,shooter,49,7402-5602-2916
2026-09-25T10:00:00Z,shooter,50,5041-4362-7950
2026-09-25T10:00:00Z,roleplaying-social,1,0324-6525-3171
2026-09-25T10:00:00Z,roleplaying-social,2,6032-4340-0635
2026-09-25T10:00:00Z,roleplaying-social,3,9960-1973-3840
2026-09-25T10:00:00Z,roleplaying-social,4,9909-6421-7669
2026-09-25T10:00:00Z,roleplaying-social,5,6462-6469-4435
2026-09-25T10:00:00Z,roleplaying-social,6,6163-6465-2983
2026-09-25T10:00:00Z,roleplaying-social,7,7112-8777-0902
2026-09-25T10:00:00Z,roleplaying-social,8,7314-4269-5911
2026-09-25T10:00:00Z,roleplaying-social,9,9862-4661-6699
2026-09-25T10:00:00Z,roleplaying-social,10,5791-2777-2631
2026-09-25T10:00:00Z,roleplaying-social,11,3576-3976-5738
2026-09-25T10:00:00Z,roleplaying-social,12,2115-3585-8349
2026-09-25T10:00:00Z,roleplaying-social,13,1345-5145-1363
2026-09-25T10:00:00Z,roleplaying-social,14,2548-5349-4659
2026-09-25T10:00:00Z,roleplaying-social,15,8352-7392-6528
2026-09-25T10:00:00Z,roleplaying-social,16,4543-2770-5879
2026-09-25T10:00:00Z,roleplaying-social,17,8673-3549-8114
2026-09-25T10:00:00Z,roleplaying-social,18,4827-2650-6779
2026-09-25T10:00:00Z,roleplaying-social,19,1186-5766-0282
2026-09-25T10:00:00Z,roleplaying-social,20,6017-3375-2273
2026-09-25T10:00:00Z,roleplaying-social,21,5130-4694-1030
2026-09-25T10:00:00Z,roleplaying-social,22,7127-0120-4449
2026-09-25T10:00:00Z,roleplaying-social,23,8079-1410-9627
2026-09-25T10:00:00Z,roleplaying-social,24,4378-3721-0517
2026-09-25T10:00:00Z,roleplaying-social,25,4420-9325-8814
2026-09-25T10:00:00Z,roleplaying-social,26,8238-3374-0527
2026-09-25T10:00:00Z,roleplaying-social,27,5049-6507-5084
2026-09-25T10:00:00Z,roleplaying-social,28,1023-3077-5427
2026-09-25T10:00:00Z,roleplaying-social,29,2586-8404-0869
2026-09-25T10:00:00Z,roleplaying-social,30,9215-3374-2716
2026-09-25T10:00:00Z,roleplaying-social,31,3369-4671-4228
2026-09-25T10:00:00Z,roleplaying-social,32,8440-2203-4683
2026-09-25T10:00:00Z,roleplaying-social,33,0555-8302-4764
2026-09-25T10:00:00Z,roleplaying-social,34,6681-4393-8409
2026-09-25T10:00:00Z,roleplaying-social,35,3991-1046-3772
2026-09-25T10:00:00Z,roleplaying-social,36,7044-5372-4741
2026-09-25T10:00:00Z,roleplaying-social,37,0586-0173-4811
2026-09-25T10:00:00Z,roleplaying-social,38,4773-6741-9721
2026-09-25T10:00:00Z,roleplaying-social,39,8299-6662-9330
2026-09-25T10:00:00Z,roleplaying-social,40,9551-3543-8752
2026-09-25T10:00:00Z,roleplaying-social,41,1008-1364-5412
2026-09-25T10:00:00Z,roleplaying-social,42,6771-1880-7737
2026-09-25T10:00:00Z,roleplaying-social,43,9139-3598-0890
2026-09-25T10:00:00Z,roleplaying-social,44,0455-4819-3993
2026-09-25T10:00:00Z,roleplaying-social,45,8782-5337-4326
2026-09-25T10:00:00Z,roleplaying-social,46,1556-7694-7407
2026-09-25T10:00:00Z,roleplaying-social,47,4990-6359-3374
2026-09-25T10:00:00Z,roleplaying-social,48,2327-7349-9384
2026-09-25T10:00:00Z,roleplaying-social,49,6672-6548-6091
2026-09-25T10:00:00Z,roleplaying-social,50,7113-0176-5879
2026-09-25T10:00:00Z,roguelike,1,5371-4743-1449
2026-09-25T10:00:00Z,roguelike,2,5786-6009-0800
2026-09-25T10:00:00Z,roguelike,3,7908-5661-9723
2026-09-25T10:00:00Z,roguelike,4,1316-2698-6957
2026-09-25T10:00:00Z,roguelike,5,0450-2818-4646
2026-09-25T10:00:00Z,roguelike,6,0243-3963-9174
2026-09-25T10:00:00Z,roguelike,7,3815-6126-3210
2026-09-25T10:00:00Z,roguelike,8,7300-0705-2924
2026-09-25T10:00:00Z,roguelike,9,5410-9748-9230
2026-09-25T10:00:00Z,roguelike,10,0953-8380-0428
2026-09-25T10:00:00Z,roguelike,11,0139-8551-5744
2026-09-25T10:00:00Z,roguelike,12,7660-6642-4841
2026-09-25T10:00:00Z,roguelike,13,9638-2905-2989
2026-09-25T10:00:00Z,roguelike,14,6177-7138-0133
2026-09-25T10:00:00Z,roguelike,15,1311-3035-1480
2026-09-25T10:00:00Z,roguelike,16,5496-4456-1570
2026-09-25T10:00:00Z,roguelike,17,1257-8964-6713
2026-09-25T10:00:00Z,roguelike,18,8105-9005-4478
2026-09-25T10:00:00Z,roguelike,19,9276-7287-3867
2026-09-25T10:00:00Z,roguelike,20,0402-8300-3128
2026-09-25T10:00:00Z,roguelike,21,2202-8403-6747
2026-09-25T10:00:00Z,roguelike,22,2005-9007-1508
2026-09-25T10:00:00Z,roguelike,23,0986-9962-2231
2026-09-25T10:00:00Z,roguelike,24,1775-4578-6904
2026-09-25T10:00:00Z,roguelike,25,9311-7979-3371
2026-09-25T10:00:00Z,roguelike,26,3305-9667-7847
2026-09-25T10:00:00Z,roguelike,27,5341-1937-4427
2026-09-25T10:00:00Z,roguelike,28,3033-2815-2914
2026-09-25T10:00:00Z,roguelike,29,5494-8930-2057
2026-09-25T10:00:00Z,roguelike,30,7627-8175-3618
2026-09-25T10:00:00Z,roguelike,31,4873-4878-1736
2026-09-25T10:00:00Z,roguelike,32,8640-1404-5362
2026-09-25T10:00:00Z,roguelike,33,1436-3938-3127
2026-09-25T10:00:00Z,roguelike,34,2214-7613-0030
2026-09-25T10:00:00Z,roguelike,35,3626-6521-4027
2026-09-25T10:00:00Z,roguelike,36,8089-0616-8914
2026-09-25T10:00:00Z,roguelike,37,9642-6354-0929
2026-09-25T10:00:00Z,roguelike,38,9932-6453-4059
2026-09-25T10:00:00Z,roguelike,39,2883-8391-6703
2026-09-25T10:00:00Z,roguelike,40,0969-0725-3493
2026-09-25T10:00:00Z,roguelike,41,6472-9315-0735
2026-09-25T10:00:00Z,roguelike,42,9158-0478-3052
2026-09-25T10:00:00Z,roguelike,43,8941-9913-9242
2026-09-25T10:00:00Z,roguelike,44,1667-6000-1077
2026-09-25T10:00:00Z,roguelike,45,8641-8991-1251
2026-09-25T10:00:00Z,roguelike,46,9179-6862-5831
2026-09-25T10:00:00Z,roguelike,47,6885-3768-5936
2026-09-25T10:00:00Z,roguelike,48,9661-5300-4601
2026-09-25T10:00:00Z,roguelike,49,8347-7641-0377
2026-09-25T10:00:00Z,roguelike,50,9414-5774-1595
2026-09-25T10:00:00Z,party-mini-games,1,7786-0958-2481
2026-09-25T10:00:00Z,party-mini-games,2,4540-2792-0054
2026-09-25T10:00:00Z,party-mini-games,3,3982-1819-4205
2026-09-25T10:00:00Z,party-mini-games,4,2713-8007-6156
2026-09-25T10:00:00Z,party-mini-games,5,8532-9413-6963
2026-09-25T10:00:00Z,party-mini-games,6,0673-9062-5656
2026-09-25T10:00:00Z,party-mini-games,7,1245-9511-3686
2026-09-25T10:00:00Z,party-mini-games,8,5731-3854-1429
2026-09-25T10:00:00Z,party-mini-games,9,9327-0023-8506
2026-09-25T10:00:00Z,party-mini-games,10,5534-5280-2727
2026-09-25T10:00:00Z,party-mini-games,11,9207-7848-7041
2026-09-25T10:00:00Z,party-mini-games,12,7011-3815-1384
2026-09-25T10:00:00Z,party-mini-games,13,2724-4064-5480
2026-09-25T10:00:00Z,party-mini-games,14,0860-0696-6226
2026-09-25T10:00:00Z,party-mini-games,15,0601-1980-6626
2026-09-25T10:00:00Z,party-mini-games,16,6916-2231-5639
2026-09-25T10:00:00Z,party-mini-games,17,3543-7859-1857
2026-09-25T10:00:00Z,party-mini-games,18,9886-0074-1759
2026-09-25T10:00:00Z,party-mini-games,19,7893-3223-8329
2026-09-25T10:00:00Z,party-mini-games,20,8879-1619-5419
2026-09-25T10:00:00Z,party-mini-games,21,8448-9780-4736
2026-09-25T10:00:00Z,party-mini-games,22,3417-0732-9948
2026-09-25T10:00:00Z,party-mini-games,23,1216-9665-5612
2026-09-25T10:00:00Z,party-mini-games,24,7473-0088-9373
2026-09-25T10:00:00Z,party-mini-games,25,5255-5400-1491
2026-09-25T10:00:00Z,party-mini-games,26,8712-8939-5935
2026-09-25T10:00:00Z,party-mini-games,27,7832-3964-5638
2026-09-25T10:00:00Z,party-mini-games,28,8851-5480-5161
2026-09-25T10:00:00Z,party-mini-games,29,0435-0111-2493
2026-09-25T10:00:00Z,party-mini-games,30,5692-9530-3954
2026-09-25T10:00:00Z,party-mini-games,31,4042-7237-7914
2026-09-25T10:00:00Z,party-mini-games,32,1443-4058-4106
2026-09-25T10:00:00Z,party-mini-games,33,5134-7238-5229
2026-09-25T10:00:00Z,party-mini-games,34,9568-9742-7529
2026-09-25T10:00:00Z,party-mini-games,35,1402-1820-0657
2026-09-25T10:00:00Z,party-mini-games,36,4393-5421-0855
2026-09-25T10:00:00Z,party-mini-games,37,5581-8600-6431
2026-09-25T10:00:00Z,party-mini-games,38,7664-6686-7406
2026-09-25T10:00:00Z,party-mini-games,39,1017-3683-6436
2026-09-25T10:00:00Z,party-mini-games,40,8875-2455-5971
2026-09-25T10:00:00Z,party-mini-games,41,3610-1927-7849
2026-09-25T10:00:00Z,party-mini-games,42,2784-9853-5887
2026-09-25T10:00:00Z,party-mini-games,43,3781-5620-3131
2026-09-25T10:00:00Z,party-mini-games,44,3277-0021-0184
2026-09-25T10:00:00Z,party-mini-games,45,4090-6935-8150
2026-09-25T10:00:00Z,party-mini-games,46,3329-0873-1582
2026-09-25T10:00:00Z,party-mini-games,47,2877-0520-3856
2026-09-25T10:00:00Z,party-mini-games,48,7325-6346-6659
2026-09-25T10:00:00Z,party-mini-games,49,8742-0736-8164
2026-09-25T10:00:00Z,party-mini-games,50,5991-1334-7948
2026-09-25T10:00:00Z,music-rhythm,1,9851-7455-1332
2026-09-25T10:00:00Z,music-rhythm,2,9234-0447-6099
2026-09-25T10:00:00Z,music-rhythm,3,8363-8237-0040
2026-09-25T10:00:00Z,music-rhythm,4,5494-2125-5108
2026-09-25T10:00:00Z,music-rhythm,5,4330-3478-9064
2026-09-25T10:00:00Z,music-rhythm,6,7385-6982-2296
2026-09-25T10:00:00Z,music-rhythm,7,2855-7768-7380
2026-09-25T10:00:00Z,music-rhythm,8,6253-2742-8438
2026-09-25T10:00:00Z,music-rhythm,9,2796-4203-2086
2026-09-25T10:00:00Z,music-rhythm,10,6322-2686-0790
2026-09-25T10:00:00Z,music-rhythm,11,1588-1140-6261
2026-09-25T10:00:00Z,music-rhythm,12,8047-6953-2839
2026-09-25T10:00:00Z,music-rhythm,13,9312-3254-6209
2026-09-25T10:00:00Z,music-rhythm,14,5261-2224-6992
2026-09-25T10:00:00Z,music-rhythm,15,0412-4007-2062
2026-09-25T10:00:00Z,music-rhythm,16,1101-5048-7690
2026-09-25T10:00:00Z,music-rhythm,17,1102-2771-9165
2026-09-25T10:00:00Z,music-rhythm,18,5542-5833-2901
2026-09-25T10:00:00Z,music-rhythm,19,6175-6100-8121
2026-09-25T10:00:00Z,music-rhythm,20,3093-0676-2570
2026-09-25T10:00:00Z,music-rhythm,21,2214-4070-0866
2026-09-25T10:00:00Z,music-rhythm,22,8743-3665-1978
2026-09-25T10:00:00Z,music-rhythm,23,8244-8226-3592
2026-09-25T10:00:00Z,music-rhythm,24,1316-4344-1374
2026-09-25T10:00:00Z,music-rhythm,25,4158-2086-8922
2026-09-25T10:00:00Z,music-rhythm,26,4020-2309-4390
2026-09-25T10:00:00Z,music-rhythm,27,6000-5068-3133
2026-09-25T10:00:00Z,music-rhythm,28,5240-2885-8027
2026-09-25T10:00:00Z,music-rhythm,29,4153-0784-8219
2026-09-25T10:00:00Z,music-rhythm,30,8465-6954-5659
2026-09-25T10:00:00Z,music-rhythm,31,7398-2123-7962
2026-09-25T10:00:00Z,music-rhythm,32,4692-9348-9737
2026-09-25T10:00:00Z,music-rhythm,33,9366-7818-9623
2026-09-25T10:00:00Z,music-rhythm,34,2122-3581-0836
2026-09-25T10:00:00Z,music-rhythm,35,4012-6126-4312
2026-09-25T10:00:00Z,music-rhythm,36,4041-9398-0080
2026-09-25T10:00:00Z,music-rhythm,37,2537-6200-1572
2026-09-25T10:00:00Z,music-rhythm,38,2139-1941-6204
2026-09-25T10:00:00Z,music-rhythm,39,3979-8693-2639
2026-09-25T10:00:00Z,music-rhythm,40,2702-3849-0110
2026-09-25T10:00:00Z,music-rhythm,41,6985-4689-4867
2026-09-25T10:00:00Z,music-rhythm,42,0960-0671-7810
2026-09-25T10:00:00Z,music-rhythm,43,7166-5731-7989
2026-09-25T10:00:00Z,music-rhythm,44,1227-4242-2251
2026-09-25T10:00:00Z,music-rhythm,45,2233-0758-3370
2026-09-25T10:00:00Z,music-rhythm,46,2702-9840-6580
2026-09-25T10:00:00Z,music-rhythm,47,4909-7635-0559
2026-09-25T10:00:00Z,music-rhythm,48,7154-2678-0590
2026-09-25T10:00:00Z,music-rhythm,49,1106-5751-6368
2026-09-25T10:00:00Z,music-rhythm,50,0167-0907-7204
2026-09-25T10:00:00Z,horror,1,5253-8468-3364
2026-09-25T10:00:00Z,horror,2,2522-4269-4932
2026-09-25T10:00:00Z,horror,3,8198-8669-9805
2026-09-25T10:00:00Z,horror,4,1314-9783-9214
2026-09-25T10:00:00Z,horror,5,6386-2237-2556
2026-09-25T10:00:00Z,horror,6,0257-0819-4941
2026-09-25T10:00:00Z,horror,7,8605-3450-1528
2026-09-25T10:00:00Z,horror,8,9919-3137-0527
2026-09-25T10:00:00Z,horror,9,7782-9349-5060
2026-09-25T10:00:00Z,horror,10,5382-8693-1539
2026-09-25T10:00:00Z,horror,11,0487-9801-6989
2026-09-25T10:00:00Z,horror,12,7693-2586-8371
2026-09-25T10:00:00Z,horror,13,0269-9911-2581
2026-09-25T10:00:00Z,horror,14,9217-3432-0162
2026-09-25T10:00:00Z,horror,15,8832-3199-6129
2026-09-25T10:00:00Z,horror,16,9321-4455-9371
2026-09-25T10:00:00Z,horror,17,3119-1652-2400
2026-09-25T10:00:00Z,horror,18,1864-8667-0230
2026-09-25T10:00:00Z,horror,19,6122-7960-7993
2026-09-25T10:00:00Z,horror,20,1764-2576-3256
2026-09-25T10:00:00Z,horror,21,1720-5066-5578
2026-09-25T10:00:00Z,horror,22,2742-7377-1715
2026-09-25T10:00:00Z,horror,23,5640-2782-5317
2026-09-25T10:00:00Z,horror,24,3927-1464-2662
2026-09-25T10:00:00Z,horror,25,0157-2279-6109
2026-09-25T10:00:00Z,horror,26,2237-7732-9798
2026-09-25T10:00:00Z,horror,27,6777-3983-5606
2026-09-25T10:00:00Z,horror,28,8257-3753-1968
2026-09-25T10:00:00Z,horror,29,1431-7115-9506
2026-09-25T10:00:00Z,horror,30,2350-8051-9251
2026-09-25T10:00:00Z,horror,31,0307-5506-1191
2026-09-25T10:00:00Z,horror,32,9238-2115-6656
2026-09-25T10:00:00Z,horror,33,1723-9035-5854
2026-09-25T10:00:00Z,horror,34,0001-2497-5768
2026-09-25T10:00:00Z,horror,35,9584-0626-1868
2026-09-25T10:00:00Z,horror,36,2633-7144-2490
2026-09-25T10:00:00Z,horror,37,9167-8402-4823
2026-09-25T10:00:00Z,horror,38,4062-2133-4209
2026-09-25T10:00:00Z,horror,39,9992-6976-2209
2026-09-25T10:00:00Z,horror,40,6114-9517-9070
2026-09-25T10:00:00Z,horror,41,5387-5951-8319
2026-09-25T10:00:00Z,horror,42,4925-6066-5921
2026-09-25T10:00:00Z,horror,43,0832-0720-1196
2026-09-25T10:00:00Z,horror,44,5124-2067-3713
2026-09-25T10:00:00Z,horror,45,2306-6422-7294
2026-09-25T10:00:00Z,horror,46,8374-9585-6310
2026-09-25T10:00:00Z,horror,47,5263-0053-7559
2026-09-25T10:00:00Z,horror,48,8442-5023-8116
2026-09-25T10:00:00Z,horror,49,3504-8638-4358
2026-09-25T10:00:00Z,horror,50,0854-3035-7702
2026-09-25T10:00:00Z,deathrun-platformer,1,9007-7666-4786
2026-09-25T10:00:00Z,deathrun-platformer,2,2940-8798-4080
2026-09-25T10:00:00Z,deathrun-platformer,3,6141-4809-9229
2026-09-25T10:00:00Z,deathrun-platformer,4,4366-9611-6988
2026-09-25T10:00:00Z,deathrun-platformer,5,6595-9027-4333
2026-09-25T10:00:00Z,deathrun-platformer,6,3516-3502-7404
2026-09-25T10:00:00Z,deathrun-platformer,7,5601-6658-1317
2026-09-25T10:00:00Z,deathrun-platformer,8,3090-4809-1591
2026-09-25T10:00:00Z,deathrun-platformer,9,4827-2323-5954
2026-09-25T10:00:00Z,deathrun-platformer,10,9156-5231-8691
2026-09-25T10:00:00Z,deathrun-platformer,11,7403-8636-4107
2026-09-25T10:00:00Z,deathrun-platformer,12,5497-6332-8508
2026-09-25T10:00:00Z,deathrun-platformer,13,4343-3421-7958
2026-09-25T10:00:00Z,deathrun-platformer,14,9943-6687-8491
2026-09-25T10:00:00Z,deathrun-platformer,15,9103-4908-5016
2026-09-25T10:00:00Z,deathrun-platformer,16,8610-8921-9835
2026-09-25T10:00:00Z,deathrun-platformer,17,6907-0729-6439
2026-09-25T10:00:00Z,deathrun-platformer,18,6353-3210-5766
2026-09-25T10:00:00Z,deathrun-platformer,19,2655-9467-6796
2026-09-25T10:00:00Z,deathrun-platformer,20,9244-4434-0472
2026-09-25T10:00:00Z,deathrun-platformer,21,0467-2642-8087
2026-09-25T10:00:00Z,deathrun-platformer,22,4150-0895-4589
2026-09-25T10:00:00Z,deathrun-platformer,23,7662-9243-4059
2026-09-25T10:00:00Z,deathrun-platformer,24,5939-6232-6091
2026-09-25T10:00:00Z,deathrun-platformer,25,2138-8249-3841
2026-09-25T10:00:00Z,deathrun-platformer,26,5469-6704-8471
2026-09-25T10:00:00Z,deathrun-platformer,27,7076-6111-1715
2026-09-25T10:00:00Z,deathrun-platformer,28,0436-6653-7192
2026-09-25T10:00:00Z,deathrun-platformer,29,5580-1607-2828
2026-09-25T10:00:00Z,deathrun-platformer,30,5707-5301-8219
2026-09-25T10:00:00Z,deathrun-platformer,31,9257-5818-2400
2026-09-25T10:00:00Z,deathrun-platformer,32,9895-8028-9581
2026-09-25T10:00:00Z,deathrun-platformer,33,0554-1640-9952
2026-09-25T10:00:00Z,deathrun-platformer,34,6431-5855-3798
2026-09-25T10:00:00Z,deathrun-platformer,35,8101-2752-7998
2026-09-25T10:00:00Z,deathrun-platformer,36,1437-1723-4860
2026-09-25T10:00:00Z,deathrun-platformer,37,5822-9054-9053
2026-09-25T10:00:00Z,deathrun-platformer,38,0215-1201-3820
2026-09-25T10:00:00Z,deathrun-platformer,39,8112-4293-6684
2026-09-25T10:00:00Z,deathrun-platformer,40,4684-7269-3063
2026-09-25T10:00:00Z,deathrun-platformer,41,8101-3554-2146
2026-09-25T10:00:00Z,deathrun-platformer,42,5350-2333-1738
2026-09-25T10:00:00Z,deathrun-platformer,43,9983-0397-2409
2026-09-25T10:00:00Z,deathrun-platformer,44,9597-4167-2516
2026-09-25T10:00:00Z,deathrun-platformer,45,7153-2695-5547
2026-09-25T10:00:00Z,deathrun-platformer,46,1314-0480-7130
2026-09-25T10:00:00Z,deathrun-platformer,47,6324-7516-2150
2026-09-25T10:00:00Z,deathrun-platformer,48,3815-6671-9283
2026-09-25T10:00:00Z,deathrun-platformer,49,4062-8004-2540
2026-09-25T10:00:00Z,deathrun-platformer,50,4172-4166-6834
2026-09-25T10:00:00Z,battle-royale,1,6133-4335-3668
2026-09-25T10:00:00Z,battle-royale,2,5075-1953-0397
2026-09-25T10:00:00Z,battle-royale,3,8887-1914-7284
2026-09-25T10:00:00Z,battle-royale,4,2515-6266-7600
2026-09-25T10:00:00Z,battle-royale,5,3305-1551-7747
2026-09-25T10:00:00Z,battle-royale,6,3729-0643-9775
2026-09-25T10:00:00Z,battle-royale,7,7835-3901-1999
2026-09-25T10:00:00Z,battle-royale,8,8064-7152-2934
2026-09-25T10:00:00Z,battle-royale,9,8298-6891-9930
2026-09-25T10:00:00Z,battle-royale,10,1832-0431-4852
2026-09-25T10:00:00Z,battle-royale,11,6570-5231-1418
2026-09-25T10:00:00Z,battle-royale,12,6562-8953-6567
2026-09-25T10:00:00Z,battle-royale,13,9854-1829-8735
2026-09-25T10:00:00Z,battle-royale,14,8189-6786-4181
2026-09-25T10:00:00Z,battle-royale,15,9860-3691-4813
2026-09-25T10:00:00Z,battle-royale,16,7675-8305-9560
2026-09-25T10:00:00Z,battle-royale,17,1541-6710-6518
2026-09-25T10:00:00Z,battle-royale,18,8157-3487-8338
2026-09-25T10:00:00Z,battle-royale,19,2547-0155-7815
2026-09-25T10:00:00Z,battle-royale,20,8089-7542-3407
2026-09-25T10:00:00Z,battle-royale,21,2630-4222-2839
2026-09-25T10:00:00Z,battle-royale,22,4660-4454-3176
2026-09-25T10:00:00Z,battle-royale,23,9980-5370-0317
2026-09-25T10:00:00Z,battle-royale,24,6593-0895-0067
2026-09-25T10:00:00Z,battle-royale,25,8301-9379-2032
2026-09-25T10:00:00Z,battle-royale,26,1477-5500-6228
2026-09-25T10:00:00Z,battle-royale,27,9332-9453-7208
2026-09-25T10:00:00Z,battle-royale,28,2565-2684-5169
2026-09-25T10:00:00Z,battle-royale,29,1998-6055-3199
2026-09-25T10:00:00Z,battle-royale,30,6940-8669-1904
2026-09-25T10:00:00Z,battle-royale,31,7523-1170-0999
2026-09-25T10:00:00Z,battle-royale,32,1707-4206-4316
2026-09-25T10:00:00Z,battle-royale,33,4859-7673-2109
2026-09-25T10:00:00Z,battle-royale,34,8332-5330-4197
2026-09-25T10:00:00Z,battle-royale,35,3537-4087-0888
2026-09-25T10:00:00Z,battle-royale,36,1862-3578-5339
2026-09-25T10:00:00Z,battle-royale,37,8740-5832-8150
2026-09-25T10:00:00Z,battle-royale,38,3462-0061-0008
2026-09-25T10:00:00Z,battle-royale,39,7793-4297-5018
2026-09-25T10:00:00Z,battle-royale,40,5295-5891-6929
2026-09-25T10:00:00Z,battle-royale,41,6127-8949-1207
2026-09-25T10:00:00Z,battle-royale,42,4263-0927-4869
2026-09-25T10:00:00Z,battle-royale,43,5890-0693-7425
2026-09-25T10:00:00Z,battle-royale,44,1822-2675-6994
2026-09-25T10:00:00Z,battle-royale,45,4826-0786-8094
2026-09-25T10:00:00Z,battle-royale,46,9228-8994-1362
2026-09-25T10:00:00Z,battle-royale,47,5584-6146-5996
2026-09-25T10:00:00Z,battle-royale,48,4059-2791-0712
2026-09-25T10:00:00Z,battle-royale,49,2312-1594-4814
2026-09-25T10:00:00Z,battle-royale,50,9751-4140-1451
2026-09-25T10:00:00Z,adventure-rpg,1,8402-7861-9119
2026-09-25T10:00:00Z,adventure-rpg,2,1324-1016-2565
2026-09-25T10:00:00Z,adventure-rpg,3,8014-3560-5859
2026-09-25T10:00:00Z,adventure-rpg,4,8396-9258-5687
2026-09-25T10:00:00Z,adventure-rpg,5,3469-7377-0976
2026-09-25T10:00:00Z,adventure-rpg,6,1314-6986-8879
2026-09-25T10:00:00Z,adventure-rpg,7,7008-8933-8450
2026-09-25T10:00:00Z,adventure-rpg,8,4225-6009-1837
2026-09-25T10:00:00Z,adventure-rpg,9,6187-4944-9063
2026-09-25T10:00:00Z,adventure-rpg,10,7376-9013-2270
2026-09-25T10:00:00Z,adventure-rpg,11,8101-6792-2860
2026-09-25T10:00:00Z,adventure-rpg,12,3146-7566-7548
2026-09-25T10:00:00Z,adventure-rpg,13,9257-2032-2582
2026-09-25T10:00:00Z,adventure-rpg,14,9135-6797-0922
2026-09-25T10:00:00Z,adventure-rpg,15,6722-7944-8904
2026-09-25T10:00:00Z,adventure-rpg,16,2313-4464-7728
2026-09-25T10:00:00Z,adventure-rpg,17,2525-9596-3235
2026-09-25T10:00:00Z,adventure-rpg,18,7071-9693-9251
2026-09-25T10:00:00Z,adventure-rpg,19,1254-9325-4547
2026-09-25T10:00:00Z,adventure-rpg,20,8256-7092-6083
2026-09-25T10:00:00Z,adventure-rpg,21,3760-6050-4737
2026-09-25T10:00:00Z,adventure-rpg,22,7154-1898-4800
2026-09-25T10:00:00Z,adventure-rpg,23,0699-4255-0327
2026-09-25T10:00:00Z,adventure-rpg,24,0535-7617-1108
2026-09-25T10:00:00Z,adventure-rpg,25,9289-6064-2659
2026-09-25T10:00:00Z,adventure-rpg,26,0564-0723-6518
2026-09-25T10:00:00Z,adventure-rpg,27,6134-7832-2505
2026-09-25T10:00:00Z,adventure-rpg,28,6919-3018-9708
2026-09-25T10:00:00Z,adventure-rpg,29,6253-5864-4856
2026-09-25T10:00:00Z,adventure-rpg,30,0600-6601-8509
2026-09-25T10:00:00Z,adventure-rpg,31,0434-0134-4035
2026-09-25T10:00:00Z,adventure-rpg,32,6786-0537-1526
2026-09-25T10:00:00Z,adventure-rpg,33,8797-1937-1390
2026-09-25T10:00:00Z,adventure-rpg,34,4482-9980-6518
2026-09-25T10:00:00Z,adventure-rpg,35,4918-9936-5095
2026-09-25T10:00:00Z,adventure-rpg,36,0553-6413-5190
2026-09-25T10:00:00Z,adventure-rpg,37,6395-0064-0327
2026-09-25T10:00:00Z,adventure-rpg,38,1862-1345-3293
2026-09-25T10:00:00Z,adventure-rpg,39,9171-5414-9725
2026-09-25T10:00:00Z,adventure-rpg,40,5440-4984-3473
2026-09-25T10:00:00Z,adventure-rpg,41,1653-1671-8190
2026-09-25T10:00:00Z,adventure-rpg,42,4586-5950-5525
2026-09-25T10:00:00Z,adventure-rpg,43,7451-7242-8696
2026-09-25T10:00:00Z,adventure-rpg,44,6421-7628-5073
2026-09-25T10:00:00Z,adventure-rpg,45,0495-3212-1659
2026-09-25T10:00:00Z,adventure-rpg,46,4172-7336-5964
2026-09-25T10:00:00Z,adventure-rpg,47,9983-3472-4349
2026-09-25T10:00:00Z,adventure-rpg,48,1239-0128-1211
2026-09-25T10:00:00Z,adventure-rpg,49,9410-9435-7605
2026-09-25T10:00:00Z,adventure-rpg,50,0754-0155-3220
2026-09-25T09:00:00Z,survival,1,3501-7237-8602
2026-09-25T09:00:00Z,survival,2,8344-0475-7589
2026-09-25T09:00:00Z,survival,3,2787-1164-2583
2026-09-25T09:00:00Z,survival,4,0433-7147-9507
2026-09-25T09:00:00Z,survival,5,7116-2671-7537
2026-09-25T09:00:00Z,survival,6,7541-3275-7180
2026-09-25T09:00:00Z,survival,7,9697-3257-3440
2026-09-25T09:00:00Z,survival,8,1596-1780-8043
2026-09-25T09:00:00Z,survival,9,2312-3096-3140
2026-09-25T09:00:00Z,survival,10,8079-0164-7528
2026-09-25T09:00:00Z,survival,11,2911-9500-1274
2026-09-25T09:00:00Z,survival,12,0342-9116-8723
2026-09-25T09:00:00Z,survival,13,8057-5274-9116
2026-09-25T09:00:00Z,survival,14,2891-2163-4404
2026-09-25T09:00:00Z,survival,15,4792-9643-5878
2026-09-25T09:00:00Z,survival,16,7433-9605-1878
2026-09-25T09:00:00Z,survival,17,9651-4466-9042
2026-09-25T09:00:00Z,survival,18,1631-0751-4517
2026-09-25T09:00:00Z,survival,19,4771-7215-5767
2026-09-25T09:00:00Z,survival,20,3729-8899-3878
2026-09-25T09:00:00Z,survival,21,8464-5780-9092
2026-09-25T09:00:00Z,survival,22,5177-3498-9905
2026-09-25T09:00:00Z,survival,23,5386-1902-3209
2026-09-25T09:00:00Z,survival,24,1796-9956-7050
2026-09-25T09:00:00Z,survival,25,1374-2241-1868
2026-09-25T09:00:00Z,survival,26,2887-3641-3853
2026-09-25T09:00:00Z,survival,27,1862-8843-9022
2026-09-25T09:00:00Z,survival,28,7067-8314-8282
2026-09-25T09:00:00Z,survival,29,7114-0727-8746
2026-09-25T09:00:00Z,survival,30,0242-1196-2261
2026-09-25T09:00:00Z,survival,31,7996-5597-0868
2026-09-25T09:00:00Z,survival,32,8110-1361-4327
2026-09-25T09:00:00Z,survival,33,4420-8150-0081
2026-09-25T09:00:00Z,survival,34,9563-8257-0848
2026-09-25T09:00:00Z,survival,35,3962-2471-5978
2026-09-25T09:00:00Z,survival,36,4422-3120-1826
2026-09-25T09:00:00Z,survival,37,7541-2314-8381
2026-09-25T09:00:00Z,survival,38,9584-6301-7470
2026-09-25T09:00:00Z,survival,39,1654-7479-6688
2026-09-25T09:00:00Z,survival,40,6643-0220-6840
2026-09-25T09:00:00Z,survival,41,8437-4689-3831
2026-09-25T09:00:00Z,survival,42,2668-5883-1928
2026-09-25T09:00:00Z,survival,43,0740-9649-8381
2026-09-25T09:00:00Z,survival,44,9236-4114-4864
2026-09-25T09:00:00Z,survival,45,6988-7736-2818
2026-09-25T09:00:00Z,survival,46,4088-9602-7302
2026-09-25T09:00:00Z,survival,47,4044-4229-5848
2026-09-25T09:00:00Z,survival,48,0929-9347-5439
2026-09-25T09:00:00Z,survival,49,3092-1733-8452
2026-09-25T09:00:00Z,survival,50,3181-7792-9942
2026-09-25T09:00:00Z,strategy,1,7048-8422-2298
2026-09-25T09:00:00Z,strategy,2,3916-5715-6958
2026-09-25T09:00:00Z,strategy,3,1734-8951-4401
2026-09-25T09:00:00Z,strategy,4,2276-7799-6979
2026-09-25T09:00:00Z,strategy,5,0630-7533-2925
2026-09-25T09:00:00Z,strategy,6,1228-4163-2585
2026-09-25T09:00:00Z,strategy,7,9787-3863-4932
2026-09-25T09:00:00Z,strategy,8,1188-8174-4193
2026-09-25T09:00:00Z,strategy,9,8920-0084-1283
2026-09-25T09:00:00Z,strategy,10,9783-9810-3294
2026-09-25T09:00:00Z,strategy,11,2342-8150-0779
2026-09-25T09:00:00Z,strategy,12,7412-3162-8807
2026-09-25T09:00:00Z,strategy,13,2961-6678-0690
2026-09-25T09:00:00Z,strategy,14,2343-2890-8194
2026-09-25T09:00:00Z,strategy,15,9628-7746-8609
2026-09-25T09:00:00Z,strategy,16,1193-9393-2703
2026-09-25T09:00:00Z,strategy,17,6262-5743-9849
2026-09-25T09:00:00Z,strategy,18,1996-3369-0924
2026-09-25T09:00:00Z,strategy,19,3449-2525-3800
2026-09-25T09:00:00Z,strategy,20,0457-9349-1892
2026-09-25T09:00:00Z,strategy,21,1864-3178-2374
2026-09-25T09:00:00Z,strategy,22,8761-1068-8756
2026-09-25T09:00:00Z,strategy,23,7540-0507-8614
2026-09-25T09:00:00Z,strategy,24,0376-5540-5501
2026-09-25T09:00:00Z,strategy,25,3545-3671-1669
2026-09-25T09:00:00Z,strategy,26,6414-8933-4975
2026-09-25T09:00:00Z,strategy,27,6290-9526-6183
2026-09-25T09:00:00Z,strategy,28,9502-5427-0647
2026-09-25T09:00:00Z,strategy,29,0137-0293-5082
2026-09-25T09:00:00Z,strategy,30,5519-4226-1471
2026-09-25T09:00:00Z,strategy,31,8443-6722-5921
2026-09-25T09:00:00Z,strategy,32,7564-5632-1658
2026-09-25T09:00:00Z,strategy,33,1007-7243-1341
2026-09-25T09:00:00Z,strategy,34,8682-5544-2364
2026-09-25T09:00:00Z,strategy,35,1349-9127-7193
2026-09-25T09:00:00Z,strategy,36,3544-3675-0767
2026-09-25T09:00:00Z,strategy,37,9278-7199-1625
2026-09-25T09:00:00Z,strategy,38,1790-6646-5095
2026-09-25T09:00:00Z,strategy,39,1403-9190-0065
2026-09-25T09:00:00Z,strategy,40,4164-3090-6037
2026-09-25T09:00:00Z,strategy,41,8167-6908-4201
2026-09-25T09:00:00Z,strategy,42,1567-9953-7924
2026-09-25T09:00:00Z,strategy,43,0678-0014-4695
2026-09-25T09:00:00Z,strategy,44,1840-9148-5961
2026-09-25T09:00:00Z,strategy,45,4936-4066-0948
2026-09-25T09:00:00Z,strategy,46,3839-5965-5316
2026-09-25T09:00:00Z,strategy,47,2788-3990-4998
2026-09-25T09:00:00Z,strategy,48,6782-9243-6816
2026-09-25T09:00:00Z,strategy,49,7965-9617-6749
2026-09-25T09:00:00Z,strategy,50,6332-3038-2760
2026-09-25T09:00:00Z,sports-racing,1,1652-7714-7390
2026-09-25T09:00:00Z,sports-racing,2,8430-6522-1585
2026-09-25T09:00:00Z,sports-racing,3,8475-0556-2572
2026-09-25T09:00:00Z,sports-racing,4,2678-5257-1845
2026-09-25T09:00:00Z,sports-racing,5,0105-1573-8859
2026-09-25T09:00:00Z,sports-racing,6,1840-5666-3032
2026-09-25T09:00:00Z,sports-racing,7,6242-1463-8607
2026-09-25T09:00:00Z,sports-racing,8,6295-5561-4675
2026-09-25T09:00:00Z,sports-racing,9,3705-2464-1791
2026-09-25T09:00:00Z,sports-racing,10,0128-8650-6625
2026-09-25T09:00:00Z,sports-racing,11,1939-6305-3282
2026-09-25T09:00:00Z,sports-racing,12,2328-4917-4726
2026-09-25T09:00:00Z,sports-racing,13,8144-9733-4847
2026-09-25T09:00:00Z,sports-racing,14,4780-5837-9361
2026-09-25T09:00:00Z,sports-racing,15,0149-9884-9995
2026-09-25T09:00:00Z,sports-racing,16,9885-4630-9385
2026-09-25T09:00:00Z,sports-racing,17,1657-5138-8925
2026-09-25T09:00:00Z,sports-racing,18,9465-4421-6613
2026-09-25T09:00:00Z,sports-racing,19,7550-7578-1580
2026-09-25T09:00:00Z,sports-racing,20,1982-8125-8136
2026-09-25T09:00:00Z,sports-racing,21,3791-0891-9328
2026-09-25T09:00:00Z,sports-racing,22,1206-0964-9905
2026-09-25T09:00:00Z,sports-racing,23,3425-3555-6235
2026-09-25T09:00:00Z,sports-racing,24,5447-8602-7966
2026-09-25T09:00:00Z,sports-racing,25,0872-9511-9825
2026-09-25T09:00:00Z,sports-racing,26,1057-0240-8438
2026-09-25T09:00:00Z,sports-racing,27,6565-2750-9419
2026-09-25T09:00:00Z,sports-racing,28,8487-6027-7031
2026-09-25T09:00:00Z,sports-racing,29,8665-1473-0638
2026-09-25T09:00:00Z,sports-racing,30,8436-9283-4649
2026-09-25T09:00:00Z,sports-racing,31,5195-8348-6059
2026-09-25T09:00:00Z,sports-racing,32,1114-3520-5951
2026-09-25T09:00:00Z,sports-racing,33,9986-9734-4157
2026-09-25T09:00:00Z,sports-racing,34,3202-1282-2824
2026-09-25T09:00:00Z,sports-racing,35,2210-6006-4614
2026-09-25T09:00:00Z,sports-racing,36,0791-0978-9230
2026-09-25T09:00:00Z,sports-racing,37,4592-3412-9806
2026-09-25T09:00:00Z,sports-racing,38,9403-3200-0933
2026-09-25T09:00:00Z,sports-racing,39,8648-0924-3171
2026-09-25T09:00:00Z,sports-racing,40,2254-7723-5109
2026-09-25T09:00:00Z,sports-racing,41,1987-4481-0780
2026-09-25T09:00:00Z,sports-racing,42,0321-8998-8494
2026-09-25T09:00:00Z,sports-racing,43,5817-8228-4768
2026-09-25T09:00:00Z,sports-racing,44,9334-1436-2796
2026-09-25T09:00:00Z,sports-racing,45,6024-0201-5590
2026-09-25T09:00:00Z,sports-racing,46,1640-0097-7728
2026-09-25T09:00:00Z,sports-racing,47,0792-5676-7900
2026-09-25T09:00:00Z,sports-racing,48,9546-8972-8715
2026-09-25T09:00:00Z,sports-racing,49,2834-9322-3016
2026-09-25T09:00:00Z,sports-racing,50,0153-2053-1968
2026-09-25T09:00:00Z,simulation-tycoon,1,7875-7934-3852
2026-09-25T09:00:00Z,simulation-tycoon,2,0017-2877-1308
2026-09-25T09:00:00Z,simulation-tycoon,3,3225-0366-8885
2026-09-25T09:00:00Z,simulation-tycoon,4,7865-8305-9184
2026-09-25T09:00:00Z,simulation-tycoon,5,5372-7436-3186
2026-09-25T09:00:00Z,simulation-tycoon,6,8810-6988-0934
2026-09-25T09:00:00Z,simulation-tycoon,7,1931-6763-0020
2026-09-25T09:00:00Z,simulation-tycoon,8,4177-0661-0836
2026-09-25T09:00:00Z,simulation-tycoon,9,2311-7649-8274
2026-09-25T09:00:00Z,simulation-tycoon,10,8841-2492-6825
2026-09-25T09:00:00Z,simulation-tycoon,11,9015-6485-3175
2026-09-25T09:00:00Z,simulation-tycoon,12,7113-0641-3989
2026-09-25T09:00:00Z,simulation-tycoon,13,8222-6718-5415
2026-09-25T09:00:00Z,simulation-tycoon,14,1499-6977-1308
2026-09-25T09:00:00Z,simulation-tycoon,15,1019-5361-6272
2026-09-25T09:00:00Z,simulation-tycoon,16,0722-1566-1361
2026-09-25T09:00:00Z,simulation-tycoon,17,0579-1278-6667
2026-09-25T09:00:00Z,simulation-tycoon,18,8039-8238-9814
2026-09-25T09:00:00Z,simulation-tycoon,19,6466-1906-0131
2026-09-25T09:00:00Z,simulation-tycoon,20,8014-3138-7722
2026-09-25T09:00:00Z,simulation-tycoon,21,2007-4387-0287
2026-09-25T09:00:00Z,simulation-tycoon,22,7551-1016-0176
2026-09-25T09:00:00Z,simulation-tycoon,23,6586-8735-3733
2026-09-25T09:00:00Z,simulation-tycoon,24,5580-1238-2267
2026-09-25T09:00:00Z,simulation-tycoon,25,7672-1003-7237
2026-09-25T09:00:00Z,simulation-tycoon,26,0893-6915-4759
2026-09-25T09:00:00Z,simulation-tycoon,27,1786-9954-3391
2026-09-25T09:00:00Z,simulation-tycoon,28,3682-2144-3262
2026-09-25T09:00:00Z,simulation-tycoon,29,5593-9896-0397
2026-09-25T09:00:00Z,simulation-tycoon,30,4032-4883-0195
2026-09-25T09:00:00Z,simulation-tycoon,31,6335-3986-5947
2026-09-25T09:00:00Z,simulation-tycoon,32,6026-2375-3494
2026-09-25T09:00:00Z,simulation-tycoon,33,9621-3035-2804
2026-09-25T09:00:00Z,simulation-tycoon,34,7134-6663-8455
2026-09-25T09:00:00Z,simulation-tycoon,35,0501-4531-8406
2026-09-25T09:00:00Z,simulation-tycoon,36,5819-6973-9807
2026-09-25T09:00:00Z,simulation-tycoon,37,6982-1889-5260
2026-09-25T09:00:00Z,simulation-tycoon,38,5488-9032-1549
2026-09-25T09:00:00Z,simulation-tycoon,39,6594-6148-8173
2026-09-25T09:00:00Z,simulation-tycoon,40,9685-0017-2996
2026-09-25T09:00:00Z,simulation-tycoon,41,0190-8948-3391
2026-09-25T09:00:00Z,simulation-tycoon,42,3417-3153-6183
2026-09-25T09:00:00Z,simulation-tycoon,43,8551-2531-3992
2026-09-25T09:00:00Z,simulation-tycoon,44,0540-6306-4733
2026-09-25T09:00:00Z,simulation-tycoon,45,1965-6460-9929
2026-09-25T09:00:00Z,simulation-tycoon,46,3497-3230-5192
2026-09-25T09:00:00Z,simulation-tycoon,47,4397-8620-1913
2026-09-25T09:00:00Z,simulation-tycoon,48,8399-8303-7944
2026-09-25T09:00:00Z,simulation-tycoon,49,9555-3487-6309
2026-09-25T09:00:00Z,simulation-tycoon,50,0743-7333-2847
2026-09-25T09:00:00Z,shooter,1,7430-4818-4188
2026-09-25T09:00:00Z,shooter,2,7441-9489-4182
2026-09-25T09:00:00Z,shooter,3,1808-2396-7847
2026-09-25T09:00:00Z,shooter,4,6155-1398-4059
2026-09-25T09:00:00Z,shooter,5,0148-0322-5437
2026-09-25T09:00:00Z,shooter,6,8765-4125-9209
2026-09-25T09:00:00Z,shooter,7,8234-1352-6956
2026-09-25T09:00:00Z,shooter,8,4590-4493-7113
2026-09-25T09:00:00Z,shooter,9,2898-7886-8847
2026-09-25T09:00:00Z,shooter,10,2786-2114-8349
2026-09-25T09:00:00Z,shooter,11,3181-8882-6695
2026-09-25T09:00:00Z,shooter,12,6366-6217-9042
2026-09-25T09:00:00Z,shooter,13,8003-2362-4527
2026-09-25T09:00:00Z,shooter,14,2995-4004-9094
2026-09-25T09:00:00Z,shooter,15,0238-0031-3130
2026-09-25T09:00:00Z,shooter,16,6266-2088-0745
2026-09-25T09:00:00Z,shooter,17,9751-8364-1350
2026-09-25T09:00:00Z,shooter,18,0695-6139-0659
2026-09-25T09:00:00Z,shooter,19,8730-0519-0933
2026-09-25T09:00:00Z,shooter,20,3837-9636-9505
2026-09-25T09:00:00Z,shooter,21,6242-8952-3865
2026-09-25T09:00:00Z,shooter,22,3318-7788-6092
2026-09-25T09:00:00Z,shooter,23,2424-4344-7824
2026-09-25T09:00:00Z,shooter,24,3424-1388-0947
2026-09-25T09:00:00Z,shooter,25,3837-5258-6307
2026-09-25T09:00:00Z,shooter,26,9061-5458-7889
2026-09-25T09:00:00Z,shooter,27,4432-4107-7174
2026-09-25T09:00:00Z,shooter,28,1469-4297-5714
2026-09-25T09:00:00Z,shooter,29,9520-0654-8075
2026-09-25T09:00:00Z,shooter,30,4295-4155-3058
2026-09-25T09:00:00Z,shooter,31,1689-2986-4337
2026-09-25T09:00:00Z,shooter,32,6632-5555-1738
2026-09-25T09:00:00Z,shooter,33,2744-5526-2967
2026-09-25T09:00:00Z,shooter,34,9635-6302-5309
2026-09-25T09:00:00Z,shooter,35,1128-5504-3888
2026-09-25T09:00:00Z,shooter,36,3533-5211-7130
2026-09-25T09:00:00Z,shooter,37,5112-1759-8096
2026-09-25T09:00:00Z,shooter,38,8068-9359-0183
2026-09-25T09:00:00Z,shooter,39,5375-4156-5308
2026-09-25T09:00:00Z,shooter,40,9298-6844-1902
2026-09-25T09:00:00Z,shooter,41,5485-7712-1328
2026-09-25T09:00:00Z,shooter,42,3459-9952-0053
2026-09-25T09:00:00Z,shooter,43,7149-8291-0915
2026-09-25T09:00:00Z,shooter,44,3859-7870-2185
2026-09-25T09:00:00Z,shooter,45,5762-4726-2703
2026-09-25T09:00:00Z,shooter,46,9177-3217-4056
2026-09-25T09:00:00Z,shooter,47,8165-6883-7307
2026-09-25T09:00:00Z,shooter,48,0132-3640-7214
2026-09-25T09:00:00Z,shooter,49,8402-3642-6726
2026-09-25T09:00:00Z,shooter,50,1602-6355-3892
2026-09-25T09:00:00Z,roleplaying-social,1,0324-6525-3171
2026-09-25T09:00:00Z,roleplaying-social,2,6032-4340-0635
2026-09-25T09:00:00Z,roleplaying-social,3,9960-1973-3840
2026-09-25T09:00:00Z,roleplaying-social,4,9909-6421-7669
2026-09-25T09:00:00Z,roleplaying-social,5,6462-6469-4435
2026-09-25T09:00:00Z,roleplaying-social,6,6163-6465-2983
2026-09-25T09:00:00Z,roleplaying-social,7,7112-8777-0902
2026-09-25T09:00:00Z,roleplaying-social,8,7314-4269-5911
2026-09-25T09:00:00Z,roleplaying-social,9,9862-4661-6699
2026-09-25T09:00:00Z,roleplaying-social,10,5791-2777-2631
2026-09-25T09:00:00Z,roleplaying-social,11,3576-3976-5738
2026-09-25T09:00:00Z,roleplaying-social,12,2115-3585-8349
2026-09-25T09:00:00Z,roleplaying-social,13,1345-5145-1363
2026-09-25T09:00:00Z,roleplaying-social,14,4543-2770-5879
2026-09-25T09:00:00Z,roleplaying-social,15,4420-9325-8814
2026-09-25T09:00:00Z,roleplaying-social,16,8079-1410-9627
2026-09-25T09:00:00Z,roleplaying-social,17,4378-3721-0517
2026-09-25T09:00:00Z,roleplaying-social,18,8673-3549-8114
2026-09-25T09:00:00Z,roleplaying-social,19,6017-3375-2273
2026-09-25T09:00:00Z,roleplaying-social,20,5130-4694-1030
2026-09-25T09:00:00Z,roleplaying-social,21,7127-0120-4449
2026-09-25T09:00:00Z,roleplaying-social,22,1186-5766-0282
2026-09-25T09:00:00Z,roleplaying-social,23,2548-5349-4659
2026-09-25T09:00:00Z,roleplaying-social,24,8352-7392-6528
2026-09-25T09:00:00Z,roleplaying-social,25,4827-2650-6779
2026-09-25T09:00:00Z,roleplaying-social,26,8238-3374-0527
2026-09-25T09:00:00Z,roleplaying-social,27,5049-6507-5084
2026-09-25T09:00:00Z,roleplaying-social,28,1023-3077-5427
2026-09-25T09:00:00Z,roleplaying-social,29,2586-8404-0869
2026-09-25T09:00:00Z,roleplaying-social,30,3369-4671-4228
2026-09-25T09:00:00Z,roleplaying-social,31,9215-3374-2716
2026-09-25T09:00:00Z,roleplaying-social,32,8440-2203-4683
2026-09-25T09:00:00Z,roleplaying-social,33,0555-8302-4764
2026-09-25T09:00:00Z,roleplaying-social,34,6681-4393-8409
2026-09-25T09:00:00Z,roleplaying-social,35,0455-4819-3993
2026-09-25T09:00:00Z,roleplaying-social,36,3991-1046-3772
2026-09-25T09:00:00Z,roleplaying-social,37,7044-5372-4741
2026-09-25T09:00:00Z,roleplaying-social,38,1544-8878-6118
2026-09-25T09:00:00Z,roleplaying-social,39,0586-0173-4811
2026-09-25T09:00:00Z,roleplaying-social,40,9551-3543-8752
2026-09-25T09:00:00Z,roleplaying-social,41,4773-6741-9721
2026-09-25T09:00:00Z,roleplaying-social,42,8299-6662-9330
2026-09-25T09:00:00Z,roleplaying-social,43,1008-1364-5412
2026-09-25T09:00:00Z,roleplaying-social,44,1556-7694-7407
2026-09-25T09:00:00Z,roleplaying-social,45,8782-5337-4326
2026-09-25T09:00:00Z,roleplaying-social,46,6771-1880-7737
2026-09-25T09:00:00Z,roleplaying-social,47,1404-2424-6999
2026-09-25T09:00:00Z,roleplaying-social,48,2327-7349-9384
2026-09-25T09:00:00Z,roleplaying-social,49,7113-0176-5879
2026-09-25T09:00:00Z,roleplaying-social,50,4990-6359-3374
2026-09-25T09:00:00Z,roguelike,1,5371-4743-1449
2026-09-25T09:00:00Z,roguelike,2,5786-6009-0800
2026-09-25T09:00:00Z,roguelike,3,7908-5661-9723
2026-09-25T09:00:00Z,roguelike,4,1316-2698-6957
2026-09-25T09:00:00Z,roguelike,5,0450-2818-4646
2026-09-25T09:00:00Z,roguelike,6,0243-3963-9174
2026-09-25T09:00:00Z,roguelike,7,3815-6126-3210
2026-09-25T09:00:00Z,roguelike,8,7300-0705-2924
2026-09-25T09:00:00Z,roguelike,9,5410-9748-9230
2026-09-25T09:00:00Z,roguelike,10,0953-8380-0428
2026-09-25T09:00:00Z,roguelike,11,0139-8551-5744
2026-09-25T09:00:00Z,roguelike,12,7660-6642-4841
2026-09-25T09:00:00Z,roguelike,13,9638-2905-2989
2026-09-25T09:00:00Z,roguelike,14,6177-7138-0133
2026-09-25T09:00:00Z,roguelike,15,1311-3035-1480
2026-09-25T09:00:00Z,roguelike,16,3793-8653-7610
2026-09-25T09:00:00Z,roguelike,17,1257-8964-6713
2026-09-25T09:00:00Z,roguelike,18,8105-9005-4478
2026-09-25T09:00:00Z,roguelike,19,9276-7287-3867
2026-09-25T09:00:00Z,roguelike,20,0402-8300-3128
2026-09-25T09:00:00Z,roguelike,21,2005-9007-1508
2026-09-25T09:00:00Z,roguelike,22,0986-9962-2231
2026-09-25T09:00:00Z,roguelike,23,2202-8403-6747
2026-09-25T09:00:00Z,roguelike,24,9311-7979-3371
2026-09-25T09:00:00Z,roguelike,25,1775-4578-6904
2026-09-25T09:00:00Z,roguelike,26,3305-9667-7847
2026-09-25T09:00:00Z,roguelike,27,5341-1937-4427
2026-09-25T09:00:00Z,roguelike,28,3033-2815-2914
2026-09-25T09:00:00Z,roguelike,29,5494-8930-2057
2026-09-25T09:00:00Z,roguelike,30,7627-8175-3618
2026-09-25T09:00:00Z,roguelike,31,4873-4878-1736
2026-09-25T09:00:00Z,roguelike,32,8640-1404-5362
2026-09-25T09:00:00Z,roguelike,33,1436-3938-3127
2026-09-25T09:00:00Z,roguelike,34,2214-7613-0030
2026-09-25T09:00:00Z,roguelike,35,3626-6521-4027
2026-09-25T09:00:00Z,roguelike,36,8089-0616-8914
2026-09-25T09:00:00Z,roguelike,37,9642-6354-0929
2026-09-25T09:00:00Z,roguelike,38,9932-6453-4059
2026-09-25T09:00:00Z,roguelike,39,2883-8391-6703
2026-09-25T09:00:00Z,roguelike,40,0969-0725-3493
2026-09-25T09:00:00Z,roguelike,41,6472-9315-0735
2026-09-25T09:00:00Z,roguelike,42,9158-0478-3052
2026-09-25T09:00:00Z,roguelike,43,8941-9913-9242
2026-09-25T09:00:00Z,roguelike,44,1667-6000-1077
2026-09-25T09:00:00Z,roguelike,45,8641-8991-1251
2026-09-25T09:00:00Z,roguelike,46,9179-6862-5831
2026-09-25T09:00:00Z,roguelike,47,6885-3768-5936
2026-09-25T09:00:00Z,roguelike,48,9661-5300-4601
2026-09-25T09:00:00Z,roguelike,49,8347-7641-0377
2026-09-25T09:00:00Z,roguelike,50,9414-5774-1595
2026-09-25T09:00:00Z,party-mini-games,1,7786-0958-2481
2026-09-25T09:00:00Z,party-mini-games,2,4540-2792-0054
2026-09-25T09:00:00Z,party-mini-games,3,3982-1819-4205
2026-09-25T09:00:00Z,party-mini-games,4,2713-8007-6156
2026-09-25T09:00:00Z,party-mini-games,5,8532-9413-6963
2026-09-25T09:00:00Z,party-mini-games,6,0673-9062-5656
2026-09-25T09:00:00Z,party-mini-games,7,1245-9511-3686
2026-09-25T09:00:00Z,party-mini-games,8,5731-3854-1429
2026-09-25T09:00:00Z,party-mini-games,9,9327-0023-8506
2026-09-25T09:00:00Z,party-mini-games,10,5534-5280-2727
2026-09-25T09:00:00Z,party-mini-games,11,9207-7848-7041
2026-09-25T09:00:00Z,party-mini-games,12,7011-3815-1384
2026-09-25T09:00:00Z,party-mini-games,13,2724-4064-5480
2026-09-25T09:00:00Z,party-mini-games,14,0860-0696-6226
2026-09-25T09:00:00Z,party-mini-games,15,0601-1980-6626
2026-09-25T09:00:00Z,party-mini-games,16,6916-2231-5639
2026-09-25T09:00:00Z,party-mini-games,17,3543-7859-1857
2026-09-25T09:00:00Z,party-mini-games,18,9886-0074-1759
2026-09-25T09:00:00Z,party-mini-games,19,7893-3223-8329
2026-09-25T09:00:00Z,party-mini-games,20,8879-1619-5419
2026-09-25T09:00:00Z,party-mini-games,21,8448-9780-4736
2026-09-25T09:00:00Z,party-mini-games,22,3417-0732-9948
2026-09-25T09:00:00Z,party-mini-games,23,5134-7238-5229
2026-09-25T09:00:00Z,party-mini-games,24,4042-7237-7914
2026-09-25T09:00:00Z,party-mini-games,25,5692-9530-3954
2026-09-25T09:00:00Z,party-mini-games,26,0435-0111-2493
2026-09-25T09:00:00Z,party-mini-games,27,8851-5480-5161
2026-09-25T09:00:00Z,party-mini-games,28,7832-3964-5638
2026-09-25T09:00:00Z,party-mini-games,29,8712-8939-5935
2026-09-25T09:00:00Z,party-mini-games,30,7473-0088-9373
2026-09-25T09:00:00Z,party-mini-games,31,1216-9665-5612
2026-09-25T09:00:00Z,party-mini-games,32,5255-5400-1491
2026-09-25T09:00:00Z,party-mini-games,33,1443-4058-4106
2026-09-25T09:00:00Z,party-mini-games,34,9568-9742-7529
2026-09-25T09:00:00Z,party-mini-games,35,4090-6935-8150
2026-09-25T09:00:00Z,party-mini-games,36,1402-1820-0657
2026-09-25T09:00:00Z,party-mini-games,37,7664-6686-7406
2026-09-25T09:00:00Z,party-mini-games,38,1017-3683-6436
2026-09-25T09:00:00Z,party-mini-games,39,5581-8600-6431
2026-09-25T09:00:00Z,party-mini-games,40,3610-1927-7849
2026-09-25T09:00:00Z,party-mini-games,41,8875-2455-5971
2026-09-25T09:00:00Z,party-mini-games,42,4393-5421-0855
2026-09-25T09:00:00Z,party-mini-games,43,2784-9853-5887
2026-09-25T09:00:00Z,party-mini-games,44,3781-5620-3131
2026-09-25T09:00:00Z,party-mini-games,45,3329-0873-1582
2026-09-25T09:00:00Z,party-mini-games,46,3277-0021-0184
2026-09-25T09:00:00Z,party-mini-games,47,2877-0520-3856
2026-09-25T09:00:00Z,party-mini-games,48,7325-6346-6659
2026-09-25T09:00:00Z,party-mini-games,49,8742-0736-8164
2026-09-25T09:00:00Z,party-mini-games,50,5991-1334-7948
2026-09-25T09:00:00Z,music-rhythm,1,9851-7455-1332
2026-09-25T09:00:00Z,music-rhythm,2,9234-0447-6099
2026-09-25T09:00:00Z,music-rhythm,3,8363-8237-0040
2026-09-25T09:00:00Z,music-rhythm,4,5494-2125-5108
2026-09-25T09:00:00Z,music-rhythm,5,4330-3478-9064
2026-09-25T09:00:00Z,music-rhythm,6,7385-6982-2296
2026-09-25T09:00:00Z,music-rhythm,7,2855-7768-7380
2026-09-25T09:00:00Z,music-rhythm,8,6253-2742-8438
2026-09-25T09:00:00Z,music-rhythm,9,2796-4203-2086
2026-09-25T09:00:00Z,music-rhythm,10,6322-2686-0790
2026-09-25T09:00:00Z,music-rhythm,11,1588-1140-6261
2026-09-25T09:00:00Z,music-rhythm,12,9312-3254-6209
2026-09-25T09:00:00Z,music-rhythm,13,8047-6953-2839
2026-09-25T09:00:00Z,music-rhythm,14,5261-2224-6992
2026-09-25T09:00:00Z,music-rhythm,15,1101-5048-7690
2026-09-25T09:00:00Z,music-rhythm,16,0412-4007-2062
2026-09-25T09:00:00Z,music-rhythm,17,1102-2771-9165
2026-09-25T09:00:00Z,music-rhythm,18,5542-5833-2901
2026-09-25T09:00:00Z,music-rhythm,19,6175-6100-8121
2026-09-25T09:00:00Z,music-rhythm,20,3093-0676-2570
2026-09-25T09:00:00Z,music-rhythm,21,2214-4070-0866
2026-09-25T09:00:00Z,music-rhythm,22,8743-3665-1978
2026-09-25T09:00:00Z,music-rhythm,23,8244-8226-3592
2026-09-25T09:00:00Z,music-rhythm,24,7780-4361-8500
2026-09-25T09:00:00Z,music-rhythm,25,2427-3025-9162
2026-09-25T09:00:00Z,music-rhythm,26,6000-5068-3133
2026-09-25T09:00:00Z,music-rhythm,27,5240-2885-8027
2026-09-25T09:00:00Z,music-rhythm,28,4153-0784-8219
2026-09-25T09:00:00Z,music-rhythm,29,9366-7818-9623
2026-09-25T09:00:00Z,music-rhythm,30,7398-2123-7962
2026-09-25T09:00:00Z,music-rhythm,31,8465-6954-5659
2026-09-25T09:00:00Z,music-rhythm,32,4692-9348-9737
2026-09-25T09:00:00Z,music-rhythm,33,2122-3581-0836
2026-09-25T09:00:00Z,music-rhythm,34,4012-6126-4312
2026-09-25T09:00:00Z,music-rhythm,35,4041-9398-0080
2026-09-25T09:00:00Z,music-rhythm,36,2537-6200-1572
2026-09-25T09:00:00Z,music-rhythm,37,2139-1941-6204
2026-09-25T09:00:00Z,music-rhythm,38,3979-8693-2639
2026-09-25T09:00:00Z,music-rhythm,39,2702-3849-0110
2026-09-25T09:00:00Z,music-rhythm,40,6985-4689-4867
2026-09-25T09:00:00Z,music-rhythm,41,0960-0671-7810
2026-09-25T09:00:00Z,music-rhythm,42,7166-5731-7989
2026-09-25T09:00:00Z,music-rhythm,43,1227-4242-2251
2026-09-25T09:00:00Z,music-rhythm,44,2233-0758-3370
2026-09-25T09:00:00Z,music-rhythm,45,2702-9840-6580
2026-09-25T09:00:00Z,music-rhythm,46,4909-7635-0559
2026-09-25T09:00:00Z,music-rhythm,47,7154-2678-0590
2026-09-25T09:00:00Z,music-rhythm,48,1106-5751-6368
2026-09-25T09:00:00Z,music-rhythm,49,0167-0907-7204
2026-09-25T09:00:00Z,music-rhythm,50,7131-4465-3884
2026-09-25T09:00:00Z,horror,1,5253-8468-3364
2026-09-25T09:00:00Z,horror,2,2522-4269-4932
2026-09-25T09:00:00Z,horror,3,8198-8669-9805
2026-09-25T09:00:00Z,horror,4,1314-9783-9214
2026-09-25T09:00:00Z,horror,5,6386-2237-2556
2026-09-25T09:00:00Z,horror,6,0257-0819-4941
2026-09-25T09:00:00Z,horror,7,8605-3450-1528
2026-09-25T09:00:00Z,horror,8,9919-3137-0527
2026-09-25T09:00:00Z,horror,9,7782-9349-5060
2026-09-25T09:00:00Z,horror,10,5382-8693-1539
2026-09-25T09:00:00Z,horror,11,0487-9801-6989
2026-09-25T09:00:00Z,horror,12,9217-3432-0162
2026-09-25T09:00:00Z,horror,13,7693-2586-8371
2026-09-25T09:00:00Z,horror,14,0269-9911-2581
2026-09-25T09:00:00Z,horror,15,8832-3199-6129
2026-09-25T09:00:00Z,horror,16,9321-4455-9371
2026-09-25T09:00:00Z,horror,17,3119-1652-2400
2026-09-25T09:00:00Z,horror,18,1864-8667-0230
2026-09-25T09:00:00Z,horror,19,1764-2576-3256
2026-09-25T09:00:00Z,horror,20,6122-7960-7993
2026-09-25T09:00:00Z,horror,21,1720-5066-5578
2026-09-25T09:00:00Z,horror,22,2742-7377-1715
2026-09-25T09:00:00Z,horror,23,5640-2782-5317
2026-09-25T09:00:00Z,horror,24,0157-2279-6109
2026-09-25T09:00:00Z,horror,25,0800-7690-1207
2026-09-25T09:00:00Z,horror,26,2237-7732-9798
2026-09-25T09:00:00Z,horror,27,6777-3983-5606
2026-09-25T09:00:00Z,horror,28,8257-3753-1968
2026-09-25T09:00:00Z,horror,29,1431-7115-9506
2026-09-25T09:00:00Z,horror,30,2350-8051-9251
2026-09-25T09:00:00Z,horror,31,0307-5506-1191
2026-09-25T09:00:00Z,horror,32,9238-2115-6656
2026-09-25T09:00:00Z,horror,33,7285-4185-5428
2026-09-25T09:00:00Z,horror,34,1723-9035-5854
2026-09-25T09:00:00Z,horror,35,0001-2497-5768
2026-09-25T09:00:00Z,horror,36,9584-0626-1868
2026-09-25T09:00:00Z,horror,37,2633-7144-2490
2026-09-25T09:00:00Z,horror,38,9167-8402-4823
2026-09-25T09:00:00Z,horror,39,4062-2133-4209
2026-09-25T09:00:00Z,horror,40,9992-6976-2209
2026-09-25T09:00:00Z,horror,41,6114-9517-9070
2026-09-25T09:00:00Z,horror,42,5387-5951-8319
2026-09-25T09:00:00Z,horror,43,4925-6066-5921
2026-09-25T09:00:00Z,horror,44,0832-0720-1196
2026-09-25T09:00:00Z,horror,45,5124-2067-3713
2026-09-25T09:00:00Z,horror,46,2306-6422-7294
2026-09-25T09:00:00Z,horror,47,8374-9585-6310
2026-09-25T09:00:00Z,horror,48,5263-0053-7559
2026-09-25T09:00:00Z,horror,49,8442-5023-8116
2026-09-25T09:00:00Z,horror,50,3504-8638-4358
2026-09-25T09:00:00Z,deathrun-platformer,1,9007-7666-4786
2026-09-25T09:00:00Z,deathrun-platformer,2,2940-8798-4080
2026-09-25T09:00:00Z,deathrun-platformer,3,6141-4809-9229
2026-09-25T09:00:00Z,deathrun-platformer,4,4366-9611-6988
2026-09-25T09:00:00Z,deathrun-platformer,5,6595-9027-4333
2026-09-25T09:00:00Z,deathrun-platformer,6,3516-3502-7404
2026-09-25T09:00:00Z,deathrun-platformer,7,5601-6658-1317
2026-09-25T09:00:00Z,deathrun-platformer,8,3090-4809-1591
2026-09-25T09:00:00Z,deathrun-platformer,9,4827-2323-5954
2026-09-25T09:00:00Z,deathrun-platformer,10,9156-5231-8691
2026-09-25T09:00:00Z,deathrun-platformer,11,7403-8636-4107
2026-09-25T09:00:00Z,deathrun-platformer,12,5497-6332-8508
2026-09-25T09:00:00Z,deathrun-platformer,13,9943-6687-8491
2026-09-25T09:00:00Z,deathrun-platformer,14,4343-3421-7958
2026-09-25T09:00:00Z,deathrun-platformer,15,9244-4434-0472
2026-09-25T09:00:00Z,deathrun-platformer,16,6907-0729-6439
2026-09-25T09:00:00Z,deathrun-platformer,17,8610-8921-9835
2026-09-25T09:00:00Z,deathrun-platformer,18,6353-3210-5766
2026-09-25T09:00:00Z,deathrun-platformer,19,9103-4908-5016
2026-09-25T09:00:00Z,deathrun-platformer,20,2655-9467-6796
2026-09-25T09:00:00Z,deathrun-platformer,21,0467-2642-8087
2026-09-25T09:00:00Z,deathrun-platformer,22,7662-9243-4059
2026-09-25T09:00:00Z,deathrun-platformer,23,4150-0895-4589
2026-09-25T09:00:00Z,deathrun-platformer,24,5469-6704-8471
2026-09-25T09:00:00Z,deathrun-platformer,25,5939-6232-6091
2026-09-25T09:00:00Z,deathrun-platformer,26,2138-8249-3841
2026-09-25T09:00:00Z,deathrun-platformer,27,1437-1723-4860
2026-09-25T09:00:00Z,deathrun-platformer,28,9895-8028-9581
2026-09-25T09:00:00Z,deathrun-platformer,29,5707-5301-8219
2026-09-25T09:00:00Z,deathrun-platformer,30,0436-6653-7192
2026-09-25T09:00:00Z,deathrun-platformer,31,7076-6111-1715
2026-09-25T09:00:00Z,deathrun-platformer,32,5580-1607-2828
2026-09-25T09:00:00Z,deathrun-platformer,33,8101-2752-7998
2026-09-25T09:00:00Z,deathrun-platformer,34,9257-5818-2400
2026-09-25T09:00:00Z,deathrun-platformer,35,0554-1640-9952
2026-09-25T09:00:00Z,deathrun-platformer,36,9597-4167-2516
2026-09-25T09:00:00Z,deathrun-platformer,37,5822-9054-9053
2026-09-25T09:00:00Z,deathrun-platformer,38,6431-5855-3798
2026-09-25T09:00:00Z,deathrun-platformer,39,0215-1201-3820
2026-09-25T09:00:00Z,deathrun-platformer,40,8112-4293-6684
2026-09-25T09:00:00Z,deathrun-platformer,41,4684-7269-3063
2026-09-25T09:00:00Z,deathrun-platformer,42,8101-3554-2146
2026-09-25T09:00:00Z,deathrun-platformer,43,9983-0397-2409
2026-09-25T09:00:00Z,deathrun-platformer,44,1314-0480-7130
2026-09-25T09:00:00Z,deathrun-platformer,45,5350-2333-1738
2026-09-25T09:00:00Z,deathrun-platformer,46,7153-2695-5547
2026-09-25T09:00:00Z,deathrun-platformer,47,6324-7516-2150
2026-09-25T09:00:00Z,deathrun-platformer,48,4062-8004-2540
2026-09-25T09:00:00Z,deathrun-platformer,49,6863-5894-9272
2026-09-25T09:00:00Z,deathrun-platformer,50,5264-1761-9807
2026-09-25T09:00:00Z,battle-royale,1,6133-4335-3668
2026-09-25T09:00:00Z,battle-royale,2,5075-1953-0397
2026-09-25T09:00:00Z,battle-royale,3,8887-1914-7284
2026-09-25T09:00:00Z,battle-royale,4,2515-6266-7600
2026-09-25T09:00:00Z,battle-royale,5,3305-1551-7747
2026-09-25T09:00:00Z,battle-royale,6,3729-0643-9775
2026-09-25T09:00:00Z,battle-royale,7,7835-3901-1999
2026-09-25T09:00:00Z,battle-royale,8,8064-7152-2934
2026-09-25T09:00:00Z,battle-royale,9,8298-6891-9930
2026-09-25T09:00:00Z,battle-royale,10,1832-0431-4852
2026-09-25T09:00:00Z,battle-royale,11,6570-5231-1418
2026-09-25T09:00:00Z,battle-royale,12,6562-8953-6567
2026-09-25T09:00:00Z,battle-royale,13,9854-1829-8735
2026-09-25T09:00:00Z,battle-royale,14,8189-6786-4181
2026-09-25T09:00:00Z,battle-royale,15,1513-6690-9481
2026-09-25T09:00:00Z,battle-royale,16,7675-8305-9560
2026-09-25T09:00:00Z,battle-royale,17,1541-6710-6518
2026-09-25T09:00:00Z,battle-royale,18,2547-0155-7815
2026-09-25T09:00:00Z,battle-royale,19,8157-3487-8338
2026-09-25T09:00:00Z,battle-royale,20,8089-7542-3407
2026-09-25T09:00:00Z,battle-royale,21,2630-4222-2839
2026-09-25T09:00:00Z,battle-royale,22,4660-4454-3176
2026-09-25T09:00:00Z,battle-royale,23,9980-5370-0317
2026-09-25T09:00:00Z,battle-royale,24,6593-0895-0067
2026-09-25T09:00:00Z,battle-royale,25,8301-9379-2032
2026-09-25T09:00:00Z,battle-royale,26,1477-5500-6228
2026-09-25T09:00:00Z,battle-royale,27,9332-9453-7208
2026-09-25T09:00:00Z,battle-royale,28,2565-2684-5169
2026-09-25T09:00:00Z,battle-royale,29,1998-6055-3199
2026-09-25T09:00:00Z,battle-royale,30,6940-8669-1904
2026-09-25T09:00:00Z,battle-royale,31,7523-1170-0999
2026-09-25T09:00:00Z,battle-royale,32,1707-4206-4316
2026-09-25T09:00:00Z,battle-royale,33,1862-3578-5339
2026-09-25T09:00:00Z,battle-royale,34,4859-7673-2109
2026-09-25T09:00:00Z,battle-royale,35,8332-5330-4197
2026-09-25T09:00:00Z,battle-royale,36,3537-4087-0888
2026-09-25T09:00:00Z,battle-royale,37,8740-5832-8150
2026-09-25T09:00:00Z,battle-royale,38,3462-0061-0008
2026-09-25T09:00:00Z,battle-royale,39,7793-4297-5018
2026-09-25T09:00:00Z,battle-royale,40,5295-5891-6929
2026-09-25T09:00:00Z,battle-royale,41,6127-8949-1207
2026-09-25T09:00:00Z,battle-royale,42,4263-0927-4869
2026-09-25T09:00:00Z,battle-royale,43,5890-0693-7425
2026-09-25T09:00:00Z,battle-royale,44,1822-2675-6994
2026-09-25T09:00:00Z,battle-royale,45,4826-0786-8094
2026-09-25T09:00:00Z,battle-royale,46,9228-8994-1362
2026-09-25T09:00:00Z,battle-royale,47,5584-6146-5996
2026-09-25T09:00:00Z,battle-royale,48,4059-2791-0712
2026-09-25T09:00:00Z,battle-royale,49,2312-1594-4814
2026-09-25T09:00:00Z,battle-royale,50,9751-4140-1451
2026-09-25T09:00:00Z,adventure-rpg,1,8402-7861-9119
2026-09-25T09:00:00Z,adventure-rpg,2,1324-1016-2565
2026-09-25T09:00:00Z,adventure-rpg,3,8014-3560-5859
2026-09-25T09:00:00Z,adventure-rpg,4,8396-9258-5687
2026-09-25T09:00:00Z,adventure-rpg,5,3469-7377-0976
2026-09-25T09:00:00Z,adventure-rpg,6,1314-6986-8879
2026-09-25T09:00:00Z,adventure-rpg,7,7008-8933-8450
2026-09-25T09:00:00Z,adventure-rpg,8,4225-6009-1837
2026-09-25T09:00:00Z,adventure-rpg,9,6187-4944-9063
2026-09-25T09:00:00Z,adventure-rpg,10,7376-9013-2270
2026-09-25T09:00:00Z,adventure-rpg,11,8101-6792-2860
2026-09-25T09:00:00Z,adventure-rpg,12,3146-7566-7548
2026-09-25T09:00:00Z,adventure-rpg,13,9257-2032-2582
2026-09-25T09:00:00Z,adventure-rpg,14,2313-4464-7728
2026-09-25T09:00:00Z,adventure-rpg,15,6722-7944-8904
2026-09-25T09:00:00Z,adventure-rpg,16,9135-6797-0922
2026-09-25T09:00:00Z,adventure-rpg,17,7071-9693-9251
2026-09-25T09:00:00Z,adventure-rpg,18,2525-9596-3235
2026-09-25T09:00:00Z,adventure-rpg,19,1254-9325-4547
2026-09-25T09:00:00Z,adventure-rpg,20,8256-7092-6083
2026-09-25T09:00:00Z,adventure-rpg,21,3760-6050-4737
2026-09-25T09:00:00Z,adventure-rpg,22,7154-1898-4800
2026-09-25T09:00:00Z,adventure-rpg,23,0699-4255-0327
2026-09-25T09:00:00Z,adventure-rpg,24,0535-7617-1108
2026-09-25T09:00:00Z,adventure-rpg,25,9289-6064-2659
2026-09-25T09:00:00Z,adventure-rpg,26,0564-0723-6518
2026-09-25T09:00:00Z,adventure-rpg,27,6134-7832-2505
2026-09-25T09:00:00Z,adventure-rpg,28,0434-0134-4035
2026-09-25T09:00:00Z,adventure-rpg,29,0600-6601-8509
2026-09-25T09:00:00Z,adventure-rpg,30,6253-5864-4856
2026-09-25T09:00:00Z,adventure-rpg,31,6919-3018-9708
2026-09-25T09:00:00Z,adventure-rpg,32,6786-0537-1526
2026-09-25T09:00:00Z,adventure-rpg,33,8797-1937-1390
2026-09-25T09:00:00Z,adventure-rpg,34,4482-9980-6518
2026-09-25T09:00:00Z,adventure-rpg,35,4918-9936-5095
2026-09-25T09:00:00Z,adventure-rpg,36,0553-6413-5190
2026-09-25T09:00:00Z,adventure-rpg,37,6395-0064-0327
2026-09-25T09:00:00Z,adventure-rpg,38,1862-1345-3293
2026-09-25T09:00:00Z,adventure-rpg,39,9171-5414-9725
2026-09-25T09:00:00Z,adventure-rpg,40,5440-4984-3473
2026-09-25T09:00:00Z,adventure-rpg,41,1653-1671-8190
2026-09-25T09:00:00Z,adventure-rpg,42,4586-5950-5525
2026-09-25T09:00:00Z,adventure-rpg,43,7451-7242-8696
2026-09-25T09:00:00Z,adventure-rpg,44,6421-7628-5073
2026-09-25T09:00:00Z,adventure-rpg,45,0495-3212-1659
2026-09-25T09:00:00Z,adventure-rpg,46,4172-7336-5964
2026-09-25T09:00:00Z,adventure-rpg,47,9983-3472-4349
2026-09-25T09:00:00Z,adventure-rpg,48,1239-0128-1211
2026-09-25T09:00:00Z,adventure-rpg,49,9410-9435-7605
2026-09-25T09:00:00Z,adventure-rpg,50,0754-0155-3220
