hour,genre,rank,code
2026-09-30T23:00:00Z,survival,1,0433-7147-9507
2026-09-30T23:00:00Z,survival,2,9188-1632-7825
2026-09-30T23:00:00Z,survival,3,5730-3480-1526
2026-09-30T23:00:00Z,survival,4,4815-5387-2781
2026-09-30T23:00:00Z,survival,5,7573-8227-3687
2026-09-30T23:00:00Z,survival,6,8158-4113-6425
2026-09-30T23:00:00Z,survival,7,8344-0475-7589
2026-09-30T23:00:00Z,survival,8,1596-1780-8043
2026-09-30T23:00:00Z,survival,9,7114-0727-8746
2026-09-30T23:00:00Z,survival,10,1796-9956-7050
2026-09-30T23:00:00Z,survival,11,0414-9655-8152
2026-09-30T23:00:00Z,survival,12,7996-5597-0868
2026-09-30T23:00:00Z,survival,13,7067-8314-8282
2026-09-30T23:00:00Z,survival,14,4422-3120-1826
2026-09-30T23:00:00Z,survival,15,4044-4229-5848
2026-09-30T23:00:00Z,survival,16,9697-3257-3440
2026-09-30T23:00:00Z,survival,17,8980-4396-1703
2026-09-30T23:00:00Z,survival,18,8267-8586-5910
2026-09-30T23:00:00Z,survival,19,3962-2471-5978
2026-09-30T23:00:00Z,survival,20,6496-6950-7716
2026-09-30T23:00:00Z,survival,21,0016-4027-1527
2026-09-30T23:00:00Z,survival,22,4590-2874-3408
2026-09-30T23:00:00Z,survival,23,6020-0463-4029
2026-09-30T23:00:00Z,survival,24,1631-0751-4517
2026-09-30T23:00:00Z,survival,25,0501-0341-1188
2026-09-30T23:00:00Z,survival,26,3729-8899-3878
2026-09-30T23:00:00Z,survival,27,0303-4919-9451
2026-09-30T23:00:00Z,survival,28,8464-5780-9092
2026-09-30T23:00:00Z,survival,29,9113-8457-6931
2026-09-30T23:00:00Z,survival,30,4040-1657-7028
2026-09-30T23:00:00Z,survival,31,1862-8843-9022
2026-09-30T23:00:00Z,survival,32,5177-3498-9905
2026-09-30T23:00:00Z,survival,33,2891-2163-4404
2026-09-30T23:00:00Z,survival,34,8731-3741-4800
2026-09-30T23:00:00Z,survival,35,6643-0220-6840
2026-09-30T23:00:00Z,survival,36,7433-9605-1878
2026-09-30T23:00:00Z,survival,37,2887-3641-3853
2026-09-30T23:00:00Z,survival,38,4792-9643-5878
2026-09-30T23:00:00Z,survival,39,9584-6301-7470
2026-09-30T23:00:00Z,survival,40,1654-7479-6688
2026-09-30T23:00:00Z,survival,41,2312-3096-3140
2026-09-30T23:00:00Z,survival,42,7541-2314-8381
2026-09-30T23:00:00Z,survival,43,0342-9116-8723
2026-09-30T23:00:00Z,survival,44,7879-4955-5616
2026-09-30T23:00:00Z,survival,45,4891-5404-4305
2026-09-30T23:00:00Z,survival,46,1941-4545-9064
2026-09-30T23:00:00Z,survival,47,9563-8257-0848
2026-09-30T23:00:00Z,survival,48,7430-1454-8956
2026-09-30T23:00:00Z,survival,49,7065-7612-2307
2026-09-30T23:00:00Z,survival,50,4420-8150-0081
2026-09-30T23:00:00Z,strategy,1,7048-8422-2298
2026-09-30T23:00:00Z,strategy,2,2276-7799-6979
2026-09-30T23:00:00Z,strategy,3,1734-8951-4401
2026-09-30T23:00:00Z,strategy,4,3916-5715-6958
2026-09-30T23:00:00Z,strategy,5,6363-0883-5921
2026-09-30T23:00:00Z,strategy,6,1228-4163-2585
2026-09-30T23:00:00Z,strategy,7,2535-4586-1991
2026-09-30T23:00:00Z,strategy,8,9298-6844-1902
2026-09-30T23:00:00Z,strategy,9,4242-0938-3923
2026-09-30T23:00:00Z,strategy,10,0630-7533-2925
2026-09-30T23:00:00Z,strategy,11,9783-9810-3294
2026-09-30T23:00:00Z,strategy,12,8920-0084-1283
2026-09-30T23:00:00Z,strategy,13,6297-1255-9507
2026-09-30T23:00:00Z,strategy,14,4164-3090-6037
2026-09-30T23:00:00Z,strategy,15,3412-7952-4124
2026-09-30T23:00:00Z,strategy,16,9787-3863-4932
2026-09-30T23:00:00Z,strategy,17,1188-8174-4193
2026-09-30T23:00:00Z,strategy,18,5395-6775-1946
2026-09-30T23:00:00Z,strategy,19,7609-5422-4216
2026-09-30T23:00:00Z,strategy,20,1567-9953-7924
2026-09-30T23:00:00Z,strategy,21,7412-3162-8807
2026-09-30T23:00:00Z,strategy,22,9688-5843-7625
2026-09-30T23:00:00Z,strategy,23,9628-7746-8609
2026-09-30T23:00:00Z,strategy,24,8913-4666-5702
2026-09-30T23:00:00Z,strategy,25,6414-8933-4975
2026-09-30T23:00:00Z,strategy,26,7564-5632-1658
2026-09-30T23:00:00Z,strategy,27,4255-2253-6171
2026-09-30T23:00:00Z,strategy,28,1258-9836-5815
2026-09-30T23:00:00Z,strategy,29,7965-9617-6749
2026-09-30T23:00:00Z,strategy,30,2961-6678-0690
2026-09-30T23:00:00Z,strategy,31,7862-6599-6404
2026-09-30T23:00:00Z,strategy,32,9521-8509-1490
2026-09-30T23:00:00Z,strategy,33,8424-0608-7805
2026-09-30T23:00:00Z,strategy,34,0994-5575-3942
2026-09-30T23:00:00Z,strategy,35,2342-8150-0779
2026-09-30T23:00:00Z,strategy,36,5169-6549-3901
2026-09-30T23:00:00Z,strategy,37,4871-9402-3833
2026-09-30T23:00:00Z,strategy,38,3839-5965-5316
2026-09-30T23:00:00Z,strategy,39,9502-5427-0647
2026-09-30T23:00:00Z,strategy,40,7231-5872-7729
2026-09-30T23:00:00Z,strategy,41,0678-0014-4695
2026-09-30T23:00:00Z,strategy,42,3449-2525-3800
2026-09-30T23:00:00Z,strategy,43,8682-5544-2364
2026-09-30T23:00:00Z,strategy,44,0446-4570-3058
2026-09-30T23:00:00Z,strategy,45,7077-8808-8587
2026-09-30T23:00:00Z,strategy,46,9278-7199-1625
2026-09-30T23:00:00Z,strategy,47,1996-3369-0924
2026-09-30T23:00:00Z,strategy,48,4156-2673-6987
2026-09-30T23:00:00Z,strategy,49,7021-3754-6371
2026-09-30T23:00:00Z,strategy,50,6952-5647-3887
2026-09-30T23:00:00Z,sports-racing,1,1840-5666-3032
2026-09-30T23:00:00Z,sports-racing,2,0105-1573-8859
2026-09-30T23:00:00Z,sports-racing,3,2678-5257-1845
2026-09-30T23:00:00Z,sports-racing,4,1057-0240-8438
2026-09-30T23:00:00Z,sports-racing,5,6295-5561-4675
2026-09-30T23:00:00Z,sports-racing,6,3705-2464-1791
2026-09-30T23:00:00Z,sports-racing,7,9711-2456-0459
2026-09-30T23:00:00Z,sports-racing,8,8430-6522-1585
2026-09-30T23:00:00Z,sports-racing,9,0128-8650-6625
2026-09-30T23:00:00Z,sports-racing,10,8144-9733-4847
2026-09-30T23:00:00Z,sports-racing,11,7399-8763-4003
2026-09-30T23:00:00Z,sports-racing,12,8475-0556-2572
2026-09-30T23:00:00Z,sports-racing,13,8648-0924-3171
2026-09-30T23:00:00Z,sports-racing,14,9465-4421-6613
2026-09-30T23:00:00Z,sports-racing,15,1652-7714-7390
2026-09-30T23:00:00Z,sports-racing,16,1114-3520-5951
2026-09-30T23:00:00Z,sports-racing,17,3652-0494-8746
2026-09-30T23:00:00Z,sports-racing,18,7550-7578-1580
2026-09-30T23:00:00Z,sports-racing,19,0149-9884-9995
2026-09-30T23:00:00Z,sports-racing,20,0678-5781-2301
2026-09-30T23:00:00Z,sports-racing,21,8436-9283-4649
2026-09-30T23:00:00Z,sports-racing,22,5031-0762-3451
2026-09-30T23:00:00Z,sports-racing,23,1939-6305-3282
2026-09-30T23:00:00Z,sports-racing,24,0995-3311-4975
2026-09-30T23:00:00Z,sports-racing,25,4780-5837-9361
2026-09-30T23:00:00Z,sports-racing,26,8731-2682-3263
2026-09-30T23:00:00Z,sports-racing,27,5471-6824-3140
2026-09-30T23:00:00Z,sports-racing,28,2328-4917-4726
2026-09-30T23:00:00Z,sports-racing,29,3791-0891-9328
2026-09-30T23:00:00Z,sports-racing,30,1657-5138-8925
2026-09-30T23:00:00Z,sports-racing,31,6565-2750-9419
2026-09-30T23:00:00Z,sports-racing,32,7650-7578-5439
2026-09-30T23:00:00Z,sports-racing,33,6242-1463-8607
2026-09-30T23:00:00Z,sports-racing,34,0663-5322-8835
2026-09-30T23:00:00Z,sports-racing,35,8651-2378-8481
2026-09-30T23:00:00Z,sports-racing,36,3416-7958-3725
2026-09-30T23:00:00Z,sports-racing,37,9986-9734-4157
2026-09-30T23:00:00Z,sports-racing,38,5057-4951-6943
2026-09-30T23:00:00Z,sports-racing,39,9430-4155-5345
2026-09-30T23:00:00Z,sports-racing,40,9885-4630-9385
2026-09-30T23:00:00Z,sports-racing,41,5447-8602-7966
2026-09-30T23:00:00Z,sports-racing,42,1987-4481-0780
2026-09-30T23:00:00Z,sports-racing,43,3903-3827-3994
2026-09-30T23:00:00Z,sports-racing,44,3425-3555-6235
2026-09-30T23:00:00Z,sports-racing,45,8665-1473-0638
2026-09-30T23:00:00Z,sports-racing,46,2254-7723-5109
2026-09-30T23:00:00Z,sports-racing,47,8264-5043-0269
2026-09-30T23:00:00Z,sports-racing,48,8066-0574-4012
2026-09-30T23:00:00Z,sports-racing,49,8851-5720-7614
2026-09-30T23:00:00Z,sports-racing,50,8487-6027-7031
2026-09-30T23:00:00Z,simulation-tycoon,1,7875-7934-3852
2026-09-30T23:00:00Z,simulation-tycoon,2,7865-8305-9184
2026-09-30T23:00:00Z,simulation-tycoon,3,3225-0366-8885
2026-09-30T23:00:00Z,simulation-tycoon,4,6980-2761-9936
2026-09-30T23:00:00Z,simulation-tycoon,5,5372-7436-3186
2026-09-30T23:00:00Z,simulation-tycoon,6,3501-7237-8602
2026-09-30T23:00:00Z,simulation-tycoon,7,6820-0759-2181
2026-09-30T23:00:00Z,simulation-tycoon,8,8810-6988-0934
2026-09-30T23:00:00Z,simulation-tycoon,9,4351-0076-8767
2026-09-30T23:00:00Z,simulation-tycoon,10,0017-2877-1308
2026-09-30T23:00:00Z,simulation-tycoon,11,2557-3355-0240
2026-09-30T23:00:00Z,simulation-tycoon,12,0740-9649-8381
2026-09-30T23:00:00Z,simulation-tycoon,13,7116-2671-7537
2026-09-30T23:00:00Z,simulation-tycoon,14,1931-6763-0020
2026-09-30T23:00:00Z,simulation-tycoon,15,6586-8735-3733
2026-09-30T23:00:00Z,simulation-tycoon,16,5655-2869-7519
2026-09-30T23:00:00Z,simulation-tycoon,17,4408-6119-0091
2026-09-30T23:00:00Z,simulation-tycoon,18,2118-2046-4129
2026-09-30T23:00:00Z,simulation-tycoon,19,7513-3482-7052
2026-09-30T23:00:00Z,simulation-tycoon,20,8201-1056-8175
2026-09-30T23:00:00Z,simulation-tycoon,21,5580-1238-2267
2026-09-30T23:00:00Z,simulation-tycoon,22,4554-4413-1515
2026-09-30T23:00:00Z,simulation-tycoon,23,4177-0661-0836
2026-09-30T23:00:00Z,simulation-tycoon,24,2787-1164-2583
2026-09-30T23:00:00Z,simulation-tycoon,25,7672-1003-7237
2026-09-30T23:00:00Z,simulation-tycoon,26,2311-7649-8274
2026-09-30T23:00:00Z,simulation-tycoon,27,0045-4126-6765
2026-09-30T23:00:00Z,simulation-tycoon,28,1503-4746-6491
2026-09-30T23:00:00Z,simulation-tycoon,29,2911-9500-1274
2026-09-30T23:00:00Z,simulation-tycoon,30,2896-3986-5659
2026-09-30T23:00:00Z,simulation-tycoon,31,8014-3138-7722
2026-09-30T23:00:00Z,simulation-tycoon,32,0722-1566-1361
2026-09-30T23:00:00Z,simulation-tycoon,33,9774-9755-1041
2026-09-30T23:00:00Z,simulation-tycoon,34,1499-6977-1308
2026-09-30T23:00:00Z,simulation-tycoon,35,7113-0641-3989
2026-09-30T23:00:00Z,simulation-tycoon,36,4032-4883-0195
2026-09-30T23:00:00Z,simulation-tycoon,37,6026-2375-3494
2026-09-30T23:00:00Z,simulation-tycoon,38,8841-2492-6825
2026-09-30T23:00:00Z,simulation-tycoon,39,5275-0126-3102
2026-09-30T23:00:00Z,simulation-tycoon,40,6632-7522-0569
2026-09-30T23:00:00Z,simulation-tycoon,41,8039-8238-9814
2026-09-30T23:00:00Z,simulation-tycoon,42,7708-7851-9349
2026-09-30T23:00:00Z,simulation-tycoon,43,9202-4878-0759
2026-09-30T23:00:00Z,simulation-tycoon,44,6466-1906-0131
2026-09-30T23:00:00Z,simulation-tycoon,45,2007-4387-0287
2026-09-30T23:00:00Z,simulation-tycoon,46,4838-2014-5851
2026-09-30T23:00:00Z,simulation-tycoon,47,8697-2056-3630
2026-09-30T23:00:00Z,simulation-tycoon,48,6982-1889-5260
2026-09-30T23:00:00Z,simulation-tycoon,49,3694-1078-5324
2026-09-30T23:00:00Z,simulation-tycoon,50,0853-9188-6676
2026-09-30T23:00:00Z,shooter,1,0148-0322-5437
2026-09-30T23:00:00Z,shooter,2,6155-1398-4059
2026-09-30T23:00:00Z,shooter,3,8765-4125-9209
2026-09-30T23:00:00Z,shooter,4,4590-4493-7113
2026-09-30T23:00:00Z,shooter,5,8234-1352-6956
2026-09-30T23:00:00Z,shooter,6,7441-9489-4182
2026-09-30T23:00:00Z,shooter,7,2898-7886-8847
2026-09-30T23:00:00Z,shooter,8,2424-4344-7824
2026-09-30T23:00:00Z,shooter,9,6366-6217-9042
2026-09-30T23:00:00Z,shooter,10,2786-2114-8349
2026-09-30T23:00:00Z,shooter,11,2198-3887-7937
2026-09-30T23:00:00Z,shooter,12,1032-8514-3619
2026-09-30T23:00:00Z,shooter,13,3181-8882-6695
2026-09-30T23:00:00Z,shooter,14,8402-3642-6726
2026-09-30T23:00:00Z,shooter,15,9520-0654-8075
2026-09-30T23:00:00Z,shooter,16,7189-6304-0824
2026-09-30T23:00:00Z,shooter,17,6594-5354-3157
2026-09-30T23:00:00Z,shooter,18,0004-9973-3062
2026-09-30T23:00:00Z,shooter,19,2202-9105-4524
2026-09-30T23:00:00Z,shooter,20,7255-5785-9726
2026-09-30T23:00:00Z,shooter,21,4133-1036-9239
2026-09-30T23:00:00Z,shooter,22,8003-2362-4527
2026-09-30T23:00:00Z,shooter,23,1650-4346-6758
2026-09-30T23:00:00Z,shooter,24,1602-6355-3892
2026-09-30T23:00:00Z,shooter,25,2543-1561-6190
2026-09-30T23:00:00Z,shooter,26,5112-1759-8096
2026-09-30T23:00:00Z,shooter,27,2930-7963-4380
2026-09-30T23:00:00Z,shooter,28,6242-8952-3865
2026-09-30T23:00:00Z,shooter,29,2559-8530-8915
2026-09-30T23:00:00Z,shooter,30,3533-5211-7130
2026-09-30T23:00:00Z,shooter,31,8685-1467-7801
2026-09-30T23:00:00Z,shooter,32,8796-0181-8340
2026-09-30T23:00:00Z,shooter,33,6000-7886-3571
2026-09-30T23:00:00Z,shooter,34,0153-8328-7526
2026-09-30T23:00:00Z,shooter,35,1128-5504-3888
2026-09-30T23:00:00Z,shooter,36,3237-7822-8160
2026-09-30T23:00:00Z,shooter,37,9046-0506-5429
2026-09-30T23:00:00Z,shooter,38,4174-4446-0308
2026-09-30T23:00:00Z,shooter,39,9266-3680-2665
2026-09-30T23:00:00Z,shooter,40,5350-0181-7790
2026-09-30T23:00:00Z,shooter,41,7117-1516-1889
2026-09-30T23:00:00Z,shooter,42,3622-1652-8137
2026-09-30T23:00:00Z,shooter,43,8069-6453-5914
2026-09-30T23:00:00Z,shooter,44,9672-8216-8367
2026-09-30T23:00:00Z,shooter,45,6661-9992-2592
2026-09-30T23:00:00Z,shooter,46,4149-7703-8010
2026-09-30T23:00:00Z,shooter,47,3914-7486-9996
2026-09-30T23:00:00Z,shooter,48,1478-6145-6503
2026-09-30T23:00:00Z,shooter,49,4432-4107-7174
2026-09-30T23:00:00Z,shooter,50,2733-4577-9175
2026-09-30T23:00:00Z,roleplaying-social,1,9909-6421-7669
2026-09-30T23:00:00Z,roleplaying-social,2,6462-6469-4435
2026-09-30T23:00:00Z,roleplaying-social,3,4220-9404-7987
2026-09-30T23:00:00Z,roleplaying-social,4,7112-8777-0902
2026-09-30T23:00:00Z,roleplaying-social,5,6163-6465-2983
2026-09-30T23:00:00Z,roleplaying-social,6,9862-4661-6699
2026-09-30T23:00:00Z,roleplaying-social,7,7314-4269-5911
2026-09-30T23:00:00Z,roleplaying-social,8,1404-2424-6999
2026-09-30T23:00:00Z,roleplaying-social,9,3589-2124-6433
2026-09-30T23:00:00Z,roleplaying-social,10,8352-7392-6528
2026-09-30T23:00:00Z,roleplaying-social,11,9960-1973-3840
2026-09-30T23:00:00Z,roleplaying-social,12,5791-2777-2631
2026-09-30T23:00:00Z,roleplaying-social,13,6246-3089-1172
2026-09-30T23:00:00Z,roleplaying-social,14,3576-3976-5738
2026-09-30T23:00:00Z,roleplaying-social,15,3527-4959-6539
2026-09-30T23:00:00Z,roleplaying-social,16,2378-8503-5724
2026-09-30T23:00:00Z,roleplaying-social,17,6032-4340-0635
2026-09-30T23:00:00Z,roleplaying-social,18,9942-5443-3752
2026-09-30T23:00:00Z,roleplaying-social,19,4838-7147-7903
2026-09-30T23:00:00Z,roleplaying-social,20,5210-2587-9252
2026-09-30T23:00:00Z,roleplaying-social,21,6681-4393-8409
2026-09-30T23:00:00Z,roleplaying-social,22,0324-6525-3171
2026-09-30T23:00:00Z,roleplaying-social,23,5926-8267-4114
2026-09-30T23:00:00Z,roleplaying-social,24,4773-6741-9721
2026-09-30T23:00:00Z,roleplaying-social,25,7044-5372-4741
2026-09-30T23:00:00Z,roleplaying-social,26,6672-6548-6091
2026-09-30T23:00:00Z,roleplaying-social,27,2821-7347-1072
2026-09-30T23:00:00Z,roleplaying-social,28,9139-3598-0890
2026-09-30T23:00:00Z,roleplaying-social,29,6274-5849-1460
2026-09-30T23:00:00Z,roleplaying-social,30,9378-1633-0419
2026-09-30T23:00:00Z,roleplaying-social,31,6698-2376-8888
2026-09-30T23:00:00Z,roleplaying-social,32,1128-5158-6207
2026-09-30T23:00:00Z,roleplaying-social,33,3727-5611-9151
2026-09-30T23:00:00Z,roleplaying-social,34,8359-5244-2189
2026-09-30T23:00:00Z,roleplaying-social,35,9215-3374-2716
2026-09-30T23:00:00Z,roleplaying-social,36,4950-3394-4317
2026-09-30T23:00:00Z,roleplaying-social,37,7971-1781-8515
2026-09-30T23:00:00Z,roleplaying-social,38,3219-0434-0660
2026-09-30T23:00:00Z,roleplaying-social,39,0611-2221-8150
2026-09-30T23:00:00Z,roleplaying-social,40,5275-2097-9470
2026-09-30T23:00:00Z,roleplaying-social,41,3369-4671-4228
2026-09-30T23:00:00Z,roleplaying-social,42,8238-3374-0527
2026-09-30T23:00:00Z,roleplaying-social,43,7578-1606-3889
2026-09-30T23:00:00Z,roleplaying-social,44,6351-9562-0264
2026-09-30T23:00:00Z,roleplaying-social,45,5049-6507-5084
2026-09-30T23:00:00Z,roleplaying-social,46,9311-4440-0582
2026-09-30T23:00:00Z,roleplaying-social,47,4051-4682-5311
2026-09-30T23:00:00Z,roleplaying-social,48,5808-0772-6145
2026-09-30T23:00:00Z,roleplaying-social,49,2327-7349-9384
2026-09-30T23:00:00Z,roleplaying-social,50,0235-8623-3183
2026-09-30T23:00:00Z,roguelike,1,1316-2698-6957
2026-09-30T23:00:00Z,roguelike,2,8105-9005-4478
2026-09-30T23:00:00Z,roguelike,3,3815-6126-3210
2026-09-30T23:00:00Z,roguelike,4,5410-9748-9230
2026-09-30T23:00:00Z,roguelike,5,7300-0705-2924
2026-09-30T23:00:00Z,roguelike,6,0243-3963-9174
2026-09-30T23:00:00Z,roguelike,7,0450-2818-4646
2026-09-30T23:00:00Z,roguelike,8,9638-2905-2989
2026-09-30T23:00:00Z,roguelike,9,7660-6642-4841
2026-09-30T23:00:00Z,roguelike,10,2202-8403-6747
2026-09-30T23:00:00Z,roguelike,11,5838-7237-3736
2026-09-30T23:00:00Z,roguelike,12,6177-7138-0133
2026-09-30T23:00:00Z,roguelike,13,0335-8436-1670
2026-09-30T23:00:00Z,roguelike,14,0953-8380-0428
2026-09-30T23:00:00Z,roguelike,15,5371-4743-1449
2026-09-30T23:00:00Z,roguelike,16,2910-9885-0062
2026-09-30T23:00:00Z,roguelike,17,9543-4980-8804
2026-09-30T23:00:00Z,roguelike,18,2778-3915-9162
2026-09-30T23:00:00Z,roguelike,19,6561-6479-3496
2026-09-30T23:00:00Z,roguelike,20,6266-7599-9295
2026-09-30T23:00:00Z,roguelike,21,3793-8653-7610
2026-09-30T23:00:00Z,roguelike,22,1257-8964-6713
2026-09-30T23:00:00Z,roguelike,23,5341-1937-4427
2026-09-30T23:00:00Z,roguelike,24,4904-4001-2639
2026-09-30T23:00:00Z,roguelike,25,5786-6009-0800
2026-09-30T23:00:00Z,roguelike,26,0402-8300-3128
2026-09-30T23:00:00Z,roguelike,27,2612-2751-1484
2026-09-30T23:00:00Z,roguelike,28,7908-5661-9723
2026-09-30T23:00:00Z,roguelike,29,1311-3035-1480
2026-09-30T23:00:00Z,roguelike,30,5496-4456-1570
2026-09-30T23:00:00Z,roguelike,31,0986-9962-2231
2026-09-30T23:00:00Z,roguelike,32,4873-4878-1736
2026-09-30T23:00:00Z,roguelike,33,8347-7641-0377
2026-09-30T23:00:00Z,roguelike,34,3305-9667-7847
2026-09-30T23:00:00Z,roguelike,35,7340-5853-5689
2026-09-30T23:00:00Z,roguelike,36,8089-0616-8914
2026-09-30T23:00:00Z,roguelike,37,7892-3589-9902
2026-09-30T23:00:00Z,roguelike,38,8751-7536-0966
2026-09-30T23:00:00Z,roguelike,39,2005-9007-1508
2026-09-30T23:00:00Z,roguelike,40,9276-7287-3867
2026-09-30T23:00:00Z,roguelike,41,1775-4578-6904
2026-09-30T23:00:00Z,roguelike,42,7835-0173-6393
2026-09-30T23:00:00Z,roguelike,43,9024-9416-8450
2026-09-30T23:00:00Z,roguelike,44,3237-5036-7149
2026-09-30T23:00:00Z,roguelike,45,8168-9772-8295
2026-09-30T23:00:00Z,roguelike,46,8640-1404-5362
2026-09-30T23:00:00Z,roguelike,47,6076-7314-8789
2026-09-30T23:00:00Z,roguelike,48,7763-0396-3798
2026-09-30T23:00:00Z,roguelike,49,2214-7613-0030
2026-09-30T23:00:00Z,roguelike,50,2448-6514-7592
2026-09-30T23:00:00Z,party-mini-games,1,7786-0958-2481
2026-09-30T23:00:00Z,party-mini-games,2,4540-2792-0054
2026-09-30T23:00:00Z,party-mini-games,3,2713-8007-6156
2026-09-30T23:00:00Z,party-mini-games,4,0673-9062-5656
2026-09-30T23:00:00Z,party-mini-games,5,8532-9413-6963
2026-09-30T23:00:00Z,party-mini-games,6,5652-7404-8525
2026-09-30T23:00:00Z,party-mini-games,7,1245-9511-3686
2026-09-30T23:00:00Z,party-mini-games,8,5581-8600-6431
2026-09-30T23:00:00Z,party-mini-games,9,8583-8241-4270
2026-09-30T23:00:00Z,party-mini-games,10,9327-0023-8506
2026-09-30T23:00:00Z,party-mini-games,11,7159-6279-1617
2026-09-30T23:00:00Z,party-mini-games,12,9886-0074-1759
2026-09-30T23:00:00Z,party-mini-games,13,5047-4823-3041
2026-09-30T23:00:00Z,party-mini-games,14,5731-3854-1429
2026-09-30T23:00:00Z,party-mini-games,15,0674-9841-8616
2026-09-30T23:00:00Z,party-mini-games,16,5991-1334-7948
2026-09-30T23:00:00Z,party-mini-games,17,8879-1619-5419
2026-09-30T23:00:00Z,party-mini-games,18,8741-9528-4677
2026-09-30T23:00:00Z,party-mini-games,19,7473-0088-9373
2026-09-30T23:00:00Z,party-mini-games,20,2784-9853-5887
2026-09-30T23:00:00Z,party-mini-games,21,4491-6809-0801
2026-09-30T23:00:00Z,party-mini-games,22,6920-5457-5803
2026-09-30T23:00:00Z,party-mini-games,23,8742-0736-8164
2026-09-30T23:00:00Z,party-mini-games,24,4042-7237-7914
2026-09-30T23:00:00Z,party-mini-games,25,5354-0385-7005
2026-09-30T23:00:00Z,party-mini-games,26,0435-0111-2493
2026-09-30T23:00:00Z,party-mini-games,27,9883-5619-8599
2026-09-30T23:00:00Z,party-mini-games,28,9568-9742-7529
2026-09-30T23:00:00Z,party-mini-games,29,7011-3815-1384
2026-09-30T23:00:00Z,party-mini-games,30,2724-4064-5480
2026-09-30T23:00:00Z,party-mini-games,31,7832-3964-5638
2026-09-30T23:00:00Z,party-mini-games,32,2622-9824-2727
2026-09-30T23:00:00Z,party-mini-games,33,8712-8939-5935
2026-09-30T23:00:00Z,party-mini-games,34,3329-0873-1582
2026-09-30T23:00:00Z,party-mini-games,35,3100-7802-0060
2026-09-30T23:00:00Z,party-mini-games,36,8875-2455-5971
2026-09-30T23:00:00Z,party-mini-games,37,2676-0386-9889
2026-09-30T23:00:00Z,party-mini-games,38,5534-5280-2727
2026-09-30T23:00:00Z,party-mini-games,39,1216-9665-5612
2026-09-30T23:00:00Z,party-mini-games,40,0436-7111-2174
2026-09-30T23:00:00Z,party-mini-games,41,1262-4821-8692
2026-09-30T23:00:00Z,party-mini-games,42,5794-2200-8636
2026-09-30T23:00:00Z,party-mini-games,43,2977-5695-7180
2026-09-30T23:00:00Z,party-mini-games,44,3420-6567-5600
2026-09-30T23:00:00Z,party-mini-games,45,9126-1034-7522
2026-09-30T23:00:00Z,party-mini-games,46,8267-7919-1946
2026-09-30T23:00:00Z,party-mini-games,47,0893-9632-4745
2026-09-30T23:00:00Z,party-mini-games,48,0673-4212-9260
2026-09-30T23:00:00Z,party-mini-games,49,0860-0696-6226
2026-09-30T23:00:00Z,party-mini-games,50,8448-9780-4736
2026-09-30T23:00:00Z,music-rhythm,1,5494-2125-5108
2026-09-30T23:00:00Z,music-rhythm,2,8363-8237-0040
2026-09-30T23:00:00Z,music-rhythm,3,4330-3478-9064
2026-09-30T23:00:00Z,music-rhythm,4,0412-4007-2062
2026-09-30T23:00:00Z,music-rhythm,5,6298-5099-1591
2026-09-30T23:00:00Z,music-rhythm,6,9234-0447-6099
2026-09-30T23:00:00Z,music-rhythm,7,7385-6982-2296
2026-09-30T23:00:00Z,music-rhythm,8,2656-1343-6557
2026-09-30T23:00:00Z,music-rhythm,9,0078-0905-0736
2026-09-30T23:00:00Z,music-rhythm,10,1588-1140-6261
2026-09-30T23:00:00Z,music-rhythm,11,0960-0671-7810
2026-09-30T23:00:00Z,music-rhythm,12,3979-8693-2639
2026-09-30T23:00:00Z,music-rhythm,13,5542-5833-2901
2026-09-30T23:00:00Z,music-rhythm,14,9851-7455-1332
2026-09-30T23:00:00Z,music-rhythm,15,2796-4203-2086
2026-09-30T23:00:00Z,music-rhythm,16,2855-7768-7380
2026-09-30T23:00:00Z,music-rhythm,17,7780-4361-8500
2026-09-30T23:00:00Z,music-rhythm,18,4012-6126-4312
2026-09-30T23:00:00Z,music-rhythm,19,5261-2224-6992
2026-09-30T23:00:00Z,music-rhythm,20,6322-2686-0790
2026-09-30T23:00:00Z,music-rhythm,21,2214-4070-0866
2026-09-30T23:00:00Z,music-rhythm,22,1102-2771-9165
2026-09-30T23:00:00Z,music-rhythm,23,1316-4344-1374
2026-09-30T23:00:00Z,music-rhythm,24,7521-7547-6934
2026-09-30T23:00:00Z,music-rhythm,25,4020-2309-4390
2026-09-30T23:00:00Z,music-rhythm,26,6175-6100-8121
2026-09-30T23:00:00Z,music-rhythm,27,8743-3665-1978
2026-09-30T23:00:00Z,music-rhythm,28,2139-8857-2670
2026-09-30T23:00:00Z,music-rhythm,29,9312-3254-6209
2026-09-30T23:00:00Z,music-rhythm,30,9366-7818-9623
2026-09-30T23:00:00Z,music-rhythm,31,0453-4145-0318
2026-09-30T23:00:00Z,music-rhythm,32,1865-4829-7018
2026-09-30T23:00:00Z,music-rhythm,33,1965-7784-4866
2026-09-30T23:00:00Z,music-rhythm,34,3093-0676-2570
2026-09-30T23:00:00Z,music-rhythm,35,3623-7698-7986
2026-09-30T23:00:00Z,music-rhythm,36,7398-2123-7962
2026-09-30T23:00:00Z,music-rhythm,37,7088-7741-6876
2026-09-30T23:00:00Z,music-rhythm,38,7166-5731-7989
2026-09-30T23:00:00Z,music-rhythm,39,7322-9038-3287
2026-09-30T23:00:00Z,music-rhythm,40,8244-8226-3592
2026-09-30T23:00:00Z,music-rhythm,41,9025-6111-3977
2026-09-30T23:00:00Z,music-rhythm,42,6375-4205-5381
2026-09-30T23:00:00Z,music-rhythm,43,6951-1761-3233
2026-09-30T23:00:00Z,music-rhythm,44,9597-0169-1395
2026-09-30T23:00:00Z,music-rhythm,45,0920-8616-3607
2026-09-30T23:00:00Z,music-rhythm,46,4153-0784-8219
2026-09-30T23:00:00Z,music-rhythm,47,2137-2563-5605
2026-09-30T23:00:00Z,music-rhythm,48,9788-5804-2945
2026-09-30T23:00:00Z,music-rhythm,49,1227-4242-2251
2026-09-30T23:00:00Z,music-rhythm,50,9510-0473-8615
2026-09-30T23:00:00Z,horror,1,5253-8468-3364
2026-09-30T23:00:00Z,horror,2,2522-4269-4932
2026-09-30T23:00:00Z,horror,3,6386-2237-2556
2026-09-30T23:00:00Z,horror,4,1314-9783-9214
2026-09-30T23:00:00Z,horror,5,7693-2586-8371
2026-09-30T23:00:00Z,horror,6,5382-8693-1539
2026-09-30T23:00:00Z,horror,7,8832-3199-6129
2026-09-30T23:00:00Z,horror,8,7782-9349-5060
2026-09-30T23:00:00Z,horror,9,9919-3137-0527
2026-09-30T23:00:00Z,horror,10,1764-2576-3256
2026-09-30T23:00:00Z,horror,11,0487-9801-6989
2026-09-30T23:00:00Z,horror,12,3119-1652-2400
2026-09-30T23:00:00Z,horror,13,0257-0819-4941
2026-09-30T23:00:00Z,horror,14,8605-3450-1528
2026-09-30T23:00:00Z,horror,15,1168-3367-8346
2026-09-30T23:00:00Z,horror,16,9992-6976-2209
2026-09-30T23:00:00Z,horror,17,2468-9118-1077
2026-09-30T23:00:00Z,horror,18,6890-1483-5306
2026-09-30T23:00:00Z,horror,19,9321-4455-9371
2026-09-30T23:00:00Z,horror,20,1864-8667-0230
2026-09-30T23:00:00Z,horror,21,2742-7377-1715
2026-09-30T23:00:00Z,horror,22,1568-5476-4029
2026-09-30T23:00:00Z,horror,23,2350-8051-9251
2026-09-30T23:00:00Z,horror,24,2633-7144-2490
2026-09-30T23:00:00Z,horror,25,9238-2115-6656
2026-09-30T23:00:00Z,horror,26,9584-0626-1868
2026-09-30T23:00:00Z,horror,27,2576-1243-5698
2026-09-30T23:00:00Z,horror,28,6762-8090-5910
2026-09-30T23:00:00Z,horror,29,4062-2133-4209
2026-09-30T23:00:00Z,horror,30,0578-3069-6741
2026-09-30T23:00:00Z,horror,31,2237-7732-9798
2026-09-30T23:00:00Z,horror,32,7819-7148-6745
2026-09-30T23:00:00Z,horror,33,5131-0003-8428
2026-09-30T23:00:00Z,horror,34,9217-3432-0162
2026-09-30T23:00:00Z,horror,35,7088-2075-7031
2026-09-30T23:00:00Z,horror,36,2314-2552-7427
2026-09-30T23:00:00Z,horror,37,8198-8669-9805
2026-09-30T23:00:00Z,horror,38,1720-5066-5578
2026-09-30T23:00:00Z,horror,39,5141-9514-1133
2026-09-30T23:00:00Z,horror,40,5577-7889-8927
2026-09-30T23:00:00Z,horror,41,9921-7841-4598
2026-09-30T23:00:00Z,horror,42,6709-8336-7895
2026-09-30T23:00:00Z,horror,43,0307-5506-1191
2026-09-30T23:00:00Z,horror,44,0157-2279-6109
2026-09-30T23:00:00Z,horror,45,8579-5822-2717
2026-09-30T23:00:00Z,horror,46,6821-1481-6945
2026-09-30T23:00:00Z,horror,47,6110-2563-2086
2026-09-30T23:00:00Z,horror,48,7762-5575-8500
2026-09-30T23:00:00Z,horror,49,2798-4576-3463
2026-09-30T23:00:00Z,horror,50,4817-5352-1562
2026-09-30T23:00:00Z,deathrun-platformer,1,4366-9611-6988
2026-09-30T23:00:00Z,deathrun-platformer,2,9007-7666-4786
2026-09-30T23:00:00Z,deathrun-platformer,3,6595-9027-4333
2026-09-30T23:00:00Z,deathrun-platformer,4,2940-8798-4080
2026-09-30T23:00:00Z,deathrun-platformer,5,0710-5157-7407
2026-09-30T23:00:00Z,deathrun-platformer,6,4343-3421-7958
2026-09-30T23:00:00Z,deathrun-platformer,7,4908-2342-7558
2026-09-30T23:00:00Z,deathrun-platformer,8,9386-6875-7537
2026-09-30T23:00:00Z,deathrun-platformer,9,4354-7775-3883
2026-09-30T23:00:00Z,deathrun-platformer,10,1642-0360-3864
2026-09-30T23:00:00Z,deathrun-platformer,11,5263-9200-9917
2026-09-30T23:00:00Z,deathrun-platformer,12,9244-4434-0472
2026-09-30T23:00:00Z,deathrun-platformer,13,0736-1280-3933
2026-09-30T23:00:00Z,deathrun-platformer,14,9156-5231-8691
2026-09-30T23:00:00Z,deathrun-platformer,15,3925-7256-2331
2026-09-30T23:00:00Z,deathrun-platformer,16,1454-1373-6959
2026-09-30T23:00:00Z,deathrun-platformer,17,8123-3522-7412
2026-09-30T23:00:00Z,deathrun-platformer,18,1798-2026-9632
2026-09-30T23:00:00Z,deathrun-platformer,19,7258-2095-7806
2026-09-30T23:00:00Z,deathrun-platformer,20,9212-3487-1562
2026-09-30T23:00:00Z,deathrun-platformer,21,8101-3554-2146
2026-09-30T23:00:00Z,deathrun-platformer,22,6324-7516-2150
2026-09-30T23:00:00Z,deathrun-platformer,23,0554-1640-9952
2026-09-30T23:00:00Z,deathrun-platformer,24,3917-1289-9880
2026-09-30T23:00:00Z,deathrun-platformer,25,9597-4167-2516
2026-09-30T23:00:00Z,deathrun-platformer,26,2228-5758-0657
2026-09-30T23:00:00Z,deathrun-platformer,27,7076-6111-1715
2026-09-30T23:00:00Z,deathrun-platformer,28,2404-7138-9724
2026-09-30T23:00:00Z,deathrun-platformer,29,1683-6205-8518
2026-09-30T23:00:00Z,deathrun-platformer,30,1897-9963-4956
2026-09-30T23:00:00Z,deathrun-platformer,31,8909-5020-6970
2026-09-30T23:00:00Z,deathrun-platformer,32,3979-1445-1486
2026-09-30T23:00:00Z,deathrun-platformer,33,1227-2324-3775
2026-09-30T23:00:00Z,deathrun-platformer,34,3553-6094-4319
2026-09-30T23:00:00Z,deathrun-platformer,35,2622-9880-0913
2026-09-30T23:00:00Z,deathrun-platformer,36,8101-2752-7998
2026-09-30T23:00:00Z,deathrun-platformer,37,7433-0342-4105
2026-09-30T23:00:00Z,deathrun-platformer,38,2655-9467-6796
2026-09-30T23:00:00Z,deathrun-platformer,39,3411-1131-2813
2026-09-30T23:00:00Z,deathrun-platformer,40,5497-6332-8508
2026-09-30T23:00:00Z,deathrun-platformer,41,8561-0432-5080
2026-09-30T23:00:00Z,deathrun-platformer,42,1256-8502-0727
2026-09-30T23:00:00Z,deathrun-platformer,43,3459-8612-8153
2026-09-30T23:00:00Z,deathrun-platformer,44,6907-0729-6439
2026-09-30T23:00:00Z,deathrun-platformer,45,7662-9243-4059
2026-09-30T23:00:00Z,deathrun-platformer,46,1677-1787-1660
2026-09-30T23:00:00Z,deathrun-platformer,47,9103-4908-5016
2026-09-30T23:00:00Z,deathrun-platformer,48,0535-7169-4733
2026-09-30T23:00:00Z,deathrun-platformer,49,8103-1383-8856
2026-09-30T23:00:00Z,deathrun-platformer,50,8671-2143-9286
2026-09-30T23:00:00Z,battle-royale,1,2515-6266-7600
2026-09-30T23:00:00Z,battle-royale,2,3305-1551-7747
2026-09-30T23:00:00Z,battle-royale,3,3729-0643-9775
2026-09-30T23:00:00Z,battle-royale,4,7835-3901-1999
2026-09-30T23:00:00Z,battle-royale,5,8298-6891-9930
2026-09-30T23:00:00Z,battle-royale,6,1832-0431-4852
2026-09-30T23:00:00Z,battle-royale,7,8064-7152-2934
2026-09-30T23:00:00Z,battle-royale,8,6570-5231-1418
2026-09-30T23:00:00Z,battle-royale,9,6562-8953-6567
2026-09-30T23:00:00Z,battle-royale,10,5075-1953-0397
2026-09-30T23:00:00Z,battle-royale,11,4859-7673-2109
2026-09-30T23:00:00Z,battle-royale,12,6568-3461-2958
2026-09-30T23:00:00Z,battle-royale,13,9854-1829-8735
2026-09-30T23:00:00Z,battle-royale,14,7950-6306-4857
2026-09-30T23:00:00Z,battle-royale,15,8189-6786-4181
2026-09-30T23:00:00Z,battle-royale,16,3537-4087-0888
2026-09-30T23:00:00Z,battle-royale,17,6809-4712-6549
2026-09-30T23:00:00Z,battle-royale,18,6013-7804-4824
2026-09-30T23:00:00Z,battle-royale,19,7686-1102-4551
2026-09-30T23:00:00Z,battle-royale,20,6369-4500-6726
2026-09-30T23:00:00Z,battle-royale,21,4062-1024-9914
2026-09-30T23:00:00Z,battle-royale,22,1513-6690-9481
2026-09-30T23:00:00Z,battle-royale,23,9133-8645-9405
2026-09-30T23:00:00Z,battle-royale,24,7541-3275-7180
2026-09-30T23:00:00Z,battle-royale,25,7675-8305-9560
2026-09-30T23:00:00Z,battle-royale,26,5938-7405-7629
2026-09-30T23:00:00Z,battle-royale,27,8089-7542-3407
2026-09-30T23:00:00Z,battle-royale,28,2325-4055-3398
2026-09-30T23:00:00Z,battle-royale,29,9860-3691-4813
2026-09-30T23:00:00Z,battle-royale,30,4059-2791-0712
2026-09-30T23:00:00Z,battle-royale,31,8887-1914-7284
2026-09-30T23:00:00Z,battle-royale,32,6127-8949-1207
2026-09-30T23:00:00Z,battle-royale,33,6729-1898-6860
2026-09-30T23:00:00Z,battle-royale,34,9546-9918-8917
2026-09-30T23:00:00Z,battle-royale,35,1541-6710-6518
2026-09-30T23:00:00Z,battle-royale,36,7660-6907-4933
2026-09-30T23:00:00Z,battle-royale,37,8512-6272-4935
2026-09-30T23:00:00Z,battle-royale,38,8301-9379-2032
2026-09-30T23:00:00Z,battle-royale,39,6940-8669-1904
2026-09-30T23:00:00Z,battle-royale,40,6908-1868-5705
2026-09-30T23:00:00Z,battle-royale,41,7793-4297-5018
2026-09-30T23:00:00Z,battle-royale,42,2565-2684-5169
2026-09-30T23:00:00Z,battle-royale,43,7808-8734-4407
2026-09-30T23:00:00Z,battle-royale,44,1760-0152-1306
2026-09-30T23:00:00Z,battle-royale,45,0666-2340-0381
2026-09-30T23:00:00Z,battle-royale,46,8226-2379-7713
2026-09-30T23:00:00Z,battle-royale,47,8322-2884-5019
2026-09-30T23:00:00Z,battle-royale,48,5140-1276-9835
2026-09-30T23:00:00Z,battle-royale,49,6133-4335-3668
2026-09-30T23:00:00Z,battle-royale,50,8942-4322-3496
2026-09-30T23:00:00Z,adventure-rpg,1,6059-3243-8283
2026-09-30T23:00:00Z,adventure-rpg,2,0671-8802-1176
2026-09-30T23:00:00Z,adventure-rpg,3,9692-6857-0327
2026-09-30T23:00:00Z,adventure-rpg,4,3516-1318-8293
2026-09-30T23:00:00Z,adventure-rpg,5,3469-7377-0976
2026-09-30T23:00:00Z,adventure-rpg,6,5832-5810-8828
2026-09-30T23:00:00Z,adventure-rpg,7,8196-4536-7814
2026-09-30T23:00:00Z,adventure-rpg,8,4225-6009-1837
2026-09-30T23:00:00Z,adventure-rpg,9,6187-4944-9063
2026-09-30T23:00:00Z,adventure-rpg,10,8396-9258-5687
2026-09-30T23:00:00Z,adventure-rpg,11,1314-6986-8879
2026-09-30T23:00:00Z,adventure-rpg,12,9125-7128-0659
2026-09-30T23:00:00Z,adventure-rpg,13,7071-9693-9251
2026-09-30T23:00:00Z,adventure-rpg,14,7008-8933-8450
2026-09-30T23:00:00Z,adventure-rpg,15,8014-3560-5859
2026-09-30T23:00:00Z,adventure-rpg,16,2920-2320-7704
2026-09-30T23:00:00Z,adventure-rpg,17,0314-6799-1559
2026-09-30T23:00:00Z,adventure-rpg,18,4570-5009-7097
2026-09-30T23:00:00Z,adventure-rpg,19,5508-4673-4976
2026-09-30T23:00:00Z,adventure-rpg,20,7376-9013-2270
2026-09-30T23:00:00Z,adventure-rpg,21,1653-1671-8190
2026-09-30T23:00:00Z,adventure-rpg,22,9534-2869-1735
2026-09-30T23:00:00Z,adventure-rpg,23,1862-1345-3293
2026-09-30T23:00:00Z,adventure-rpg,24,2525-9596-3235
2026-09-30T23:00:00Z,adventure-rpg,25,9276-6145-6532
2026-09-30T23:00:00Z,adventure-rpg,26,1254-9325-4547
2026-09-30T23:00:00Z,adventure-rpg,27,5652-8758-6723
2026-09-30T23:00:00Z,adventure-rpg,28,2058-2606-2161
2026-09-30T23:00:00Z,adventure-rpg,29,0725-5637-6639
2026-09-30T23:00:00Z,adventure-rpg,30,8402-7861-9119
2026-09-30T23:00:00Z,adventure-rpg,31,6209-0418-4528
2026-09-30T23:00:00Z,adventure-rpg,32,7474-2686-2725
2026-09-30T23:00:00Z,adventure-rpg,33,2436-3464-6968
2026-09-30T23:00:00Z,adventure-rpg,34,0423-7203-4888
2026-09-30T23:00:00Z,adventure-rpg,35,6571-7653-5835
2026-09-30T23:00:00Z,adventure-rpg,36,8101-6792-2860
2026-09-30T23:00:00Z,adventure-rpg,37,8964-3786-2615
2026-09-30T23:00:00Z,adventure-rpg,38,4172-7336-5964
2026-09-30T23:00:00Z,adventure-rpg,39,2313-4464-7728
2026-09-30T23:00:00Z,adventure-rpg,40,7078-1340-8086
2026-09-30T23:00:00Z,adventure-rpg,41,6386-7442-4098
2026-09-30T23:00:00Z,adventure-rpg,42,2668-5883-1928
2026-09-30T23:00:00Z,adventure-rpg,43,7154-1898-4800
2026-09-30T23:00:00Z,adventure-rpg,44,5311-5226-9042
2026-09-30T23:00:00Z,adventure-rpg,45,9135-6797-0922
2026-09-30T23:00:00Z,adventure-rpg,46,5440-4984-3473
2026-09-30T23:00:00Z,adventure-rpg,47,6385-1718-1727
2026-09-30T23:00:00Z,adventure-rpg,48,3082-7624-8490
2026-09-30T23:00:00Z,adventure-rpg,49,1755-3520-7492
2026-09-30T23:00:00Z,adventure-rpg,50,6786-0537-1526
2026-09-30T22:00:00Z,survival,1,9188-1632-7825
2026-09-30T22:00:00Z,survival,2,0433-7147-9507
2026-09-30T22:00:00Z,survival,3,5730-3480-1526
2026-09-30T22:00:00Z,survival,4,4815-5387-2781
2026-09-30T22:00:00Z,survival,5,7573-8227-3687
2026-09-30T22:00:00Z,survival,6,8344-0475-7589
2026-09-30T22:00:00Z,survival,7,8158-4113-6425
2026-09-30T22:00:00Z,survival,8,7996-5597-0868
2026-09-30T22:00:00Z,survival,9,0414-9655-8152
2026-09-30T22:00:00Z,survival,10,1796-9956-7050
2026-09-30T22:00:00Z,survival,11,7067-8314-8282
2026-09-30T22:00:00Z,survival,12,1596-1780-8043
2026-09-30T22:00:00Z,survival,13,4044-4229-5848
2026-09-30T22:00:00Z,survival,14,4422-3120-1826
2026-09-30T22:00:00Z,survival,15,8267-8586-5910
2026-09-30T22:00:00Z,survival,16,6496-6950-7716
2026-09-30T22:00:00Z,survival,17,7114-0727-8746
2026-09-30T22:00:00Z,survival,18,0016-4027-1527
2026-09-30T22:00:00Z,survival,19,8980-4396-1703
2026-09-30T22:00:00Z,survival,20,3962-2471-5978
2026-09-30T22:00:00Z,survival,21,2436-2062-1192
2026-09-30T22:00:00Z,survival,22,9697-3257-3440
2026-09-30T22:00:00Z,survival,23,3729-8899-3878
2026-09-30T22:00:00Z,survival,24,0303-4919-9451
2026-09-30T22:00:00Z,survival,25,6020-0463-4029
2026-09-30T22:00:00Z,survival,26,4590-2874-3408
2026-09-30T22:00:00Z,survival,27,9113-8457-6931
2026-09-30T22:00:00Z,survival,28,8731-3741-4800
2026-09-30T22:00:00Z,survival,29,2312-3096-3140
2026-09-30T22:00:00Z,survival,30,0501-0341-1188
2026-09-30T22:00:00Z,survival,31,5177-3498-9905
2026-09-30T22:00:00Z,survival,32,2891-2163-4404
2026-09-30T22:00:00Z,survival,33,4040-1657-7028
2026-09-30T22:00:00Z,survival,34,8464-5780-9092
2026-09-30T22:00:00Z,survival,35,1862-8843-9022
2026-09-30T22:00:00Z,survival,36,1631-0751-4517
2026-09-30T22:00:00Z,survival,37,7433-9605-1878
2026-09-30T22:00:00Z,survival,38,6643-0220-6840
2026-09-30T22:00:00Z,survival,39,7879-4955-5616
2026-09-30T22:00:00Z,survival,40,2887-3641-3853
2026-09-30T22:00:00Z,survival,41,7541-2314-8381
2026-09-30T22:00:00Z,survival,42,4891-5404-4305
2026-09-30T22:00:00Z,survival,43,1975-2264-9250
2026-09-30T22:00:00Z,survival,44,4792-9643-5878
2026-09-30T22:00:00Z,survival,45,8109-9408-0285
2026-09-30T22:00:00Z,survival,46,1654-7479-6688
2026-09-30T22:00:00Z,survival,47,9584-6301-7470
2026-09-30T22:00:00Z,survival,48,0031-5091-6071
2026-09-30T22:00:00Z,survival,49,9028-3453-4977
2026-09-30T22:00:00Z,survival,50,4420-8150-0081
2026-09-30T22:00:00Z,strategy,1,7048-8422-2298
2026-09-30T22:00:00Z,strategy,2,2276-7799-6979
2026-09-30T22:00:00Z,strategy,3,1734-8951-4401
2026-09-30T22:00:00Z,strategy,4,2535-4586-1991
2026-09-30T22:00:00Z,strategy,5,3916-5715-6958
2026-09-30T22:00:00Z,strategy,6,6363-0883-5921
2026-09-30T22:00:00Z,strategy,7,1228-4163-2585
2026-09-30T22:00:00Z,strategy,8,0630-7533-2925
2026-09-30T22:00:00Z,strategy,9,9298-6844-1902
2026-09-30T22:00:00Z,strategy,10,9783-9810-3294
2026-09-30T22:00:00Z,strategy,11,4242-0938-3923
2026-09-30T22:00:00Z,strategy,12,8920-0084-1283
2026-09-30T22:00:00Z,strategy,13,1188-8174-4193
2026-09-30T22:00:00Z,strategy,14,4164-3090-6037
2026-09-30T22:00:00Z,strategy,15,6297-1255-9507
2026-09-30T22:00:00Z,strategy,16,3412-7952-4124
2026-09-30T22:00:00Z,strategy,17,5395-6775-1946
2026-09-30T22:00:00Z,strategy,18,9787-3863-4932
2026-09-30T22:00:00Z,strategy,19,7609-5422-4216
2026-09-30T22:00:00Z,strategy,20,1567-9953-7924
2026-09-30T22:00:00Z,strategy,21,7412-3162-8807
2026-09-30T22:00:00Z,strategy,22,4871-9402-3833
2026-09-30T22:00:00Z,strategy,23,8913-4666-5702
2026-09-30T22:00:00Z,strategy,24,9628-7746-8609
2026-09-30T22:00:00Z,strategy,25,6414-8933-4975
2026-09-30T22:00:00Z,strategy,26,7564-5632-1658
2026-09-30T22:00:00Z,strategy,27,4255-2253-6171
2026-09-30T22:00:00Z,strategy,28,2961-6678-0690
2026-09-30T22:00:00Z,strategy,29,7965-9617-6749
2026-09-30T22:00:00Z,strategy,30,8424-0608-7805
2026-09-30T22:00:00Z,strategy,31,1258-9836-5815
2026-09-30T22:00:00Z,strategy,32,8541-5086-2780
2026-09-30T22:00:00Z,strategy,33,7231-5872-7729
2026-09-30T22:00:00Z,strategy,34,8167-3237-2573
2026-09-30T22:00:00Z,strategy,35,0994-5575-3942
2026-09-30T22:00:00Z,strategy,36,5169-6549-3901
2026-09-30T22:00:00Z,strategy,37,7077-8808-8587
2026-09-30T22:00:00Z,strategy,38,9521-8509-1490
2026-09-30T22:00:00Z,strategy,39,6242-3212-5148
2026-09-30T22:00:00Z,strategy,40,6952-5647-3887
2026-09-30T22:00:00Z,strategy,41,3839-5965-5316
2026-09-30T22:00:00Z,strategy,42,3869-7705-8164
2026-09-30T22:00:00Z,strategy,43,2342-8150-0779
2026-09-30T22:00:00Z,strategy,44,4156-2673-6987
2026-09-30T22:00:00Z,strategy,45,5847-4835-5094
2026-09-30T22:00:00Z,strategy,46,8167-6908-4201
2026-09-30T22:00:00Z,strategy,47,8682-5544-2364
2026-09-30T22:00:00Z,strategy,48,0457-9349-1892
2026-09-30T22:00:00Z,strategy,49,9278-7199-1625
2026-09-30T22:00:00Z,strategy,50,3449-2525-3800
2026-09-30T22:00:00Z,sports-racing,1,0105-1573-8859
2026-09-30T22:00:00Z,sports-racing,2,1840-5666-3032
2026-09-30T22:00:00Z,sports-racing,3,2678-5257-1845
2026-09-30T22:00:00Z,sports-racing,4,3705-2464-1791
2026-09-30T22:00:00Z,sports-racing,5,1057-0240-8438
2026-09-30T22:00:00Z,sports-racing,6,6295-5561-4675
2026-09-30T22:00:00Z,sports-racing,7,9711-2456-0459
2026-09-30T22:00:00Z,sports-racing,8,8430-6522-1585
2026-09-30T22:00:00Z,sports-racing,9,7399-8763-4003
2026-09-30T22:00:00Z,sports-racing,10,0128-8650-6625
2026-09-30T22:00:00Z,sports-racing,11,8144-9733-4847
2026-09-30T22:00:00Z,sports-racing,12,8648-0924-3171
2026-09-30T22:00:00Z,sports-racing,13,0678-5781-2301
2026-09-30T22:00:00Z,sports-racing,14,8475-0556-2572
2026-09-30T22:00:00Z,sports-racing,15,9465-4421-6613
2026-09-30T22:00:00Z,sports-racing,16,1114-3520-5951
2026-09-30T22:00:00Z,sports-racing,17,5057-4951-6943
2026-09-30T22:00:00Z,sports-racing,18,1652-7714-7390
2026-09-30T22:00:00Z,sports-racing,19,7550-7578-1580
2026-09-30T22:00:00Z,sports-racing,20,8436-9283-4649
2026-09-30T22:00:00Z,sports-racing,21,3652-0494-8746
2026-09-30T22:00:00Z,sports-racing,22,5031-0762-3451
2026-09-30T22:00:00Z,sports-racing,23,3416-7958-3725
2026-09-30T22:00:00Z,sports-racing,24,0149-9884-9995
2026-09-30T22:00:00Z,sports-racing,25,1939-6305-3282
2026-09-30T22:00:00Z,sports-racing,26,4780-5837-9361
2026-09-30T22:00:00Z,sports-racing,27,8731-2682-3263
2026-09-30T22:00:00Z,sports-racing,28,0995-3311-4975
2026-09-30T22:00:00Z,sports-racing,29,2328-4917-4726
2026-09-30T22:00:00Z,sports-racing,30,6565-2750-9419
2026-09-30T22:00:00Z,sports-racing,31,5471-6824-3140
2026-09-30T22:00:00Z,sports-racing,32,3791-0891-9328
2026-09-30T22:00:00Z,sports-racing,33,8651-2378-8481
2026-09-30T22:00:00Z,sports-racing,34,1657-5138-8925
2026-09-30T22:00:00Z,sports-racing,35,6242-1463-8607
2026-09-30T22:00:00Z,sports-racing,36,7650-7578-5439
2026-09-30T22:00:00Z,sports-racing,37,0663-5322-8835
2026-09-30T22:00:00Z,sports-racing,38,5447-8602-7966
2026-09-30T22:00:00Z,sports-racing,39,3903-3827-3994
2026-09-30T22:00:00Z,sports-racing,40,1524-2991-0978
2026-09-30T22:00:00Z,sports-racing,41,3425-3555-6235
2026-09-30T22:00:00Z,sports-racing,42,9430-4155-5345
2026-09-30T22:00:00Z,sports-racing,43,9986-9734-4157
2026-09-30T22:00:00Z,sports-racing,44,9885-4630-9385
2026-09-30T22:00:00Z,sports-racing,45,0791-0978-9230
2026-09-30T22:00:00Z,sports-racing,46,1987-4481-0780
2026-09-30T22:00:00Z,sports-racing,47,8264-5043-0269
2026-09-30T22:00:00Z,sports-racing,48,8665-1473-0638
2026-09-30T22:00:00Z,sports-racing,49,3202-1282-2824
2026-09-30T22:00:00Z,sports-racing,50,8851-5720-7614
2026-09-30T22:00:00Z,simulation-tycoon,1,7875-7934-3852
2026-09-30T22:00:00Z,simulation-tycoon,2,7865-8305-9184
2026-09-30T22:00:00Z,simulation-tycoon,3,3225-0366-8885
2026-09-30T22:00:00Z,simulation-tycoon,4,5372-7436-3186
2026-09-30T22:00:00Z,simulation-tycoon,5,3501-7237-8602
2026-09-30T22:00:00Z,simulation-tycoon,6,6980-2761-9936
2026-09-30T22:00:00Z,simulation-tycoon,7,8810-6988-0934
2026-09-30T22:00:00Z,simulation-tycoon,8,0017-2877-1308
2026-09-30T22:00:00Z,simulation-tycoon,9,6820-0759-2181
2026-09-30T22:00:00Z,simulation-tycoon,10,4351-0076-8767
2026-09-30T22:00:00Z,simulation-tycoon,11,2557-3355-0240
2026-09-30T22:00:00Z,simulation-tycoon,12,0740-9649-8381
2026-09-30T22:00:00Z,simulation-tycoon,13,1931-6763-0020
2026-09-30T22:00:00Z,simulation-tycoon,14,6586-8735-3733
2026-09-30T22:00:00Z,simulation-tycoon,15,7116-2671-7537
2026-09-30T22:00:00Z,simulation-tycoon,16,5655-2869-7519
2026-09-30T22:00:00Z,simulation-tycoon,17,2118-2046-4129
2026-09-30T22:00:00Z,simulation-tycoon,18,5580-1238-2267
2026-09-30T22:00:00Z,simulation-tycoon,19,7513-3482-7052
2026-09-30T22:00:00Z,simulation-tycoon,20,4554-4413-1515
2026-09-30T22:00:00Z,simulation-tycoon,21,8201-1056-8175
2026-09-30T22:00:00Z,simulation-tycoon,22,4177-0661-0836
2026-09-30T22:00:00Z,simulation-tycoon,23,7672-1003-7237
2026-09-30T22:00:00Z,simulation-tycoon,24,2787-1164-2583
2026-09-30T22:00:00Z,simulation-tycoon,25,2311-7649-8274
2026-09-30T22:00:00Z,simulation-tycoon,26,0045-4126-6765
2026-09-30T22:00:00Z,simulation-tycoon,27,7113-0641-3989
2026-09-30T22:00:00Z,simulation-tycoon,28,4408-6119-0091
2026-09-30T22:00:00Z,simulation-tycoon,29,9774-9755-1041
2026-09-30T22:00:00Z,simulation-tycoon,30,2911-9500-1274
2026-09-30T22:00:00Z,simulation-tycoon,31,2896-3986-5659
2026-09-30T22:00:00Z,simulation-tycoon,32,1503-4746-6491
2026-09-30T22:00:00Z,simulation-tycoon,33,0722-1566-1361
2026-09-30T22:00:00Z,simulation-tycoon,34,1499-6977-1308
2026-09-30T22:00:00Z,simulation-tycoon,35,8014-3138-7722
2026-09-30T22:00:00Z,simulation-tycoon,36,6632-7522-0569
2026-09-30T22:00:00Z,simulation-tycoon,37,8841-2492-6825
2026-09-30T22:00:00Z,simulation-tycoon,38,4032-4883-0195
2026-09-30T22:00:00Z,simulation-tycoon,39,8039-8238-9814
2026-09-30T22:00:00Z,simulation-tycoon,40,6026-2375-3494
2026-09-30T22:00:00Z,simulation-tycoon,41,7708-7851-9349
2026-09-30T22:00:00Z,simulation-tycoon,42,4838-2014-5851
2026-09-30T22:00:00Z,simulation-tycoon,43,9202-4878-0759
2026-09-30T22:00:00Z,simulation-tycoon,44,6466-1906-0131
2026-09-30T22:00:00Z,simulation-tycoon,45,2448-9503-4803
2026-09-30T22:00:00Z,simulation-tycoon,46,8697-2056-3630
2026-09-30T22:00:00Z,simulation-tycoon,47,5483-8202-6004
2026-09-30T22:00:00Z,simulation-tycoon,48,6982-1889-5260
2026-09-30T22:00:00Z,simulation-tycoon,49,3694-1078-5324
2026-09-30T22:00:00Z,simulation-tycoon,50,2007-4387-0287
2026-09-30T22:00:00Z,shooter,1,0148-0322-5437
2026-09-30T22:00:00Z,shooter,2,6155-1398-4059
2026-09-30T22:00:00Z,shooter,3,4590-4493-7113
2026-09-30T22:00:00Z,shooter,4,8765-4125-9209
2026-09-30T22:00:00Z,shooter,5,8234-1352-6956
2026-09-30T22:00:00Z,shooter,6,7441-9489-4182
2026-09-30T22:00:00Z,shooter,7,2898-7886-8847
2026-09-30T22:00:00Z,shooter,8,2424-4344-7824
2026-09-30T22:00:00Z,shooter,9,6366-6217-9042
2026-09-30T22:00:00Z,shooter,10,1032-8514-3619
2026-09-30T22:00:00Z,shooter,11,2786-2114-8349
2026-09-30T22:00:00Z,shooter,12,2198-3887-7937
2026-09-30T22:00:00Z,shooter,13,3181-8882-6695
2026-09-30T22:00:00Z,shooter,14,8402-3642-6726
2026-09-30T22:00:00Z,shooter,15,7189-6304-0824
2026-09-30T22:00:00Z,shooter,16,9520-0654-8075
2026-09-30T22:00:00Z,shooter,17,2202-9105-4524
2026-09-30T22:00:00Z,shooter,18,6594-5354-3157
2026-09-30T22:00:00Z,shooter,19,7255-5785-9726
2026-09-30T22:00:00Z,shooter,20,4133-1036-9239
2026-09-30T22:00:00Z,shooter,21,0004-9973-3062
2026-09-30T22:00:00Z,shooter,22,6242-8952-3865
2026-09-30T22:00:00Z,shooter,23,1650-4346-6758
2026-09-30T22:00:00Z,shooter,24,8003-2362-4527
2026-09-30T22:00:00Z,shooter,25,1602-6355-3892
2026-09-30T22:00:00Z,shooter,26,5112-1759-8096
2026-09-30T22:00:00Z,shooter,27,2543-1561-6190
2026-09-30T22:00:00Z,shooter,28,3533-5211-7130
2026-09-30T22:00:00Z,shooter,29,8796-0181-8340
2026-09-30T22:00:00Z,shooter,30,7117-1516-1889
2026-09-30T22:00:00Z,shooter,31,2559-8530-8915
2026-09-30T22:00:00Z,shooter,32,8685-1467-7801
2026-09-30T22:00:00Z,shooter,33,1128-5504-3888
2026-09-30T22:00:00Z,shooter,34,2930-7963-4380
2026-09-30T22:00:00Z,shooter,35,0153-8328-7526
2026-09-30T22:00:00Z,shooter,36,8068-9359-0183
2026-09-30T22:00:00Z,shooter,37,3237-7822-8160
2026-09-30T22:00:00Z,shooter,38,9266-3680-2665
2026-09-30T22:00:00Z,shooter,39,6000-7886-3571
2026-09-30T22:00:00Z,shooter,40,9046-0506-5429
2026-09-30T22:00:00Z,shooter,41,4432-4107-7174
2026-09-30T22:00:00Z,shooter,42,5350-0181-7790
2026-09-30T22:00:00Z,shooter,43,4149-7703-8010
2026-09-30T22:00:00Z,shooter,44,4174-4446-0308
2026-09-30T22:00:00Z,shooter,45,9344-4615-7680
2026-09-30T22:00:00Z,shooter,46,3469-7289-3843
2026-09-30T22:00:00Z,shooter,47,2579-4043-9607
2026-09-30T22:00:00Z,shooter,48,8069-6453-5914
2026-09-30T22:00:00Z,shooter,49,1478-6145-6503
2026-09-30T22:00:00Z,shooter,50,3914-7486-9996
2026-09-30T22:00:00Z,roleplaying-social,1,9909-6421-7669
2026-09-30T22:00:00Z,roleplaying-social,2,7112-8777-0902
2026-09-30T22:00:00Z,roleplaying-social,3,6462-6469-4435
2026-09-30T22:00:00Z,roleplaying-social,4,4220-9404-7987
2026-09-30T22:00:00Z,roleplaying-social,5,9862-4661-6699
2026-09-30T22:00:00Z,roleplaying-social,6,6163-6465-2983
2026-09-30T22:00:00Z,roleplaying-social,7,7314-4269-5911
2026-09-30T22:00:00Z,roleplaying-social,8,1404-2424-6999
2026-09-30T22:00:00Z,roleplaying-social,9,9960-1973-3840
2026-09-30T22:00:00Z,roleplaying-social,10,8352-7392-6528
2026-09-30T22:00:00Z,roleplaying-social,11,3589-2124-6433
2026-09-30T22:00:00Z,roleplaying-social,12,5791-2777-2631
2026-09-30T22:00:00Z,roleplaying-social,13,6246-3089-1172
2026-09-30T22:00:00Z,roleplaying-social,14,3576-3976-5738
2026-09-30T22:00:00Z,roleplaying-social,15,6032-4340-0635
2026-09-30T22:00:00Z,roleplaying-social,16,3527-4959-6539
2026-09-30T22:00:00Z,roleplaying-social,17,9139-3598-0890
2026-09-30T22:00:00Z,roleplaying-social,18,9942-5443-3752
2026-09-30T22:00:00Z,roleplaying-social,19,4838-7147-7903
2026-09-30T22:00:00Z,roleplaying-social,20,2378-8503-5724
2026-09-30T22:00:00Z,roleplaying-social,21,0324-6525-3171
2026-09-30T22:00:00Z,roleplaying-social,22,6681-4393-8409
2026-09-30T22:00:00Z,roleplaying-social,23,5926-8267-4114
2026-09-30T22:00:00Z,roleplaying-social,24,5210-2587-9252
2026-09-30T22:00:00Z,roleplaying-social,25,7044-5372-4741
2026-09-30T22:00:00Z,roleplaying-social,26,4773-6741-9721
2026-09-30T22:00:00Z,roleplaying-social,27,6698-2376-8888
2026-09-30T22:00:00Z,roleplaying-social,28,6672-6548-6091
2026-09-30T22:00:00Z,roleplaying-social,29,6274-5849-1460
2026-09-30T22:00:00Z,roleplaying-social,30,9215-3374-2716
2026-09-30T22:00:00Z,roleplaying-social,31,2821-7347-1072
2026-09-30T22:00:00Z,roleplaying-social,32,8359-5244-2189
2026-09-30T22:00:00Z,roleplaying-social,33,7971-1781-8515
2026-09-30T22:00:00Z,roleplaying-social,34,3727-5611-9151
2026-09-30T22:00:00Z,roleplaying-social,35,0235-8623-3183
2026-09-30T22:00:00Z,roleplaying-social,36,1128-5158-6207
2026-09-30T22:00:00Z,roleplaying-social,37,5275-2097-9470
2026-09-30T22:00:00Z,roleplaying-social,38,9378-1633-0419
2026-09-30T22:00:00Z,roleplaying-social,39,0555-8302-4764
2026-09-30T22:00:00Z,roleplaying-social,40,3369-4671-4228
2026-09-30T22:00:00Z,roleplaying-social,41,4051-4682-5311
2026-09-30T22:00:00Z,roleplaying-social,42,3219-0434-0660
2026-09-30T22:00:00Z,roleplaying-social,43,0611-2221-8150
2026-09-30T22:00:00Z,roleplaying-social,44,6351-9562-0264
2026-09-30T22:00:00Z,roleplaying-social,45,7578-1606-3889
2026-09-30T22:00:00Z,roleplaying-social,46,4950-3394-4317
2026-09-30T22:00:00Z,roleplaying-social,47,2327-7349-9384
2026-09-30T22:00:00Z,roleplaying-social,48,8238-3374-0527
2026-09-30T22:00:00Z,roleplaying-social,49,9311-4440-0582
2026-09-30T22:00:00Z,roleplaying-social,50,0996-9650-0261
2026-09-30T22:00:00Z,roguelike,1,8105-9005-4478
2026-09-30T22:00:00Z,roguelike,2,1316-2698-6957
2026-09-30T22:00:00Z,roguelike,3,3815-6126-3210
2026-09-30T22:00:00Z,roguelike,4,5410-9748-9230
2026-09-30T22:00:00Z,roguelike,5,7300-0705-2924
2026-09-30T22:00:00Z,roguelike,6,0243-3963-9174
2026-09-30T22:00:00Z,roguelike,7,0450-2818-4646
2026-09-30T22:00:00Z,roguelike,8,9638-2905-2989
2026-09-30T22:00:00Z,roguelike,9,7660-6642-4841
2026-09-30T22:00:00Z,roguelike,10,2202-8403-6747
2026-09-30T22:00:00Z,roguelike,11,6177-7138-0133
2026-09-30T22:00:00Z,roguelike,12,5838-7237-3736
2026-09-30T22:00:00Z,roguelike,13,0953-8380-0428
2026-09-30T22:00:00Z,roguelike,14,0335-8436-1670
2026-09-30T22:00:00Z,roguelike,15,5371-4743-1449
2026-09-30T22:00:00Z,roguelike,16,2910-9885-0062
2026-09-30T22:00:00Z,roguelike,17,2778-3915-9162
2026-09-30T22:00:00Z,roguelike,18,9543-4980-8804
2026-09-30T22:00:00Z,roguelike,19,3793-8653-7610
2026-09-30T22:00:00Z,roguelike,20,1257-8964-6713
2026-09-30T22:00:00Z,roguelike,21,6266-7599-9295
2026-09-30T22:00:00Z,roguelike,22,6561-6479-3496
2026-09-30T22:00:00Z,roguelike,23,4904-4001-2639
2026-09-30T22:00:00Z,roguelike,24,0402-8300-3128
2026-09-30T22:00:00Z,roguelike,25,5341-1937-4427
2026-09-30T22:00:00Z,roguelike,26,7908-5661-9723
2026-09-30T22:00:00Z,roguelike,27,5786-6009-0800
2026-09-30T22:00:00Z,roguelike,28,2612-2751-1484
2026-09-30T22:00:00Z,roguelike,29,5496-4456-1570
2026-09-30T22:00:00Z,roguelike,30,4873-4878-1736
2026-09-30T22:00:00Z,roguelike,31,0986-9962-2231
2026-09-30T22:00:00Z,roguelike,32,1311-3035-1480
2026-09-30T22:00:00Z,roguelike,33,7835-0173-6393
2026-09-30T22:00:00Z,roguelike,34,8089-0616-8914
2026-09-30T22:00:00Z,roguelike,35,7340-5853-5689
2026-09-30T22:00:00Z,roguelike,36,8751-7536-0966
2026-09-30T22:00:00Z,roguelike,37,1775-4578-6904
2026-09-30T22:00:00Z,roguelike,38,9024-9416-8450
2026-09-30T22:00:00Z,roguelike,39,7892-3589-9902
2026-09-30T22:00:00Z,roguelike,40,2214-7613-0030
2026-09-30T22:00:00Z,roguelike,41,7763-0396-3798
2026-09-30T22:00:00Z,roguelike,42,2005-9007-1508
2026-09-30T22:00:00Z,roguelike,43,9311-7979-3371
2026-09-30T22:00:00Z,roguelike,44,8347-7641-0377
2026-09-30T22:00:00Z,roguelike,45,8640-1404-5362
2026-09-30T22:00:00Z,roguelike,46,9276-7287-3867
2026-09-30T22:00:00Z,roguelike,47,3305-9667-7847
2026-09-30T22:00:00Z,roguelike,48,6472-9315-0735
2026-09-30T22:00:00Z,roguelike,49,3237-5036-7149
2026-09-30T22:00:00Z,roguelike,50,2448-6514-7592
2026-09-30T22:00:00Z,party-mini-games,1,7786-0958-2481
2026-09-30T22:00:00Z,party-mini-games,2,4540-2792-0054
2026-09-30T22:00:00Z,party-mini-games,3,2713-8007-6156
2026-09-30T22:00:00Z,party-mini-games,4,0673-9062-5656
2026-09-30T22:00:00Z,party-mini-games,5,8532-9413-6963
2026-09-30T22:00:00Z,party-mini-games,6,5652-7404-8525
2026-09-30T22:00:00Z,party-mini-games,7,1245-9511-3686
2026-09-30T22:00:00Z,party-mini-games,8,5581-8600-6431
2026-09-30T22:00:00Z,party-mini-games,9,8583-8241-4270
2026-09-30T22:00:00Z,party-mini-games,10,7159-6279-1617
2026-09-30T22:00:00Z,party-mini-games,11,5047-4823-3041
2026-09-30T22:00:00Z,party-mini-games,12,9327-0023-8506
2026-09-30T22:00:00Z,party-mini-games,13,9886-0074-1759
2026-09-30T22:00:00Z,party-mini-games,14,5731-3854-1429
2026-09-30T22:00:00Z,party-mini-games,15,5991-1334-7948
2026-09-30T22:00:00Z,party-mini-games,16,8879-1619-5419
2026-09-30T22:00:00Z,party-mini-games,17,0674-9841-8616
2026-09-30T22:00:00Z,party-mini-games,18,8741-9528-4677
2026-09-30T22:00:00Z,party-mini-games,19,4491-6809-0801
2026-09-30T22:00:00Z,party-mini-games,20,7473-0088-9373
2026-09-30T22:00:00Z,party-mini-games,21,2784-9853-5887
2026-09-30T22:00:00Z,party-mini-games,22,6920-5457-5803
2026-09-30T22:00:00Z,party-mini-games,23,9568-9742-7529
2026-09-30T22:00:00Z,party-mini-games,24,4042-7237-7914
2026-09-30T22:00:00Z,party-mini-games,25,2724-4064-5480
2026-09-30T22:00:00Z,party-mini-games,26,8742-0736-8164
2026-09-30T22:00:00Z,party-mini-games,27,0435-0111-2493
2026-09-30T22:00:00Z,party-mini-games,28,7832-3964-5638
2026-09-30T22:00:00Z,party-mini-games,29,9883-5619-8599
2026-09-30T22:00:00Z,party-mini-games,30,7011-3815-1384
2026-09-30T22:00:00Z,party-mini-games,31,8712-8939-5935
2026-09-30T22:00:00Z,party-mini-games,32,5354-0385-7005
2026-09-30T22:00:00Z,party-mini-games,33,2622-9824-2727
2026-09-30T22:00:00Z,party-mini-games,34,3100-7802-0060
2026-09-30T22:00:00Z,party-mini-games,35,3329-0873-1582
2026-09-30T22:00:00Z,party-mini-games,36,8875-2455-5971
2026-09-30T22:00:00Z,party-mini-games,37,2676-0386-9889
2026-09-30T22:00:00Z,party-mini-games,38,1216-9665-5612
2026-09-30T22:00:00Z,party-mini-games,39,5534-5280-2727
2026-09-30T22:00:00Z,party-mini-games,40,0436-7111-2174
2026-09-30T22:00:00Z,party-mini-games,41,5123-4159-8163
2026-09-30T22:00:00Z,party-mini-games,42,0860-0696-6226
2026-09-30T22:00:00Z,party-mini-games,43,1262-4821-8692
2026-09-30T22:00:00Z,party-mini-games,44,2977-5695-7180
2026-09-30T22:00:00Z,party-mini-games,45,3420-6567-5600
2026-09-30T22:00:00Z,party-mini-games,46,3417-0732-9948
2026-09-30T22:00:00Z,party-mini-games,47,5255-5400-1491
2026-09-30T22:00:00Z,party-mini-games,48,5794-2200-8636
2026-09-30T22:00:00Z,party-mini-games,49,9126-1034-7522
2026-09-30T22:00:00Z,party-mini-games,50,6708-3435-6367
2026-09-30T22:00:00Z,music-rhythm,1,5494-2125-5108
2026-09-30T22:00:00Z,music-rhythm,2,8363-8237-0040
2026-09-30T22:00:00Z,music-rhythm,3,0412-4007-2062
2026-09-30T22:00:00Z,music-rhythm,4,4330-3478-9064
2026-09-30T22:00:00Z,music-rhythm,5,6298-5099-1591
2026-09-30T22:00:00Z,music-rhythm,6,9234-0447-6099
2026-09-30T22:00:00Z,music-rhythm,7,7385-6982-2296
2026-09-30T22:00:00Z,music-rhythm,8,2656-1343-6557
2026-09-30T22:00:00Z,music-rhythm,9,0078-0905-0736
2026-09-30T22:00:00Z,music-rhythm,10,1588-1140-6261
2026-09-30T22:00:00Z,music-rhythm,11,9851-7455-1332
2026-09-30T22:00:00Z,music-rhythm,12,5542-5833-2901
2026-09-30T22:00:00Z,music-rhythm,13,3979-8693-2639
2026-09-30T22:00:00Z,music-rhythm,14,2796-4203-2086
2026-09-30T22:00:00Z,music-rhythm,15,0960-0671-7810
2026-09-30T22:00:00Z,music-rhythm,16,4012-6126-4312
2026-09-30T22:00:00Z,music-rhythm,17,2855-7768-7380
2026-09-30T22:00:00Z,music-rhythm,18,2214-4070-0866
2026-09-30T22:00:00Z,music-rhythm,19,6322-2686-0790
2026-09-30T22:00:00Z,music-rhythm,20,7780-4361-8500
2026-09-30T22:00:00Z,music-rhythm,21,5261-2224-6992
2026-09-30T22:00:00Z,music-rhythm,22,7521-7547-6934
2026-09-30T22:00:00Z,music-rhythm,23,8743-3665-1978
2026-09-30T22:00:00Z,music-rhythm,24,4020-2309-4390
2026-09-30T22:00:00Z,music-rhythm,25,7166-5731-7989
2026-09-30T22:00:00Z,music-rhythm,26,6175-6100-8121
2026-09-30T22:00:00Z,music-rhythm,27,3093-0676-2570
2026-09-30T22:00:00Z,music-rhythm,28,9312-3254-6209
2026-09-30T22:00:00Z,music-rhythm,29,2139-8857-2670
2026-09-30T22:00:00Z,music-rhythm,30,9865-7444-0084
2026-09-30T22:00:00Z,music-rhythm,31,9510-0473-8615
2026-09-30T22:00:00Z,music-rhythm,32,3623-7698-7986
2026-09-30T22:00:00Z,music-rhythm,33,7322-9038-3287
2026-09-30T22:00:00Z,music-rhythm,34,9366-7818-9623
2026-09-30T22:00:00Z,music-rhythm,35,1874-8836-5419
2026-09-30T22:00:00Z,music-rhythm,36,1316-4344-1374
2026-09-30T22:00:00Z,music-rhythm,37,6000-5068-3133
2026-09-30T22:00:00Z,music-rhythm,38,9788-5804-2945
2026-09-30T22:00:00Z,music-rhythm,39,0920-8616-3607
2026-09-30T22:00:00Z,music-rhythm,40,6485-2863-0795
2026-09-30T22:00:00Z,music-rhythm,41,6951-1761-3233
2026-09-30T22:00:00Z,music-rhythm,42,2427-3025-9162
2026-09-30T22:00:00Z,music-rhythm,43,8244-8226-3592
2026-09-30T22:00:00Z,music-rhythm,44,7398-2123-7962
2026-09-30T22:00:00Z,music-rhythm,45,2122-3581-0836
2026-09-30T22:00:00Z,music-rhythm,46,1105-5421-9687
2026-09-30T22:00:00Z,music-rhythm,47,7635-0836-3702
2026-09-30T22:00:00Z,music-rhythm,48,1101-5048-7690
2026-09-30T22:00:00Z,music-rhythm,49,2993-3450-0391
2026-09-30T22:00:00Z,music-rhythm,50,8047-6953-2839
2026-09-30T22:00:00Z,horror,1,5253-8468-3364
2026-09-30T22:00:00Z,horror,2,2522-4269-4932
2026-09-30T22:00:00Z,horror,3,6386-2237-2556
2026-09-30T22:00:00Z,horror,4,1314-9783-9214
2026-09-30T22:00:00Z,horror,5,7693-2586-8371
2026-09-30T22:00:00Z,horror,6,5382-8693-1539
2026-09-30T22:00:00Z,horror,7,8832-3199-6129
2026-09-30T22:00:00Z,horror,8,7782-9349-5060
2026-09-30T22:00:00Z,horror,9,1764-2576-3256
2026-09-30T22:00:00Z,horror,10,9919-3137-0527
2026-09-30T22:00:00Z,horror,11,8605-3450-1528
2026-09-30T22:00:00Z,horror,12,0487-9801-6989
2026-09-30T22:00:00Z,horror,13,9992-6976-2209
2026-09-30T22:00:00Z,horror,14,0257-0819-4941
2026-09-30T22:00:00Z,horror,15,3119-1652-2400
2026-09-30T22:00:00Z,horror,16,1864-8667-0230
2026-09-30T22:00:00Z,horror,17,6890-1483-5306
2026-09-30T22:00:00Z,horror,18,9321-4455-9371
2026-09-30T22:00:00Z,horror,19,2742-7377-1715
2026-09-30T22:00:00Z,horror,20,2468-9118-1077
2026-09-30T22:00:00Z,horror,21,1168-3367-8346
2026-09-30T22:00:00Z,horror,22,2350-8051-9251
2026-09-30T22:00:00Z,horror,23,1568-5476-4029
2026-09-30T22:00:00Z,horror,24,2633-7144-2490
2026-09-30T22:00:00Z,horror,25,2576-1243-5698
2026-09-30T22:00:00Z,horror,26,7819-7148-6745
2026-09-30T22:00:00Z,horror,27,9584-0626-1868
2026-09-30T22:00:00Z,horror,28,2237-7732-9798
2026-09-30T22:00:00Z,horror,29,9238-2115-6656
2026-09-30T22:00:00Z,horror,30,5131-0003-8428
2026-09-30T22:00:00Z,horror,31,7088-2075-7031
2026-09-30T22:00:00Z,horror,32,6762-8090-5910
2026-09-30T22:00:00Z,horror,33,9217-3432-0162
2026-09-30T22:00:00Z,horror,34,4062-2133-4209
2026-09-30T22:00:00Z,horror,35,1720-5066-5578
2026-09-30T22:00:00Z,horror,36,0578-3069-6741
2026-09-30T22:00:00Z,horror,37,6709-8336-7895
2026-09-30T22:00:00Z,horror,38,8198-8669-9805
2026-09-30T22:00:00Z,horror,39,2314-2552-7427
2026-09-30T22:00:00Z,horror,40,8579-5822-2717
2026-09-30T22:00:00Z,horror,41,5577-7889-8927
2026-09-30T22:00:00Z,horror,42,5141-9514-1133
2026-09-30T22:00:00Z,horror,43,0307-5506-1191
2026-09-30T22:00:00Z,horror,44,5807-5643-8192
2026-09-30T22:00:00Z,horror,45,8894-0005-5598
2026-09-30T22:00:00Z,horror,46,8552-8014-0910
2026-09-30T22:00:00Z,horror,47,3928-9721-1307
2026-09-30T22:00:00Z,horror,48,6821-1481-6945
2026-09-30T22:00:00Z,horror,49,9921-7841-4598
2026-09-30T22:00:00Z,horror,50,4817-5352-1562
2026-09-30T22:00:00Z,deathrun-platformer,1,4366-9611-6988
2026-09-30T22:00:00Z,deathrun-platformer,2,9007-7666-4786
2026-09-30T22:00:00Z,deathrun-platformer,3,6595-9027-4333
2026-09-30T22:00:00Z,deathrun-platformer,4,2940-8798-4080
2026-09-30T22:00:00Z,deathrun-platformer,5,0710-5157-7407
2026-09-30T22:00:00Z,deathrun-platformer,6,4343-3421-7958
2026-09-30T22:00:00Z,deathrun-platformer,7,1642-0360-3864
2026-09-30T22:00:00Z,deathrun-platformer,8,4908-2342-7558
2026-09-30T22:00:00Z,deathrun-platformer,9,9386-6875-7537
2026-09-30T22:00:00Z,deathrun-platformer,10,4354-7775-3883
2026-09-30T22:00:00Z,deathrun-platformer,11,5263-9200-9917
2026-09-30T22:00:00Z,deathrun-platformer,12,9156-5231-8691
2026-09-30T22:00:00Z,deathrun-platformer,13,9244-4434-0472
2026-09-30T22:00:00Z,deathrun-platformer,14,1454-1373-6959
2026-09-30T22:00:00Z,deathrun-platformer,15,0736-1280-3933
2026-09-30T22:00:00Z,deathrun-platformer,16,7258-2095-7806
2026-09-30T22:00:00Z,deathrun-platformer,17,3925-7256-2331
2026-09-30T22:00:00Z,deathrun-platformer,18,9212-3487-1562
2026-09-30T22:00:00Z,deathrun-platformer,19,8123-3522-7412
2026-09-30T22:00:00Z,deathrun-platformer,20,1798-2026-9632
2026-09-30T22:00:00Z,deathrun-platformer,21,3917-1289-9880
2026-09-30T22:00:00Z,deathrun-platformer,22,8101-3554-2146
2026-09-30T22:00:00Z,deathrun-platformer,23,9597-4167-2516
2026-09-30T22:00:00Z,deathrun-platformer,24,6324-7516-2150
2026-09-30T22:00:00Z,deathrun-platformer,25,7076-6111-1715
2026-09-30T22:00:00Z,deathrun-platformer,26,0554-1640-9952
2026-09-30T22:00:00Z,deathrun-platformer,27,2228-5758-0657
2026-09-30T22:00:00Z,deathrun-platformer,28,8909-5020-6970
2026-09-30T22:00:00Z,deathrun-platformer,29,1227-2324-3775
2026-09-30T22:00:00Z,deathrun-platformer,30,8561-0432-5080
2026-09-30T22:00:00Z,deathrun-platformer,31,1897-9963-4956
2026-09-30T22:00:00Z,deathrun-platformer,32,3553-6094-4319
2026-09-30T22:00:00Z,deathrun-platformer,33,2622-9880-0913
2026-09-30T22:00:00Z,deathrun-platformer,34,8101-2752-7998
2026-09-30T22:00:00Z,deathrun-platformer,35,5497-6332-8508
2026-09-30T22:00:00Z,deathrun-platformer,36,2655-9467-6796
2026-09-30T22:00:00Z,deathrun-platformer,37,3459-8612-8153
2026-09-30T22:00:00Z,deathrun-platformer,38,1683-6205-8518
2026-09-30T22:00:00Z,deathrun-platformer,39,6907-0729-6439
2026-09-30T22:00:00Z,deathrun-platformer,40,1677-1787-1660
2026-09-30T22:00:00Z,deathrun-platformer,41,7433-0342-4105
2026-09-30T22:00:00Z,deathrun-platformer,42,7662-9243-4059
2026-09-30T22:00:00Z,deathrun-platformer,43,0466-6572-0487
2026-09-30T22:00:00Z,deathrun-platformer,44,5806-7486-0073
2026-09-30T22:00:00Z,deathrun-platformer,45,8068-2328-1672
2026-09-30T22:00:00Z,deathrun-platformer,46,8112-4293-6684
2026-09-30T22:00:00Z,deathrun-platformer,47,4639-9854-0388
2026-09-30T22:00:00Z,deathrun-platformer,48,9103-4908-5016
2026-09-30T22:00:00Z,deathrun-platformer,49,5707-5301-8219
2026-09-30T22:00:00Z,deathrun-platformer,50,0535-7169-4733
2026-09-30T22:00:00Z,battle-royale,1,2515-6266-7600
2026-09-30T22:00:00Z,battle-royale,2,3305-1551-7747
2026-09-30T22:00:00Z,battle-royale,3,3729-0643-9775
2026-09-30T22:00:00Z,battle-royale,4,7835-3901-1999
2026-09-30T22:00:00Z,battle-royale,5,8298-6891-9930
2026-09-30T22:00:00Z,battle-royale,6,8064-7152-2934
2026-09-30T22:00:00Z,battle-royale,7,1832-0431-4852
2026-09-30T22:00:00Z,battle-royale,8,6570-5231-1418
2026-09-30T22:00:00Z,battle-royale,9,5075-1953-0397
2026-09-30T22:00:00Z,battle-royale,10,6562-8953-6567
2026-09-30T22:00:00Z,battle-royale,11,4859-7673-2109
2026-09-30T22:00:00Z,battle-royale,12,6568-3461-2958
2026-09-30T22:00:00Z,battle-royale,13,9854-1829-8735
2026-09-30T22:00:00Z,battle-royale,14,7950-6306-4857
2026-09-30T22:00:00Z,battle-royale,15,3537-4087-0888
2026-09-30T22:00:00Z,battle-royale,16,8189-6786-4181
2026-09-30T22:00:00Z,battle-royale,17,6809-4712-6549
2026-09-30T22:00:00Z,battle-royale,18,6013-7804-4824
2026-09-30T22:00:00Z,battle-royale,19,6369-4500-6726
2026-09-30T22:00:00Z,battle-royale,20,7686-1102-4551
2026-09-30T22:00:00Z,battle-royale,21,9133-8645-9405
2026-09-30T22:00:00Z,battle-royale,22,4062-1024-9914
2026-09-30T22:00:00Z,battle-royale,23,1513-6690-9481
2026-09-30T22:00:00Z,battle-royale,24,5938-7405-7629
2026-09-30T22:00:00Z,battle-royale,25,8089-7542-3407
2026-09-30T22:00:00Z,battle-royale,26,1541-6710-6518
2026-09-30T22:00:00Z,battle-royale,27,4059-2791-0712
2026-09-30T22:00:00Z,battle-royale,28,2325-4055-3398
2026-09-30T22:00:00Z,battle-royale,29,7541-3275-7180
2026-09-30T22:00:00Z,battle-royale,30,6127-8949-1207
2026-09-30T22:00:00Z,battle-royale,31,7675-8305-9560
2026-09-30T22:00:00Z,battle-royale,32,9860-3691-4813
2026-09-30T22:00:00Z,battle-royale,33,6940-8669-1904
2026-09-30T22:00:00Z,battle-royale,34,6908-1868-5705
2026-09-30T22:00:00Z,battle-royale,35,7660-6907-4933
2026-09-30T22:00:00Z,battle-royale,36,2565-2684-5169
2026-09-30T22:00:00Z,battle-royale,37,8301-9379-2032
2026-09-30T22:00:00Z,battle-royale,38,9546-9918-8917
2026-09-30T22:00:00Z,battle-royale,39,6729-1898-6860
2026-09-30T22:00:00Z,battle-royale,40,7793-4297-5018
2026-09-30T22:00:00Z,battle-royale,41,8512-6272-4935
2026-09-30T22:00:00Z,battle-royale,42,0666-2340-0381
2026-09-30T22:00:00Z,battle-royale,43,8322-2884-5019
2026-09-30T22:00:00Z,battle-royale,44,5140-1276-9835
2026-09-30T22:00:00Z,battle-royale,45,7808-8734-4407
2026-09-30T22:00:00Z,battle-royale,46,8887-1914-7284
2026-09-30T22:00:00Z,battle-royale,47,3462-0061-0008
2026-09-30T22:00:00Z,battle-royale,48,1760-0152-1306
2026-09-30T22:00:00Z,battle-royale,49,8226-2379-7713
2026-09-30T22:00:00Z,battle-royale,50,7683-7320-6305
2026-09-30T22:00:00Z,adventure-rpg,1,0671-8802-1176
2026-09-30T22:00:00Z,adventure-rpg,2,6059-3243-8283
2026-09-30T22:00:00Z,adventure-rpg,3,9692-6857-0327
2026-09-30T22:00:00Z,adventure-rpg,4,3516-1318-8293
2026-09-30T22:00:00Z,adventure-rpg,5,8196-4536-7814
2026-09-30T22:00:00Z,adventure-rpg,6,5832-5810-8828
2026-09-30T22:00:00Z,adventure-rpg,7,3469-7377-0976
2026-09-30T22:00:00Z,adventure-rpg,8,4225-6009-1837
2026-09-30T22:00:00Z,adventure-rpg,9,6187-4944-9063
2026-09-30T22:00:00Z,adventure-rpg,10,8396-9258-5687
2026-09-30T22:00:00Z,adventure-rpg,11,9125-7128-0659
2026-09-30T22:00:00Z,adventure-rpg,12,7071-9693-9251
2026-09-30T22:00:00Z,adventure-rpg,13,1314-6986-8879
2026-09-30T22:00:00Z,adventure-rpg,14,7008-8933-8450
2026-09-30T22:00:00Z,adventure-rpg,15,2920-2320-7704
2026-09-30T22:00:00Z,adventure-rpg,16,9276-6145-6532
2026-09-30T22:00:00Z,adventure-rpg,17,7376-9013-2270
2026-09-30T22:00:00Z,adventure-rpg,18,8014-3560-5859
2026-09-30T22:00:00Z,adventure-rpg,19,4570-5009-7097
2026-09-30T22:00:00Z,adventure-rpg,20,1653-1671-8190
2026-09-30T22:00:00Z,adventure-rpg,21,5652-8758-6723
2026-09-30T22:00:00Z,adventure-rpg,22,9057-4992-0617
2026-09-30T22:00:00Z,adventure-rpg,23,1755-3520-7492
2026-09-30T22:00:00Z,adventure-rpg,24,1862-1345-3293
2026-09-30T22:00:00Z,adventure-rpg,25,2525-9596-3235
2026-09-30T22:00:00Z,adventure-rpg,26,9534-2869-1735
2026-09-30T22:00:00Z,adventure-rpg,27,8402-7861-9119
2026-09-30T22:00:00Z,adventure-rpg,28,6209-0418-4528
2026-09-30T22:00:00Z,adventure-rpg,29,2058-2606-2161
2026-09-30T22:00:00Z,adventure-rpg,30,1254-9325-4547
2026-09-30T22:00:00Z,adventure-rpg,31,8101-6792-2860
2026-09-30T22:00:00Z,adventure-rpg,32,7474-2686-2725
2026-09-30T22:00:00Z,adventure-rpg,33,0423-7203-4888
2026-09-30T22:00:00Z,adventure-rpg,34,0725-5637-6639
2026-09-30T22:00:00Z,adventure-rpg,35,8964-3786-2615
2026-09-30T22:00:00Z,adventure-rpg,36,7154-1898-4800
2026-09-30T22:00:00Z,adventure-rpg,37,6385-1718-1727
2026-09-30T22:00:00Z,adventure-rpg,38,4172-7336-5964
2026-09-30T22:00:00Z,adventure-rpg,39,2313-4464-7728
2026-09-30T22:00:00Z,adventure-rpg,40,9135-6797-0922
2026-09-30T22:00:00Z,adventure-rpg,41,2436-3464-6968
2026-09-30T22:00:00Z,adventure-rpg,42,1324-1016-2565
2026-09-30T22:00:00Z,adventure-rpg,43,2668-5883-1928
2026-09-30T22:00:00Z,adventure-rpg,44,6571-7653-5835
2026-09-30T22:00:00Z,adventure-rpg,45,6674-2610-0256
2026-09-30T22:00:00Z,adventure-rpg,46,7078-1340-8086
2026-09-30T22:00:00Z,adventure-rpg,47,5440-4984-3473
2026-09-30T22:00:00Z,adventure-rpg,48,6395-0064-0327
2026-09-30T22:00:00Z,adventure-rpg,49,3082-7624-8490
2026-09-30T22:00:00Z,adventure-rpg,50,6386-7442-4098
2026-09-30T21:00:00Z,survival,1,9188-1632-7825
2026-09-30T21:00:00Z,survival,2,0433-7147-9507
2026-09-30T21:00:00Z,survival,3,5730-3480-1526
2026-09-30T21:00:00Z,survival,4,7573-8227-3687
2026-09-30T21:00:00Z,survival,5,4815-5387-2781
2026-09-30T21:00:00Z,survival,6,2436-2062-1192
2026-09-30T21:00:00Z,survival,7,6496-6950-7716
2026-09-30T21:00:00Z,survival,8,7996-5597-0868
2026-09-30T21:00:00Z,survival,9,0414-9655-8152
2026-09-30T21:00:00Z,survival,10,8344-0475-7589
2026-09-30T21:00:00Z,survival,11,1796-9956-7050
2026-09-30T21:00:00Z,survival,12,1596-1780-8043
2026-09-30T21:00:00Z,survival,13,8158-4113-6425
2026-09-30T21:00:00Z,survival,14,4044-4229-5848
2026-09-30T21:00:00Z,survival,15,4422-3120-1826
2026-09-30T21:00:00Z,survival,16,7067-8314-8282
2026-09-30T21:00:00Z,survival,17,8762-0684-6216
2026-09-30T21:00:00Z,survival,18,7114-0727-8746
2026-09-30T21:00:00Z,survival,19,8980-4396-1703
2026-09-30T21:00:00Z,survival,20,3962-2471-5978
2026-09-30T21:00:00Z,survival,21,3729-8899-3878
2026-09-30T21:00:00Z,survival,22,0016-4027-1527
2026-09-30T21:00:00Z,survival,23,9697-3257-3440
2026-09-30T21:00:00Z,survival,24,0303-4919-9451
2026-09-30T21:00:00Z,survival,25,8267-8586-5910
2026-09-30T21:00:00Z,survival,26,9113-8457-6931
2026-09-30T21:00:00Z,survival,27,5177-3498-9905
2026-09-30T21:00:00Z,survival,28,1862-8843-9022
2026-09-30T21:00:00Z,survival,29,0501-0341-1188
2026-09-30T21:00:00Z,survival,30,4590-2874-3408
2026-09-30T21:00:00Z,survival,31,8731-3741-4800
2026-09-30T21:00:00Z,survival,32,8464-5780-9092
2026-09-30T21:00:00Z,survival,33,6020-0463-4029
2026-09-30T21:00:00Z,survival,34,4891-5404-4305
2026-09-30T21:00:00Z,survival,35,1631-0751-4517
2026-09-30T21:00:00Z,survival,36,2891-2163-4404
2026-09-30T21:00:00Z,survival,37,7541-2314-8381
2026-09-30T21:00:00Z,survival,38,7433-9605-1878
2026-09-30T21:00:00Z,survival,39,6643-0220-6840
2026-09-30T21:00:00Z,survival,40,4040-1657-7028
2026-09-30T21:00:00Z,survival,41,4792-9643-5878
2026-09-30T21:00:00Z,survival,42,0342-9116-8723
2026-09-30T21:00:00Z,survival,43,2887-3641-3853
2026-09-30T21:00:00Z,survival,44,1654-7479-6688
2026-09-30T21:00:00Z,survival,45,4771-7215-5767
2026-09-30T21:00:00Z,survival,46,9028-3453-4977
2026-09-30T21:00:00Z,survival,47,4420-8150-0081
2026-09-30T21:00:00Z,survival,48,6348-0826-3854
2026-09-30T21:00:00Z,survival,49,2312-3096-3140
2026-09-30T21:00:00Z,survival,50,7879-4955-5616
2026-09-30T21:00:00Z,strategy,1,7048-8422-2298
2026-09-30T21:00:00Z,strategy,2,2276-7799-6979
2026-09-30T21:00:00Z,strategy,3,1734-8951-4401
2026-09-30T21:00:00Z,strategy,4,2535-4586-1991
2026-09-30T21:00:00Z,strategy,5,3916-5715-6958
2026-09-30T21:00:00Z,strategy,6,6363-0883-5921
2026-09-30T21:00:00Z,strategy,7,1228-4163-2585
2026-09-30T21:00:00Z,strategy,8,0630-7533-2925
2026-09-30T21:00:00Z,strategy,9,4242-0938-3923
2026-09-30T21:00:00Z,strategy,10,9783-9810-3294
2026-09-30T21:00:00Z,strategy,11,9298-6844-1902
2026-09-30T21:00:00Z,strategy,12,8920-0084-1283
2026-09-30T21:00:00Z,strategy,13,4871-9402-3833
2026-09-30T21:00:00Z,strategy,14,1188-8174-4193
2026-09-30T21:00:00Z,strategy,15,4164-3090-6037
2026-09-30T21:00:00Z,strategy,16,3412-7952-4124
2026-09-30T21:00:00Z,strategy,17,6297-1255-9507
2026-09-30T21:00:00Z,strategy,18,9787-3863-4932
2026-09-30T21:00:00Z,strategy,19,5395-6775-1946
2026-09-30T21:00:00Z,strategy,20,7609-5422-4216
2026-09-30T21:00:00Z,strategy,21,1567-9953-7924
2026-09-30T21:00:00Z,strategy,22,8167-3237-2573
2026-09-30T21:00:00Z,strategy,23,9628-7746-8609
2026-09-30T21:00:00Z,strategy,24,7412-3162-8807
2026-09-30T21:00:00Z,strategy,25,8541-5086-2780
2026-09-30T21:00:00Z,strategy,26,7564-5632-1658
2026-09-30T21:00:00Z,strategy,27,8913-4666-5702
2026-09-30T21:00:00Z,strategy,28,4255-2253-6171
2026-09-30T21:00:00Z,strategy,29,6414-8933-4975
2026-09-30T21:00:00Z,strategy,30,1258-9836-5815
2026-09-30T21:00:00Z,strategy,31,0994-5575-3942
2026-09-30T21:00:00Z,strategy,32,9521-8509-1490
2026-09-30T21:00:00Z,strategy,33,5169-6549-3901
2026-09-30T21:00:00Z,strategy,34,7965-9617-6749
2026-09-30T21:00:00Z,strategy,35,7231-5872-7729
2026-09-30T21:00:00Z,strategy,36,3839-5965-5316
2026-09-30T21:00:00Z,strategy,37,2961-6678-0690
2026-09-30T21:00:00Z,strategy,38,8424-0608-7805
2026-09-30T21:00:00Z,strategy,39,3739-8935-2450
2026-09-30T21:00:00Z,strategy,40,0678-0014-4695
2026-09-30T21:00:00Z,strategy,41,8233-2850-1360
2026-09-30T21:00:00Z,strategy,42,7540-0507-8614
2026-09-30T21:00:00Z,strategy,43,1996-3369-0924
2026-09-30T21:00:00Z,strategy,44,4590-6735-9594
2026-09-30T21:00:00Z,strategy,45,6242-3212-5148
2026-09-30T21:00:00Z,strategy,46,3449-2525-3800
2026-09-30T21:00:00Z,strategy,47,8167-6908-4201
2026-09-30T21:00:00Z,strategy,48,7100-7386-3046
2026-09-30T21:00:00Z,strategy,49,2342-8150-0779
2026-09-30T21:00:00Z,strategy,50,6153-1610-8062
2026-09-30T21:00:00Z,sports-racing,1,1840-5666-3032
2026-09-30T21:00:00Z,sports-racing,2,0105-1573-8859
2026-09-30T21:00:00Z,sports-racing,3,2678-5257-1845
2026-09-30T21:00:00Z,sports-racing,4,3705-2464-1791
2026-09-30T21:00:00Z,sports-racing,5,1057-0240-8438
2026-09-30T21:00:00Z,sports-racing,6,6295-5561-4675
2026-09-30T21:00:00Z,sports-racing,7,9711-2456-0459
2026-09-30T21:00:00Z,sports-racing,8,8430-6522-1585
2026-09-30T21:00:00Z,sports-racing,9,7399-8763-4003
2026-09-30T21:00:00Z,sports-racing,10,0128-8650-6625
2026-09-30T21:00:00Z,sports-racing,11,0678-5781-2301
2026-09-30T21:00:00Z,sports-racing,12,8648-0924-3171
2026-09-30T21:00:00Z,sports-racing,13,8475-0556-2572
2026-09-30T21:00:00Z,sports-racing,14,8144-9733-4847
2026-09-30T21:00:00Z,sports-racing,15,3416-7958-3725
2026-09-30T21:00:00Z,sports-racing,16,1114-3520-5951
2026-09-30T21:00:00Z,sports-racing,17,7550-7578-1580
2026-09-30T21:00:00Z,sports-racing,18,8436-9283-4649
2026-09-30T21:00:00Z,sports-racing,19,9465-4421-6613
2026-09-30T21:00:00Z,sports-racing,20,1652-7714-7390
2026-09-30T21:00:00Z,sports-racing,21,3652-0494-8746
2026-09-30T21:00:00Z,sports-racing,22,5031-0762-3451
2026-09-30T21:00:00Z,sports-racing,23,0995-3311-4975
2026-09-30T21:00:00Z,sports-racing,24,4780-5837-9361
2026-09-30T21:00:00Z,sports-racing,25,1939-6305-3282
2026-09-30T21:00:00Z,sports-racing,26,0149-9884-9995
2026-09-30T21:00:00Z,sports-racing,27,6565-2750-9419
2026-09-30T21:00:00Z,sports-racing,28,8731-2682-3263
2026-09-30T21:00:00Z,sports-racing,29,1657-5138-8925
2026-09-30T21:00:00Z,sports-racing,30,2328-4917-4726
2026-09-30T21:00:00Z,sports-racing,31,5471-6824-3140
2026-09-30T21:00:00Z,sports-racing,32,8651-2378-8481
2026-09-30T21:00:00Z,sports-racing,33,3791-0891-9328
2026-09-30T21:00:00Z,sports-racing,34,3903-3827-3994
2026-09-30T21:00:00Z,sports-racing,35,7650-7578-5439
2026-09-30T21:00:00Z,sports-racing,36,5447-8602-7966
2026-09-30T21:00:00Z,sports-racing,37,6242-1463-8607
2026-09-30T21:00:00Z,sports-racing,38,9885-4630-9385
2026-09-30T21:00:00Z,sports-racing,39,0663-5322-8835
2026-09-30T21:00:00Z,sports-racing,40,8264-5043-0269
2026-09-30T21:00:00Z,sports-racing,41,8665-1473-0638
2026-09-30T21:00:00Z,sports-racing,42,4815-6698-9191
2026-09-30T21:00:00Z,sports-racing,43,9430-4155-5345
2026-09-30T21:00:00Z,sports-racing,44,9986-9734-4157
2026-09-30T21:00:00Z,sports-racing,45,3505-1764-2211
2026-09-30T21:00:00Z,sports-racing,46,1987-4481-0780
2026-09-30T21:00:00Z,sports-racing,47,3202-1282-2824
2026-09-30T21:00:00Z,sports-racing,48,0791-0978-9230
2026-09-30T21:00:00Z,sports-racing,49,5195-8348-6059
2026-09-30T21:00:00Z,sports-racing,50,8851-5720-7614
2026-09-30T21:00:00Z,simulation-tycoon,1,7875-7934-3852
2026-09-30T21:00:00Z,simulation-tycoon,2,3225-0366-8885
2026-09-30T21:00:00Z,simulation-tycoon,3,7865-8305-9184
2026-09-30T21:00:00Z,simulation-tycoon,4,3501-7237-8602
2026-09-30T21:00:00Z,simulation-tycoon,5,5372-7436-3186
2026-09-30T21:00:00Z,simulation-tycoon,6,0017-2877-1308
2026-09-30T21:00:00Z,simulation-tycoon,7,6980-2761-9936
2026-09-30T21:00:00Z,simulation-tycoon,8,8810-6988-0934
2026-09-30T21:00:00Z,simulation-tycoon,9,6820-0759-2181
2026-09-30T21:00:00Z,simulation-tycoon,10,4351-0076-8767
2026-09-30T21:00:00Z,simulation-tycoon,11,2557-3355-0240
2026-09-30T21:00:00Z,simulation-tycoon,12,0740-9649-8381
2026-09-30T21:00:00Z,simulation-tycoon,13,1931-6763-0020
2026-09-30T21:00:00Z,simulation-tycoon,14,6586-8735-3733
2026-09-30T21:00:00Z,simulation-tycoon,15,7116-2671-7537
2026-09-30T21:00:00Z,simulation-tycoon,16,2118-2046-4129
2026-09-30T21:00:00Z,simulation-tycoon,17,5655-2869-7519
2026-09-30T21:00:00Z,simulation-tycoon,18,7113-0641-3989
2026-09-30T21:00:00Z,simulation-tycoon,19,1499-6977-1308
2026-09-30T21:00:00Z,simulation-tycoon,20,8201-1056-8175
2026-09-30T21:00:00Z,simulation-tycoon,21,5580-1238-2267
2026-09-30T21:00:00Z,simulation-tycoon,22,7513-3482-7052
2026-09-30T21:00:00Z,simulation-tycoon,23,4177-0661-0836
2026-09-30T21:00:00Z,simulation-tycoon,24,4554-4413-1515
2026-09-30T21:00:00Z,simulation-tycoon,25,7672-1003-7237
2026-09-30T21:00:00Z,simulation-tycoon,26,2311-7649-8274
2026-09-30T21:00:00Z,simulation-tycoon,27,2911-9500-1274
2026-09-30T21:00:00Z,simulation-tycoon,28,2787-1164-2583
2026-09-30T21:00:00Z,simulation-tycoon,29,0045-4126-6765
2026-09-30T21:00:00Z,simulation-tycoon,30,9774-9755-1041
2026-09-30T21:00:00Z,simulation-tycoon,31,4408-6119-0091
2026-09-30T21:00:00Z,simulation-tycoon,32,1503-4746-6491
2026-09-30T21:00:00Z,simulation-tycoon,33,2896-3986-5659
2026-09-30T21:00:00Z,simulation-tycoon,34,0722-1566-1361
2026-09-30T21:00:00Z,simulation-tycoon,35,8014-3138-7722
2026-09-30T21:00:00Z,simulation-tycoon,36,8841-2492-6825
2026-09-30T21:00:00Z,simulation-tycoon,37,6632-7522-0569
2026-09-30T21:00:00Z,simulation-tycoon,38,4032-4883-0195
2026-09-30T21:00:00Z,simulation-tycoon,39,9202-4878-0759
2026-09-30T21:00:00Z,simulation-tycoon,40,8039-8238-9814
2026-09-30T21:00:00Z,simulation-tycoon,41,7708-7851-9349
2026-09-30T21:00:00Z,simulation-tycoon,42,4838-2014-5851
2026-09-30T21:00:00Z,simulation-tycoon,43,6026-2375-3494
2026-09-30T21:00:00Z,simulation-tycoon,44,6466-1906-0131
2026-09-30T21:00:00Z,simulation-tycoon,45,6982-1889-5260
2026-09-30T21:00:00Z,simulation-tycoon,46,3694-1078-5324
2026-09-30T21:00:00Z,simulation-tycoon,47,5483-8202-6004
2026-09-30T21:00:00Z,simulation-tycoon,48,2007-4387-0287
2026-09-30T21:00:00Z,simulation-tycoon,49,5488-9032-1549
2026-09-30T21:00:00Z,simulation-tycoon,50,1965-6460-9929
2026-09-30T21:00:00Z,shooter,1,0148-0322-5437
2026-09-30T21:00:00Z,shooter,2,6155-1398-4059
2026-09-30T21:00:00Z,shooter,3,4590-4493-7113
2026-09-30T21:00:00Z,shooter,4,8765-4125-9209
2026-09-30T21:00:00Z,shooter,5,8234-1352-6956
2026-09-30T21:00:00Z,shooter,6,7441-9489-4182
2026-09-30T21:00:00Z,shooter,7,2898-7886-8847
2026-09-30T21:00:00Z,shooter,8,2424-4344-7824
2026-09-30T21:00:00Z,shooter,9,6366-6217-9042
2026-09-30T21:00:00Z,shooter,10,2786-2114-8349
2026-09-30T21:00:00Z,shooter,11,3181-8882-6695
2026-09-30T21:00:00Z,shooter,12,1032-8514-3619
2026-09-30T21:00:00Z,shooter,13,2198-3887-7937
2026-09-30T21:00:00Z,shooter,14,7189-6304-0824
2026-09-30T21:00:00Z,shooter,15,8402-3642-6726
2026-09-30T21:00:00Z,shooter,16,2202-9105-4524
2026-09-30T21:00:00Z,shooter,17,7255-5785-9726
2026-09-30T21:00:00Z,shooter,18,6594-5354-3157
2026-09-30T21:00:00Z,shooter,19,4133-1036-9239
2026-09-30T21:00:00Z,shooter,20,6242-8952-3865
2026-09-30T21:00:00Z,shooter,21,9520-0654-8075
2026-09-30T21:00:00Z,shooter,22,0004-9973-3062
2026-09-30T21:00:00Z,shooter,23,1650-4346-6758
2026-09-30T21:00:00Z,shooter,24,8003-2362-4527
2026-09-30T21:00:00Z,shooter,25,1602-6355-3892
2026-09-30T21:00:00Z,shooter,26,3533-5211-7130
2026-09-30T21:00:00Z,shooter,27,5112-1759-8096
2026-09-30T21:00:00Z,shooter,28,8068-9359-0183
2026-09-30T21:00:00Z,shooter,29,2543-1561-6190
2026-09-30T21:00:00Z,shooter,30,8796-0181-8340
2026-09-30T21:00:00Z,shooter,31,2559-8530-8915
2026-09-30T21:00:00Z,shooter,32,8685-1467-7801
2026-09-30T21:00:00Z,shooter,33,7117-1516-1889
2026-09-30T21:00:00Z,shooter,34,2930-7963-4380
2026-09-30T21:00:00Z,shooter,35,6000-7886-3571
2026-09-30T21:00:00Z,shooter,36,1128-5504-3888
2026-09-30T21:00:00Z,shooter,37,4432-4107-7174
2026-09-30T21:00:00Z,shooter,38,3237-7822-8160
2026-09-30T21:00:00Z,shooter,39,0153-8328-7526
2026-09-30T21:00:00Z,shooter,40,9046-0506-5429
2026-09-30T21:00:00Z,shooter,41,5350-0181-7790
2026-09-30T21:00:00Z,shooter,42,7461-6187-7169
2026-09-30T21:00:00Z,shooter,43,2579-4043-9607
2026-09-30T21:00:00Z,shooter,44,1899-3326-4813
2026-09-30T21:00:00Z,shooter,45,4149-7703-8010
2026-09-30T21:00:00Z,shooter,46,3469-7289-3843
2026-09-30T21:00:00Z,shooter,47,9266-3680-2665
2026-09-30T21:00:00Z,shooter,48,9344-4615-7680
2026-09-30T21:00:00Z,shooter,49,1478-6145-6503
2026-09-30T21:00:00Z,shooter,50,8069-6453-5914
2026-09-30T21:00:00Z,roleplaying-social,1,9909-6421-7669
2026-09-30T21:00:00Z,roleplaying-social,2,7112-8777-0902
2026-09-30T21:00:00Z,roleplaying-social,3,4220-9404-7987
2026-09-30T21:00:00Z,roleplaying-social,4,6462-6469-4435
2026-09-30T21:00:00Z,roleplaying-social,5,9862-4661-6699
2026-09-30T21:00:00Z,roleplaying-social,6,6163-6465-2983
2026-09-30T21:00:00Z,roleplaying-social,7,7314-4269-5911
2026-09-30T21:00:00Z,roleplaying-social,8,8352-7392-6528
2026-09-30T21:00:00Z,roleplaying-social,9,9960-1973-3840
2026-09-30T21:00:00Z,roleplaying-social,10,1404-2424-6999
2026-09-30T21:00:00Z,roleplaying-social,11,5791-2777-2631
2026-09-30T21:00:00Z,roleplaying-social,12,3589-2124-6433
2026-09-30T21:00:00Z,roleplaying-social,13,6246-3089-1172
2026-09-30T21:00:00Z,roleplaying-social,14,9139-3598-0890
2026-09-30T21:00:00Z,roleplaying-social,15,3576-3976-5738
2026-09-30T21:00:00Z,roleplaying-social,16,3527-4959-6539
2026-09-30T21:00:00Z,roleplaying-social,17,6032-4340-0635
2026-09-30T21:00:00Z,roleplaying-social,18,0324-6525-3171
2026-09-30T21:00:00Z,roleplaying-social,19,6681-4393-8409
2026-09-30T21:00:00Z,roleplaying-social,20,5926-8267-4114
2026-09-30T21:00:00Z,roleplaying-social,21,2378-8503-5724
2026-09-30T21:00:00Z,roleplaying-social,22,9942-5443-3752
2026-09-30T21:00:00Z,roleplaying-social,23,5210-2587-9252
2026-09-30T21:00:00Z,roleplaying-social,24,4838-7147-7903
2026-09-30T21:00:00Z,roleplaying-social,25,6698-2376-8888
2026-09-30T21:00:00Z,roleplaying-social,26,4773-6741-9721
2026-09-30T21:00:00Z,roleplaying-social,27,7044-5372-4741
2026-09-30T21:00:00Z,roleplaying-social,28,0555-8302-4764
2026-09-30T21:00:00Z,roleplaying-social,29,6672-6548-6091
2026-09-30T21:00:00Z,roleplaying-social,30,0235-8623-3183
2026-09-30T21:00:00Z,roleplaying-social,31,9215-3374-2716
2026-09-30T21:00:00Z,roleplaying-social,32,6274-5849-1460
2026-09-30T21:00:00Z,roleplaying-social,33,2821-7347-1072
2026-09-30T21:00:00Z,roleplaying-social,34,8359-5244-2189
2026-09-30T21:00:00Z,roleplaying-social,35,5275-2097-9470
2026-09-30T21:00:00Z,roleplaying-social,36,2327-7349-9384
2026-09-30T21:00:00Z,roleplaying-social,37,7578-1606-3889
2026-09-30T21:00:00Z,roleplaying-social,38,7971-1781-8515
2026-09-30T21:00:00Z,roleplaying-social,39,4051-4682-5311
2026-09-30T21:00:00Z,roleplaying-social,40,3369-4671-4228
2026-09-30T21:00:00Z,roleplaying-social,41,8238-3374-0527
2026-09-30T21:00:00Z,roleplaying-social,42,4950-3394-4317
2026-09-30T21:00:00Z,roleplaying-social,43,3727-5611-9151
2026-09-30T21:00:00Z,roleplaying-social,44,9378-1633-0419
2026-09-30T21:00:00Z,roleplaying-social,45,0611-2221-8150
2026-09-30T21:00:00Z,roleplaying-social,46,0996-9650-0261
2026-09-30T21:00:00Z,roleplaying-social,47,6351-9562-0264
2026-09-30T21:00:00Z,roleplaying-social,48,1128-5158-6207
2026-09-30T21:00:00Z,roleplaying-social,49,3219-0434-0660
2026-09-30T21:00:00Z,roleplaying-social,50,9311-4440-0582
2026-09-30T21:00:00Z,roguelike,1,8105-9005-4478
2026-09-30T21:00:00Z,roguelike,2,1316-2698-6957
2026-09-30T21:00:00Z,roguelike,3,3815-6126-3210
2026-09-30T21:00:00Z,roguelike,4,5410-9748-9230
2026-09-30T21:00:00Z,roguelike,5,0243-3963-9174
2026-09-30T21:00:00Z,roguelike,6,7300-0705-2924
2026-09-30T21:00:00Z,roguelike,7,0450-2818-4646
2026-09-30T21:00:00Z,roguelike,8,9638-2905-2989
2026-09-30T21:00:00Z,roguelike,9,7660-6642-4841
2026-09-30T21:00:00Z,roguelike,10,5838-7237-3736
2026-09-30T21:00:00Z,roguelike,11,6177-7138-0133
2026-09-30T21:00:00Z,roguelike,12,2202-8403-6747
2026-09-30T21:00:00Z,roguelike,13,0953-8380-0428
2026-09-30T21:00:00Z,roguelike,14,0335-8436-1670
2026-09-30T21:00:00Z,roguelike,15,5371-4743-1449
2026-09-30T21:00:00Z,roguelike,16,2910-9885-0062
2026-09-30T21:00:00Z,roguelike,17,3793-8653-7610
2026-09-30T21:00:00Z,roguelike,18,2778-3915-9162
2026-09-30T21:00:00Z,roguelike,19,9543-4980-8804
2026-09-30T21:00:00Z,roguelike,20,6561-6479-3496
2026-09-30T21:00:00Z,roguelike,21,1257-8964-6713
2026-09-30T21:00:00Z,roguelike,22,6266-7599-9295
2026-09-30T21:00:00Z,roguelike,23,0402-8300-3128
2026-09-30T21:00:00Z,roguelike,24,4904-4001-2639
2026-09-30T21:00:00Z,roguelike,25,2612-2751-1484
2026-09-30T21:00:00Z,roguelike,26,5786-6009-0800
2026-09-30T21:00:00Z,roguelike,27,7908-5661-9723
2026-09-30T21:00:00Z,roguelike,28,4873-4878-1736
2026-09-30T21:00:00Z,roguelike,29,5341-1937-4427
2026-09-30T21:00:00Z,roguelike,30,0986-9962-2231
2026-09-30T21:00:00Z,roguelike,31,7340-5853-5689
2026-09-30T21:00:00Z,roguelike,32,5496-4456-1570
2026-09-30T21:00:00Z,roguelike,33,9024-9416-8450
2026-09-30T21:00:00Z,roguelike,34,2005-9007-1508
2026-09-30T21:00:00Z,roguelike,35,7763-0396-3798
2026-09-30T21:00:00Z,roguelike,36,8751-7536-0966
2026-09-30T21:00:00Z,roguelike,37,8347-7641-0377
2026-09-30T21:00:00Z,roguelike,38,7310-6156-1636
2026-09-30T21:00:00Z,roguelike,39,9276-7287-3867
2026-09-30T21:00:00Z,roguelike,40,1311-3035-1480
2026-09-30T21:00:00Z,roguelike,41,8640-1404-5362
2026-09-30T21:00:00Z,roguelike,42,7892-3589-9902
2026-09-30T21:00:00Z,roguelike,43,9311-7979-3371
2026-09-30T21:00:00Z,roguelike,44,3237-5036-7149
2026-09-30T21:00:00Z,roguelike,45,6472-9315-0735
2026-09-30T21:00:00Z,roguelike,46,1775-4578-6904
2026-09-30T21:00:00Z,roguelike,47,3305-9667-7847
2026-09-30T21:00:00Z,roguelike,48,2214-7613-0030
2026-09-30T21:00:00Z,roguelike,49,8216-2267-8272
2026-09-30T21:00:00Z,roguelike,50,2448-6514-7592
2026-09-30T21:00:00Z,party-mini-games,1,7786-0958-2481
2026-09-30T21:00:00Z,party-mini-games,2,4540-2792-0054
2026-09-30T21:00:00Z,party-mini-games,3,2713-8007-6156
2026-09-30T21:00:00Z,party-mini-games,4,0673-9062-5656
2026-09-30T21:00:00Z,party-mini-games,5,8532-9413-6963
2026-09-30T21:00:00Z,party-mini-games,6,5652-7404-8525
2026-09-30T21:00:00Z,party-mini-games,7,1245-9511-3686
2026-09-30T21:00:00Z,party-mini-games,8,5581-8600-6431
2026-09-30T21:00:00Z,party-mini-games,9,8583-8241-4270
2026-09-30T21:00:00Z,party-mini-games,10,5047-4823-3041
2026-09-30T21:00:00Z,party-mini-games,11,7159-6279-1617
2026-09-30T21:00:00Z,party-mini-games,12,9327-0023-8506
2026-09-30T21:00:00Z,party-mini-games,13,9886-0074-1759
2026-09-30T21:00:00Z,party-mini-games,14,5731-3854-1429
2026-09-30T21:00:00Z,party-mini-games,15,5991-1334-7948
2026-09-30T21:00:00Z,party-mini-games,16,8879-1619-5419
2026-09-30T21:00:00Z,party-mini-games,17,4491-6809-0801
2026-09-30T21:00:00Z,party-mini-games,18,8741-9528-4677
2026-09-30T21:00:00Z,party-mini-games,19,0674-9841-8616
2026-09-30T21:00:00Z,party-mini-games,20,7473-0088-9373
2026-09-30T21:00:00Z,party-mini-games,21,2784-9853-5887
2026-09-30T21:00:00Z,party-mini-games,22,9568-9742-7529
2026-09-30T21:00:00Z,party-mini-games,23,6920-5457-5803
2026-09-30T21:00:00Z,party-mini-games,24,4042-7237-7914
2026-09-30T21:00:00Z,party-mini-games,25,8742-0736-8164
2026-09-30T21:00:00Z,party-mini-games,26,8712-8939-5935
2026-09-30T21:00:00Z,party-mini-games,27,2724-4064-5480
2026-09-30T21:00:00Z,party-mini-games,28,7011-3815-1384
2026-09-30T21:00:00Z,party-mini-games,29,9883-5619-8599
2026-09-30T21:00:00Z,party-mini-games,30,7832-3964-5638
2026-09-30T21:00:00Z,party-mini-games,31,0435-0111-2493
2026-09-30T21:00:00Z,party-mini-games,32,5354-0385-7005
2026-09-30T21:00:00Z,party-mini-games,33,3100-7802-0060
2026-09-30T21:00:00Z,party-mini-games,34,2676-0386-9889
2026-09-30T21:00:00Z,party-mini-games,35,1216-9665-5612
2026-09-30T21:00:00Z,party-mini-games,36,2622-9824-2727
2026-09-30T21:00:00Z,party-mini-games,37,5123-4159-8163
2026-09-30T21:00:00Z,party-mini-games,38,8875-2455-5971
2026-09-30T21:00:00Z,party-mini-games,39,0860-0696-6226
2026-09-30T21:00:00Z,party-mini-games,40,1262-4821-8692
2026-09-30T21:00:00Z,party-mini-games,41,3329-0873-1582
2026-09-30T21:00:00Z,party-mini-games,42,5534-5280-2727
2026-09-30T21:00:00Z,party-mini-games,43,0436-7111-2174
2026-09-30T21:00:00Z,party-mini-games,44,5255-5400-1491
2026-09-30T21:00:00Z,party-mini-games,45,9353-4374-2762
2026-09-30T21:00:00Z,party-mini-games,46,6708-3435-6367
2026-09-30T21:00:00Z,party-mini-games,47,9936-6526-6822
2026-09-30T21:00:00Z,party-mini-games,48,9126-1034-7522
2026-09-30T21:00:00Z,party-mini-games,49,0893-9632-4745
2026-09-30T21:00:00Z,party-mini-games,50,3982-1819-4205
2026-09-30T21:00:00Z,music-rhythm,1,5494-2125-5108
2026-09-30T21:00:00Z,music-rhythm,2,8363-8237-0040
2026-09-30T21:00:00Z,music-rhythm,3,0412-4007-2062
2026-09-30T21:00:00Z,music-rhythm,4,4330-3478-9064
2026-09-30T21:00:00Z,music-rhythm,5,6298-5099-1591
2026-09-30T21:00:00Z,music-rhythm,6,9234-0447-6099
2026-09-30T21:00:00Z,music-rhythm,7,7385-6982-2296
2026-09-30T21:00:00Z,music-rhythm,8,0078-0905-0736
2026-09-30T21:00:00Z,music-rhythm,9,2656-1343-6557
2026-09-30T21:00:00Z,music-rhythm,10,1588-1140-6261
2026-09-30T21:00:00Z,music-rhythm,11,0960-0671-7810
2026-09-30T21:00:00Z,music-rhythm,12,7521-7547-6934
2026-09-30T21:00:00Z,music-rhythm,13,4012-6126-4312
2026-09-30T21:00:00Z,music-rhythm,14,2855-7768-7380
2026-09-30T21:00:00Z,music-rhythm,15,3979-8693-2639
2026-09-30T21:00:00Z,music-rhythm,16,2796-4203-2086
2026-09-30T21:00:00Z,music-rhythm,17,3623-7698-7986
2026-09-30T21:00:00Z,music-rhythm,18,5542-5833-2901
2026-09-30T21:00:00Z,music-rhythm,19,6322-2686-0790
2026-09-30T21:00:00Z,music-rhythm,20,9851-7455-1332
2026-09-30T21:00:00Z,music-rhythm,21,5261-2224-6992
2026-09-30T21:00:00Z,music-rhythm,22,6485-2863-0795
2026-09-30T21:00:00Z,music-rhythm,23,7780-4361-8500
2026-09-30T21:00:00Z,music-rhythm,24,1101-5048-7690
2026-09-30T21:00:00Z,music-rhythm,25,4020-2309-4390
2026-09-30T21:00:00Z,music-rhythm,26,7322-9038-3287
2026-09-30T21:00:00Z,music-rhythm,27,6175-6100-8121
2026-09-30T21:00:00Z,music-rhythm,28,8743-3665-1978
2026-09-30T21:00:00Z,music-rhythm,29,8047-6953-2839
2026-09-30T21:00:00Z,music-rhythm,30,2214-4070-0866
2026-09-30T21:00:00Z,music-rhythm,31,6951-1761-3233
2026-09-30T21:00:00Z,music-rhythm,32,3093-0676-2570
2026-09-30T21:00:00Z,music-rhythm,33,9366-7818-9623
2026-09-30T21:00:00Z,music-rhythm,34,1227-4242-2251
2026-09-30T21:00:00Z,music-rhythm,35,2139-8857-2670
2026-09-30T21:00:00Z,music-rhythm,36,7398-2123-7962
2026-09-30T21:00:00Z,music-rhythm,37,9510-0473-8615
2026-09-30T21:00:00Z,music-rhythm,38,1316-4344-1374
2026-09-30T21:00:00Z,music-rhythm,39,9312-3254-6209
2026-09-30T21:00:00Z,music-rhythm,40,8465-6954-5659
2026-09-30T21:00:00Z,music-rhythm,41,1865-4829-7018
2026-09-30T21:00:00Z,music-rhythm,42,1756-6622-5191
2026-09-30T21:00:00Z,music-rhythm,43,4041-9398-0080
2026-09-30T21:00:00Z,music-rhythm,44,7166-5731-7989
2026-09-30T21:00:00Z,music-rhythm,45,8244-8226-3592
2026-09-30T21:00:00Z,music-rhythm,46,8367-3189-6308
2026-09-30T21:00:00Z,music-rhythm,47,7910-8934-7933
2026-09-30T21:00:00Z,music-rhythm,48,1354-8258-3283
2026-09-30T21:00:00Z,music-rhythm,49,6045-5865-0602
2026-09-30T21:00:00Z,music-rhythm,50,1102-2771-9165
2026-09-30T21:00:00Z,horror,1,5253-8468-3364
2026-09-30T21:00:00Z,horror,2,2522-4269-4932
2026-09-30T21:00:00Z,horror,3,6386-2237-2556
2026-09-30T21:00:00Z,horror,4,1314-9783-9214
2026-09-30T21:00:00Z,horror,5,5382-8693-1539
2026-09-30T21:00:00Z,horror,6,8832-3199-6129
2026-09-30T21:00:00Z,horror,7,7693-2586-8371
2026-09-30T21:00:00Z,horror,8,7782-9349-5060
2026-09-30T21:00:00Z,horror,9,9919-3137-0527
2026-09-30T21:00:00Z,horror,10,8605-3450-1528
2026-09-30T21:00:00Z,horror,11,1764-2576-3256
2026-09-30T21:00:00Z,horror,12,0257-0819-4941
2026-09-30T21:00:00Z,horror,13,0487-9801-6989
2026-09-30T21:00:00Z,horror,14,9992-6976-2209
2026-09-30T21:00:00Z,horror,15,3119-1652-2400
2026-09-30T21:00:00Z,horror,16,1864-8667-0230
2026-09-30T21:00:00Z,horror,17,9321-4455-9371
2026-09-30T21:00:00Z,horror,18,6890-1483-5306
2026-09-30T21:00:00Z,horror,19,2350-8051-9251
2026-09-30T21:00:00Z,horror,20,1168-3367-8346
2026-09-30T21:00:00Z,horror,21,2468-9118-1077
2026-09-30T21:00:00Z,horror,22,2742-7377-1715
2026-09-30T21:00:00Z,horror,23,1568-5476-4029
2026-09-30T21:00:00Z,horror,24,2633-7144-2490
2026-09-30T21:00:00Z,horror,25,2576-1243-5698
2026-09-30T21:00:00Z,horror,26,8894-0005-5598
2026-09-30T21:00:00Z,horror,27,9584-0626-1868
2026-09-30T21:00:00Z,horror,28,9238-2115-6656
2026-09-30T21:00:00Z,horror,29,6762-8090-5910
2026-09-30T21:00:00Z,horror,30,7819-7148-6745
2026-09-30T21:00:00Z,horror,31,2237-7732-9798
2026-09-30T21:00:00Z,horror,32,1720-5066-5578
2026-09-30T21:00:00Z,horror,33,9217-3432-0162
2026-09-30T21:00:00Z,horror,34,5131-0003-8428
2026-09-30T21:00:00Z,horror,35,8198-8669-9805
2026-09-30T21:00:00Z,horror,36,6709-8336-7895
2026-09-30T21:00:00Z,horror,37,7088-2075-7031
2026-09-30T21:00:00Z,horror,38,2314-2552-7427
2026-09-30T21:00:00Z,horror,39,5807-5643-8192
2026-09-30T21:00:00Z,horror,40,0307-5506-1191
2026-09-30T21:00:00Z,horror,41,8579-5822-2717
2026-09-30T21:00:00Z,horror,42,5141-9514-1133
2026-09-30T21:00:00Z,horror,43,0578-3069-6741
2026-09-30T21:00:00Z,horror,44,4062-2133-4209
2026-09-30T21:00:00Z,horror,45,5577-7889-8927
2026-09-30T21:00:00Z,horror,46,6821-1481-6945
2026-09-30T21:00:00Z,horror,47,4817-5352-1562
2026-09-30T21:00:00Z,horror,48,8552-8014-0910
2026-09-30T21:00:00Z,horror,49,2225-9173-9915
2026-09-30T21:00:00Z,horror,50,6680-1622-1207
2026-09-30T21:00:00Z,deathrun-platformer,1,4366-9611-6988
2026-09-30T21:00:00Z,deathrun-platformer,2,9007-7666-4786
2026-09-30T21:00:00Z,deathrun-platformer,3,6595-9027-4333
2026-09-30T21:00:00Z,deathrun-platformer,4,2940-8798-4080
2026-09-30T21:00:00Z,deathrun-platformer,5,0710-5157-7407
2026-09-30T21:00:00Z,deathrun-platformer,6,4343-3421-7958
2026-09-30T21:00:00Z,deathrun-platformer,7,1642-0360-3864
2026-09-30T21:00:00Z,deathrun-platformer,8,4908-2342-7558
2026-09-30T21:00:00Z,deathrun-platformer,9,4354-7775-3883
2026-09-30T21:00:00Z,deathrun-platformer,10,9386-6875-7537
2026-09-30T21:00:00Z,deathrun-platformer,11,5263-9200-9917
2026-09-30T21:00:00Z,deathrun-platformer,12,9156-5231-8691
2026-09-30T21:00:00Z,deathrun-platformer,13,9244-4434-0472
2026-09-30T21:00:00Z,deathrun-platformer,14,7258-2095-7806
2026-09-30T21:00:00Z,deathrun-platformer,15,0736-1280-3933
2026-09-30T21:00:00Z,deathrun-platformer,16,1454-1373-6959
2026-09-30T21:00:00Z,deathrun-platformer,17,9212-3487-1562
2026-09-30T21:00:00Z,deathrun-platformer,18,8123-3522-7412
2026-09-30T21:00:00Z,deathrun-platformer,19,1798-2026-9632
2026-09-30T21:00:00Z,deathrun-platformer,20,3925-7256-2331
2026-09-30T21:00:00Z,deathrun-platformer,21,9597-4167-2516
2026-09-30T21:00:00Z,deathrun-platformer,22,8101-3554-2146
2026-09-30T21:00:00Z,deathrun-platformer,23,7076-6111-1715
2026-09-30T21:00:00Z,deathrun-platformer,24,0554-1640-9952
2026-09-30T21:00:00Z,deathrun-platformer,25,1897-9963-4956
2026-09-30T21:00:00Z,deathrun-platformer,26,2228-5758-0657
2026-09-30T21:00:00Z,deathrun-platformer,27,3917-1289-9880
2026-09-30T21:00:00Z,deathrun-platformer,28,6324-7516-2150
2026-09-30T21:00:00Z,deathrun-platformer,29,8561-0432-5080
2026-09-30T21:00:00Z,deathrun-platformer,30,8909-5020-6970
2026-09-30T21:00:00Z,deathrun-platformer,31,1683-6205-8518
2026-09-30T21:00:00Z,deathrun-platformer,32,8443-1771-1591
2026-09-30T21:00:00Z,deathrun-platformer,33,7433-0342-4105
2026-09-30T21:00:00Z,deathrun-platformer,34,8101-2752-7998
2026-09-30T21:00:00Z,deathrun-platformer,35,3553-6094-4319
2026-09-30T21:00:00Z,deathrun-platformer,36,5497-6332-8508
2026-09-30T21:00:00Z,deathrun-platformer,37,2655-9467-6796
2026-09-30T21:00:00Z,deathrun-platformer,38,5580-1607-2828
2026-09-30T21:00:00Z,deathrun-platformer,39,6907-0729-6439
2026-09-30T21:00:00Z,deathrun-platformer,40,2622-9880-0913
2026-09-30T21:00:00Z,deathrun-platformer,41,7662-9243-4059
2026-09-30T21:00:00Z,deathrun-platformer,42,5806-7486-0073
2026-09-30T21:00:00Z,deathrun-platformer,43,3459-8612-8153
2026-09-30T21:00:00Z,deathrun-platformer,44,1379-3567-3251
2026-09-30T21:00:00Z,deathrun-platformer,45,8112-4293-6684
2026-09-30T21:00:00Z,deathrun-platformer,46,1256-8502-0727
2026-09-30T21:00:00Z,deathrun-platformer,47,8103-1383-8856
2026-09-30T21:00:00Z,deathrun-platformer,48,1677-1787-1660
2026-09-30T21:00:00Z,deathrun-platformer,49,3081-9254-7809
2026-09-30T21:00:00Z,deathrun-platformer,50,4639-9854-0388
2026-09-30T21:00:00Z,battle-royale,1,2515-6266-7600
2026-09-30T21:00:00Z,battle-royale,2,3305-1551-7747
2026-09-30T21:00:00Z,battle-royale,3,3729-0643-9775
2026-09-30T21:00:00Z,battle-royale,4,7835-3901-1999
2026-09-30T21:00:00Z,battle-royale,5,8298-6891-9930
2026-09-30T21:00:00Z,battle-royale,6,8064-7152-2934
2026-09-30T21:00:00Z,battle-royale,7,1832-0431-4852
2026-09-30T21:00:00Z,battle-royale,8,6570-5231-1418
2026-09-30T21:00:00Z,battle-royale,9,5075-1953-0397
2026-09-30T21:00:00Z,battle-royale,10,6562-8953-6567
2026-09-30T21:00:00Z,battle-royale,11,4859-7673-2109
2026-09-30T21:00:00Z,battle-royale,12,6568-3461-2958
2026-09-30T21:00:00Z,battle-royale,13,7950-6306-4857
2026-09-30T21:00:00Z,battle-royale,14,9854-1829-8735
2026-09-30T21:00:00Z,battle-royale,15,3537-4087-0888
2026-09-30T21:00:00Z,battle-royale,16,8189-6786-4181
2026-09-30T21:00:00Z,battle-royale,17,6809-4712-6549
2026-09-30T21:00:00Z,battle-royale,18,6013-7804-4824
2026-09-30T21:00:00Z,battle-royale,19,6369-4500-6726
2026-09-30T21:00:00Z,battle-royale,20,7686-1102-4551
2026-09-30T21:00:00Z,battle-royale,21,4062-1024-9914
2026-09-30T21:00:00Z,battle-royale,22,9133-8645-9405
2026-09-30T21:00:00Z,battle-royale,23,1541-6710-6518
2026-09-30T21:00:00Z,battle-royale,24,1513-6690-9481
2026-09-30T21:00:00Z,battle-royale,25,5938-7405-7629
2026-09-30T21:00:00Z,battle-royale,26,8089-7542-3407
2026-09-30T21:00:00Z,battle-royale,27,2325-4055-3398
2026-09-30T21:00:00Z,battle-royale,28,6127-8949-1207
2026-09-30T21:00:00Z,battle-royale,29,9860-3691-4813
2026-09-30T21:00:00Z,battle-royale,30,7541-3275-7180
2026-09-30T21:00:00Z,battle-royale,31,7675-8305-9560
2026-09-30T21:00:00Z,battle-royale,32,6940-8669-1904
2026-09-30T21:00:00Z,battle-royale,33,4059-2791-0712
2026-09-30T21:00:00Z,battle-royale,34,8301-9379-2032
2026-09-30T21:00:00Z,battle-royale,35,4660-4454-3176
2026-09-30T21:00:00Z,battle-royale,36,6908-1868-5705
2026-09-30T21:00:00Z,battle-royale,37,7660-6907-4933
2026-09-30T21:00:00Z,battle-royale,38,7793-4297-5018
2026-09-30T21:00:00Z,battle-royale,39,2565-2684-5169
2026-09-30T21:00:00Z,battle-royale,40,8512-6272-4935
2026-09-30T21:00:00Z,battle-royale,41,0666-2340-0381
2026-09-30T21:00:00Z,battle-royale,42,3462-0061-0008
2026-09-30T21:00:00Z,battle-royale,43,8322-2884-5019
2026-09-30T21:00:00Z,battle-royale,44,9546-9918-8917
2026-09-30T21:00:00Z,battle-royale,45,7683-7320-6305
2026-09-30T21:00:00Z,battle-royale,46,6729-1898-6860
2026-09-30T21:00:00Z,battle-royale,47,7808-8734-4407
2026-09-30T21:00:00Z,battle-royale,48,5140-1276-9835
2026-09-30T21:00:00Z,battle-royale,49,8226-2379-7713
2026-09-30T21:00:00Z,battle-royale,50,8942-4322-3496
2026-09-30T21:00:00Z,adventure-rpg,1,3516-1318-8293
2026-09-30T21:00:00Z,adventure-rpg,2,0671-8802-1176
2026-09-30T21:00:00Z,adventure-rpg,3,6059-3243-8283
2026-09-30T21:00:00Z,adventure-rpg,4,9692-6857-0327
2026-09-30T21:00:00Z,adventure-rpg,5,8196-4536-7814
2026-09-30T21:00:00Z,adventure-rpg,6,5832-5810-8828
2026-09-30T21:00:00Z,adventure-rpg,7,3469-7377-0976
2026-09-30T21:00:00Z,adventure-rpg,8,4225-6009-1837
2026-09-30T21:00:00Z,adventure-rpg,9,6187-4944-9063
2026-09-30T21:00:00Z,adventure-rpg,10,8396-9258-5687
2026-09-30T21:00:00Z,adventure-rpg,11,9125-7128-0659
2026-09-30T21:00:00Z,adventure-rpg,12,1314-6986-8879
2026-09-30T21:00:00Z,adventure-rpg,13,7071-9693-9251
2026-09-30T21:00:00Z,adventure-rpg,14,7008-8933-8450
2026-09-30T21:00:00Z,adventure-rpg,15,7376-9013-2270
2026-09-30T21:00:00Z,adventure-rpg,16,9276-6145-6532
2026-09-30T21:00:00Z,adventure-rpg,17,4570-5009-7097
2026-09-30T21:00:00Z,adventure-rpg,18,8014-3560-5859
2026-09-30T21:00:00Z,adventure-rpg,19,5652-8758-6723
2026-09-30T21:00:00Z,adventure-rpg,20,1653-1671-8190
2026-09-30T21:00:00Z,adventure-rpg,21,1755-3520-7492
2026-09-30T21:00:00Z,adventure-rpg,22,1862-1345-3293
2026-09-30T21:00:00Z,adventure-rpg,23,2525-9596-3235
2026-09-30T21:00:00Z,adventure-rpg,24,2058-2606-2161
2026-09-30T21:00:00Z,adventure-rpg,25,9534-2869-1735
2026-09-30T21:00:00Z,adventure-rpg,26,6209-0418-4528
2026-09-30T21:00:00Z,adventure-rpg,27,8402-7861-9119
2026-09-30T21:00:00Z,adventure-rpg,28,1254-9325-4547
2026-09-30T21:00:00Z,adventure-rpg,29,8101-6792-2860
2026-09-30T21:00:00Z,adventure-rpg,30,0423-7203-4888
2026-09-30T21:00:00Z,adventure-rpg,31,7474-2686-2725
2026-09-30T21:00:00Z,adventure-rpg,32,3640-3700-4988
2026-09-30T21:00:00Z,adventure-rpg,33,8964-3786-2615
2026-09-30T21:00:00Z,adventure-rpg,34,2668-5883-1928
2026-09-30T21:00:00Z,adventure-rpg,35,4172-7336-5964
2026-09-30T21:00:00Z,adventure-rpg,36,1324-1016-2565
2026-09-30T21:00:00Z,adventure-rpg,37,0725-5637-6639
2026-09-30T21:00:00Z,adventure-rpg,38,6385-1718-1727
2026-09-30T21:00:00Z,adventure-rpg,39,7154-1898-4800
2026-09-30T21:00:00Z,adventure-rpg,40,6571-7653-5835
2026-09-30T21:00:00Z,adventure-rpg,41,3649-5068-6830
2026-09-30T21:00:00Z,adventure-rpg,42,9135-6797-0922
2026-09-30T21:00:00Z,adventure-rpg,43,7078-1340-8086
2026-09-30T21:00:00Z,adventure-rpg,44,2763-1131-9828
2026-09-30T21:00:00Z,adventure-rpg,45,2092-7750-7074
2026-09-30T21:00:00Z,adventure-rpg,46,3082-7624-8490
2026-09-30T21:00:00Z,adventure-rpg,47,2436-3464-6968
2026-09-30T21:00:00Z,adventure-rpg,48,2313-4464-7728
2026-09-30T21:00:00Z,adventure-rpg,49,6386-7442-4098
2026-09-30T21:00:00Z,adventure-rpg,50,6592-6642-4245
2026-09-30T20:00:00Z,survival,1,9188-1632-7825
2026-09-30T20:00:00Z,survival,2,0433-7147-9507
2026-09-30T20:00:00Z,survival,3,2436-2062-1192
2026-09-30T20:00:00Z,survival,4,5730-3480-1526
2026-09-30T20:00:00Z,survival,5,7573-8227-3687
2026-09-30T20:00:00Z,survival,6,4815-5387-2781
2026-09-30T20:00:00Z,survival,7,0414-9655-8152
2026-09-30T20:00:00Z,survival,8,8344-0475-7589
2026-09-30T20:00:00Z,survival,9,1796-9956-7050
2026-09-30T20:00:00Z,survival,10,1596-1780-8043
2026-09-30T20:00:00Z,survival,11,7996-5597-0868
2026-09-30T20:00:00Z,survival,12,4044-4229-5848
2026-09-30T20:00:00Z,survival,13,8158-4113-6425
2026-09-30T20:00:00Z,survival,14,4422-3120-1826
2026-09-30T20:00:00Z,survival,15,7067-8314-8282
2026-09-30T20:00:00Z,survival,16,7114-0727-8746
2026-09-30T20:00:00Z,survival,17,3962-2471-5978
2026-09-30T20:00:00Z,survival,18,3729-8899-3878
2026-09-30T20:00:00Z,survival,19,8980-4396-1703
2026-09-30T20:00:00Z,survival,20,0303-4919-9451
2026-09-30T20:00:00Z,survival,21,8267-8586-5910
2026-09-30T20:00:00Z,survival,22,9697-3257-3440
2026-09-30T20:00:00Z,survival,23,8731-3741-4800
2026-09-30T20:00:00Z,survival,24,0501-0341-1188
2026-09-30T20:00:00Z,survival,25,1862-8843-9022
2026-09-30T20:00:00Z,survival,26,4590-2874-3408
2026-09-30T20:00:00Z,survival,27,0016-4027-1527
2026-09-30T20:00:00Z,survival,28,1631-0751-4517
2026-09-30T20:00:00Z,survival,29,8464-5780-9092
2026-09-30T20:00:00Z,survival,30,9113-8457-6931
2026-09-30T20:00:00Z,survival,31,5177-3498-9905
2026-09-30T20:00:00Z,survival,32,8762-0684-6216
2026-09-30T20:00:00Z,survival,33,6020-0463-4029
2026-09-30T20:00:00Z,survival,34,2891-2163-4404
2026-09-30T20:00:00Z,survival,35,7541-2314-8381
2026-09-30T20:00:00Z,survival,36,0342-9116-8723
2026-09-30T20:00:00Z,survival,37,4040-1657-7028
2026-09-30T20:00:00Z,survival,38,6348-0826-3854
2026-09-30T20:00:00Z,survival,39,6643-0220-6840
2026-09-30T20:00:00Z,survival,40,4792-9643-5878
2026-09-30T20:00:00Z,survival,41,2887-3641-3853
2026-09-30T20:00:00Z,survival,42,7433-9605-1878
2026-09-30T20:00:00Z,survival,43,2312-3096-3140
2026-09-30T20:00:00Z,survival,44,0535-7617-1108
2026-09-30T20:00:00Z,survival,45,9028-3453-4977
2026-09-30T20:00:00Z,survival,46,7879-4955-5616
2026-09-30T20:00:00Z,survival,47,4420-8150-0081
2026-09-30T20:00:00Z,survival,48,0031-5091-6071
2026-09-30T20:00:00Z,survival,49,1654-7479-6688
2026-09-30T20:00:00Z,survival,50,1459-4903-1979
2026-09-30T20:00:00Z,strategy,1,7048-8422-2298
2026-09-30T20:00:00Z,strategy,2,1734-8951-4401
2026-09-30T20:00:00Z,strategy,3,2535-4586-1991
2026-09-30T20:00:00Z,strategy,4,2276-7799-6979
2026-09-30T20:00:00Z,strategy,5,3916-5715-6958
2026-09-30T20:00:00Z,strategy,6,1228-4163-2585
2026-09-30T20:00:00Z,strategy,7,4242-0938-3923
2026-09-30T20:00:00Z,strategy,8,0630-7533-2925
2026-09-30T20:00:00Z,strategy,9,9783-9810-3294
2026-09-30T20:00:00Z,strategy,10,9298-6844-1902
2026-09-30T20:00:00Z,strategy,11,1188-8174-4193
2026-09-30T20:00:00Z,strategy,12,8920-0084-1283
2026-09-30T20:00:00Z,strategy,13,4164-3090-6037
2026-09-30T20:00:00Z,strategy,14,9787-3863-4932
2026-09-30T20:00:00Z,strategy,15,3412-7952-4124
2026-09-30T20:00:00Z,strategy,16,8541-5086-2780
2026-09-30T20:00:00Z,strategy,17,1567-9953-7924
2026-09-30T20:00:00Z,strategy,18,6297-1255-9507
2026-09-30T20:00:00Z,strategy,19,7609-5422-4216
2026-09-30T20:00:00Z,strategy,20,5395-6775-1946
2026-09-30T20:00:00Z,strategy,21,9628-7746-8609
2026-09-30T20:00:00Z,strategy,22,7564-5632-1658
2026-09-30T20:00:00Z,strategy,23,4255-2253-6171
2026-09-30T20:00:00Z,strategy,24,3739-8935-2450
2026-09-30T20:00:00Z,strategy,25,7412-3162-8807
2026-09-30T20:00:00Z,strategy,26,1258-9836-5815
2026-09-30T20:00:00Z,strategy,27,8424-0608-7805
2026-09-30T20:00:00Z,strategy,28,9521-8509-1490
2026-09-30T20:00:00Z,strategy,29,7145-0351-0668
2026-09-30T20:00:00Z,strategy,30,7231-5872-7729
2026-09-30T20:00:00Z,strategy,31,8913-4666-5702
2026-09-30T20:00:00Z,strategy,32,0994-5575-3942
2026-09-30T20:00:00Z,strategy,33,7965-9617-6749
2026-09-30T20:00:00Z,strategy,34,2961-6678-0690
2026-09-30T20:00:00Z,strategy,35,1996-3369-0924
2026-09-30T20:00:00Z,strategy,36,5169-6549-3901
2026-09-30T20:00:00Z,strategy,37,3839-5965-5316
2026-09-30T20:00:00Z,strategy,38,8167-3237-2573
2026-09-30T20:00:00Z,strategy,39,8233-2850-1360
2026-09-30T20:00:00Z,strategy,40,3449-2525-3800
2026-09-30T20:00:00Z,strategy,41,1193-9393-2703
2026-09-30T20:00:00Z,strategy,42,6414-8933-4975
2026-09-30T20:00:00Z,strategy,43,2548-1014-1955
2026-09-30T20:00:00Z,strategy,44,4590-6735-9594
2026-09-30T20:00:00Z,strategy,45,9502-5427-0647
2026-09-30T20:00:00Z,strategy,46,2342-8150-0779
2026-09-30T20:00:00Z,strategy,47,4156-2673-6987
2026-09-30T20:00:00Z,strategy,48,0678-0014-4695
2026-09-30T20:00:00Z,strategy,49,4936-4066-0948
2026-09-30T20:00:00Z,strategy,50,0422-2136-5040
2026-09-30T20:00:00Z,sports-racing,1,1840-5666-3032
2026-09-30T20:00:00Z,sports-racing,2,0105-1573-8859
2026-09-30T20:00:00Z,sports-racing,3,2678-5257-1845
2026-09-30T20:00:00Z,sports-racing,4,3705-2464-1791
2026-09-30T20:00:00Z,sports-racing,5,1057-0240-8438
2026-09-30T20:00:00Z,sports-racing,6,6295-5561-4675
2026-09-30T20:00:00Z,sports-racing,7,9711-2456-0459
2026-09-30T20:00:00Z,sports-racing,8,8430-6522-1585
2026-09-30T20:00:00Z,sports-racing,9,0678-5781-2301
2026-09-30T20:00:00Z,sports-racing,10,7399-8763-4003
2026-09-30T20:00:00Z,sports-racing,11,0128-8650-6625
2026-09-30T20:00:00Z,sports-racing,12,8475-0556-2572
2026-09-30T20:00:00Z,sports-racing,13,8648-0924-3171
2026-09-30T20:00:00Z,sports-racing,14,9465-4421-6613
2026-09-30T20:00:00Z,sports-racing,15,1114-3520-5951
2026-09-30T20:00:00Z,sports-racing,16,3416-7958-3725
2026-09-30T20:00:00Z,sports-racing,17,4780-5837-9361
2026-09-30T20:00:00Z,sports-racing,18,1652-7714-7390
2026-09-30T20:00:00Z,sports-racing,19,5031-0762-3451
2026-09-30T20:00:00Z,sports-racing,20,8144-9733-4847
2026-09-30T20:00:00Z,sports-racing,21,0995-3311-4975
2026-09-30T20:00:00Z,sports-racing,22,7550-7578-1580
2026-09-30T20:00:00Z,sports-racing,23,0149-9884-9995
2026-09-30T20:00:00Z,sports-racing,24,1939-6305-3282
2026-09-30T20:00:00Z,sports-racing,25,2328-4917-4726
2026-09-30T20:00:00Z,sports-racing,26,3652-0494-8746
2026-09-30T20:00:00Z,sports-racing,27,8731-2682-3263
2026-09-30T20:00:00Z,sports-racing,28,8436-9283-4649
2026-09-30T20:00:00Z,sports-racing,29,1657-5138-8925
2026-09-30T20:00:00Z,sports-racing,30,5471-6824-3140
2026-09-30T20:00:00Z,sports-racing,31,6565-2750-9419
2026-09-30T20:00:00Z,sports-racing,32,8651-2378-8481
2026-09-30T20:00:00Z,sports-racing,33,7650-7578-5439
2026-09-30T20:00:00Z,sports-racing,34,3791-0891-9328
2026-09-30T20:00:00Z,sports-racing,35,3903-3827-3994
2026-09-30T20:00:00Z,sports-racing,36,0663-5322-8835
2026-09-30T20:00:00Z,sports-racing,37,5447-8602-7966
2026-09-30T20:00:00Z,sports-racing,38,9885-4630-9385
2026-09-30T20:00:00Z,sports-racing,39,6242-1463-8607
2026-09-30T20:00:00Z,sports-racing,40,1987-4481-0780
2026-09-30T20:00:00Z,sports-racing,41,3202-1282-2824
2026-09-30T20:00:00Z,sports-racing,42,8665-1473-0638
2026-09-30T20:00:00Z,sports-racing,43,9430-4155-5345
2026-09-30T20:00:00Z,sports-racing,44,1982-8125-8136
2026-09-30T20:00:00Z,sports-racing,45,5563-8203-4742
2026-09-30T20:00:00Z,sports-racing,46,0791-0978-9230
2026-09-30T20:00:00Z,sports-racing,47,8487-6027-7031
2026-09-30T20:00:00Z,sports-racing,48,3425-3555-6235
2026-09-30T20:00:00Z,sports-racing,49,9986-9734-4157
2026-09-30T20:00:00Z,sports-racing,50,8264-5043-0269
2026-09-30T20:00:00Z,simulation-tycoon,1,7875-7934-3852
2026-09-30T20:00:00Z,simulation-tycoon,2,3225-0366-8885
2026-09-30T20:00:00Z,simulation-tycoon,3,7865-8305-9184
2026-09-30T20:00:00Z,simulation-tycoon,4,3501-7237-8602
2026-09-30T20:00:00Z,simulation-tycoon,5,5372-7436-3186
2026-09-30T20:00:00Z,simulation-tycoon,6,0017-2877-1308
2026-09-30T20:00:00Z,simulation-tycoon,7,6980-2761-9936
2026-09-30T20:00:00Z,simulation-tycoon,8,6820-0759-2181
2026-09-30T20:00:00Z,simulation-tycoon,9,8810-6988-0934
2026-09-30T20:00:00Z,simulation-tycoon,10,4351-0076-8767
2026-09-30T20:00:00Z,simulation-tycoon,11,0740-9649-8381
2026-09-30T20:00:00Z,simulation-tycoon,12,2557-3355-0240
2026-09-30T20:00:00Z,simulation-tycoon,13,1931-6763-0020
2026-09-30T20:00:00Z,simulation-tycoon,14,7116-2671-7537
2026-09-30T20:00:00Z,simulation-tycoon,15,2118-2046-4129
2026-09-30T20:00:00Z,simulation-tycoon,16,6586-8735-3733
2026-09-30T20:00:00Z,simulation-tycoon,17,5655-2869-7519
2026-09-30T20:00:00Z,simulation-tycoon,18,5580-1238-2267
2026-09-30T20:00:00Z,simulation-tycoon,19,8201-1056-8175
2026-09-30T20:00:00Z,simulation-tycoon,20,4554-4413-1515
2026-09-30T20:00:00Z,simulation-tycoon,21,2911-9500-1274
2026-09-30T20:00:00Z,simulation-tycoon,22,7113-0641-3989
2026-09-30T20:00:00Z,simulation-tycoon,23,7513-3482-7052
2026-09-30T20:00:00Z,simulation-tycoon,24,4177-0661-0836
2026-09-30T20:00:00Z,simulation-tycoon,25,2787-1164-2583
2026-09-30T20:00:00Z,simulation-tycoon,26,7672-1003-7237
2026-09-30T20:00:00Z,simulation-tycoon,27,2311-7649-8274
2026-09-30T20:00:00Z,simulation-tycoon,28,4408-6119-0091
2026-09-30T20:00:00Z,simulation-tycoon,29,0045-4126-6765
2026-09-30T20:00:00Z,simulation-tycoon,30,9774-9755-1041
2026-09-30T20:00:00Z,simulation-tycoon,31,1503-4746-6491
2026-09-30T20:00:00Z,simulation-tycoon,32,8014-3138-7722
2026-09-30T20:00:00Z,simulation-tycoon,33,0722-1566-1361
2026-09-30T20:00:00Z,simulation-tycoon,34,2896-3986-5659
2026-09-30T20:00:00Z,simulation-tycoon,35,8841-2492-6825
2026-09-30T20:00:00Z,simulation-tycoon,36,1499-6977-1308
2026-09-30T20:00:00Z,simulation-tycoon,37,9202-4878-0759
2026-09-30T20:00:00Z,simulation-tycoon,38,7708-7851-9349
2026-09-30T20:00:00Z,simulation-tycoon,39,4032-4883-0195
2026-09-30T20:00:00Z,simulation-tycoon,40,8039-8238-9814
2026-09-30T20:00:00Z,simulation-tycoon,41,6632-7522-0569
2026-09-30T20:00:00Z,simulation-tycoon,42,6026-2375-3494
2026-09-30T20:00:00Z,simulation-tycoon,43,4838-2014-5851
2026-09-30T20:00:00Z,simulation-tycoon,44,6466-1906-0131
2026-09-30T20:00:00Z,simulation-tycoon,45,5483-8202-6004
2026-09-30T20:00:00Z,simulation-tycoon,46,1965-6460-9929
2026-09-30T20:00:00Z,simulation-tycoon,47,3694-1078-5324
2026-09-30T20:00:00Z,simulation-tycoon,48,6982-1889-5260
2026-09-30T20:00:00Z,simulation-tycoon,49,7551-1016-0176
2026-09-30T20:00:00Z,simulation-tycoon,50,5488-9032-1549
2026-09-30T20:00:00Z,shooter,1,0148-0322-5437
2026-09-30T20:00:00Z,shooter,2,6155-1398-4059
2026-09-30T20:00:00Z,shooter,3,8765-4125-9209
2026-09-30T20:00:00Z,shooter,4,4590-4493-7113
2026-09-30T20:00:00Z,shooter,5,7441-9489-4182
2026-09-30T20:00:00Z,shooter,6,8234-1352-6956
2026-09-30T20:00:00Z,shooter,7,2898-7886-8847
2026-09-30T20:00:00Z,shooter,8,2424-4344-7824
2026-09-30T20:00:00Z,shooter,9,3181-8882-6695
2026-09-30T20:00:00Z,shooter,10,2786-2114-8349
2026-09-30T20:00:00Z,shooter,11,6366-6217-9042
2026-09-30T20:00:00Z,shooter,12,2198-3887-7937
2026-09-30T20:00:00Z,shooter,13,1032-8514-3619
2026-09-30T20:00:00Z,shooter,14,7189-6304-0824
2026-09-30T20:00:00Z,shooter,15,2202-9105-4524
2026-09-30T20:00:00Z,shooter,16,7255-5785-9726
2026-09-30T20:00:00Z,shooter,17,8402-3642-6726
2026-09-30T20:00:00Z,shooter,18,6242-8952-3865
2026-09-30T20:00:00Z,shooter,19,4133-1036-9239
2026-09-30T20:00:00Z,shooter,20,6594-5354-3157
2026-09-30T20:00:00Z,shooter,21,9520-0654-8075
2026-09-30T20:00:00Z,shooter,22,8068-9359-0183
2026-09-30T20:00:00Z,shooter,23,1650-4346-6758
2026-09-30T20:00:00Z,shooter,24,0004-9973-3062
2026-09-30T20:00:00Z,shooter,25,8003-2362-4527
2026-09-30T20:00:00Z,shooter,26,3533-5211-7130
2026-09-30T20:00:00Z,shooter,27,1602-6355-3892
2026-09-30T20:00:00Z,shooter,28,2543-1561-6190
2026-09-30T20:00:00Z,shooter,29,5112-1759-8096
2026-09-30T20:00:00Z,shooter,30,8796-0181-8340
2026-09-30T20:00:00Z,shooter,31,2559-8530-8915
2026-09-30T20:00:00Z,shooter,32,6000-7886-3571
2026-09-30T20:00:00Z,shooter,33,2579-4043-9607
2026-09-30T20:00:00Z,shooter,34,7461-6187-7169
2026-09-30T20:00:00Z,shooter,35,8685-1467-7801
2026-09-30T20:00:00Z,shooter,36,2930-7963-4380
2026-09-30T20:00:00Z,shooter,37,4432-4107-7174
2026-09-30T20:00:00Z,shooter,38,7117-1516-1889
2026-09-30T20:00:00Z,shooter,39,1128-5504-3888
2026-09-30T20:00:00Z,shooter,40,1899-3326-4813
2026-09-30T20:00:00Z,shooter,41,9344-4615-7680
2026-09-30T20:00:00Z,shooter,42,0153-8328-7526
2026-09-30T20:00:00Z,shooter,43,3237-7822-8160
2026-09-30T20:00:00Z,shooter,44,9046-0506-5429
2026-09-30T20:00:00Z,shooter,45,5350-0181-7790
2026-09-30T20:00:00Z,shooter,46,4149-7703-8010
2026-09-30T20:00:00Z,shooter,47,9266-3680-2665
2026-09-30T20:00:00Z,shooter,48,3469-7289-3843
2026-09-30T20:00:00Z,shooter,49,9635-6302-5309
2026-09-30T20:00:00Z,shooter,50,6661-9992-2592
2026-09-30T20:00:00Z,roleplaying-social,1,9909-6421-7669
2026-09-30T20:00:00Z,roleplaying-social,2,4220-9404-7987
2026-09-30T20:00:00Z,roleplaying-social,3,6462-6469-4435
2026-09-30T20:00:00Z,roleplaying-social,4,9862-4661-6699
2026-09-30T20:00:00Z,roleplaying-social,5,6163-6465-2983
2026-09-30T20:00:00Z,roleplaying-social,6,7314-4269-5911
2026-09-30T20:00:00Z,roleplaying-social,7,8352-7392-6528
2026-09-30T20:00:00Z,roleplaying-social,8,5791-2777-2631
2026-09-30T20:00:00Z,roleplaying-social,9,9960-1973-3840
2026-09-30T20:00:00Z,roleplaying-social,10,1404-2424-6999
2026-09-30T20:00:00Z,roleplaying-social,11,6246-3089-1172
2026-09-30T20:00:00Z,roleplaying-social,12,3589-2124-6433
2026-09-30T20:00:00Z,roleplaying-social,13,5926-8267-4114
2026-09-30T20:00:00Z,roleplaying-social,14,0324-6525-3171
2026-09-30T20:00:00Z,roleplaying-social,15,9139-3598-0890
2026-09-30T20:00:00Z,roleplaying-social,16,0555-8302-4764
2026-09-30T20:00:00Z,roleplaying-social,17,6681-4393-8409
2026-09-30T20:00:00Z,roleplaying-social,18,3576-3976-5738
2026-09-30T20:00:00Z,roleplaying-social,19,2378-8503-5724
2026-09-30T20:00:00Z,roleplaying-social,20,6032-4340-0635
2026-09-30T20:00:00Z,roleplaying-social,21,5210-2587-9252
2026-09-30T20:00:00Z,roleplaying-social,22,3527-4959-6539
2026-09-30T20:00:00Z,roleplaying-social,23,4838-7147-7903
2026-09-30T20:00:00Z,roleplaying-social,24,9942-5443-3752
2026-09-30T20:00:00Z,roleplaying-social,25,6698-2376-8888
2026-09-30T20:00:00Z,roleplaying-social,26,4773-6741-9721
2026-09-30T20:00:00Z,roleplaying-social,27,6672-6548-6091
2026-09-30T20:00:00Z,roleplaying-social,28,7044-5372-4741
2026-09-30T20:00:00Z,roleplaying-social,29,2821-7347-1072
2026-09-30T20:00:00Z,roleplaying-social,30,0235-8623-3183
2026-09-30T20:00:00Z,roleplaying-social,31,2327-7349-9384
2026-09-30T20:00:00Z,roleplaying-social,32,7971-1781-8515
2026-09-30T20:00:00Z,roleplaying-social,33,8359-5244-2189
2026-09-30T20:00:00Z,roleplaying-social,34,6274-5849-1460
2026-09-30T20:00:00Z,roleplaying-social,35,3369-4671-4228
2026-09-30T20:00:00Z,roleplaying-social,36,7578-1606-3889
2026-09-30T20:00:00Z,roleplaying-social,37,4051-4682-5311
2026-09-30T20:00:00Z,roleplaying-social,38,0611-2221-8150
2026-09-30T20:00:00Z,roleplaying-social,39,3219-0434-0660
2026-09-30T20:00:00Z,roleplaying-social,40,6351-9562-0264
2026-09-30T20:00:00Z,roleplaying-social,41,9378-1633-0419
2026-09-30T20:00:00Z,roleplaying-social,42,2586-8404-0869
2026-09-30T20:00:00Z,roleplaying-social,43,1128-5158-6207
2026-09-30T20:00:00Z,roleplaying-social,44,9215-3374-2716
2026-09-30T20:00:00Z,roleplaying-social,45,5275-2097-9470
2026-09-30T20:00:00Z,roleplaying-social,46,3727-5611-9151
2026-09-30T20:00:00Z,roleplaying-social,47,8238-3374-0527
2026-09-30T20:00:00Z,roleplaying-social,48,9311-4440-0582
2026-09-30T20:00:00Z,roleplaying-social,49,5049-6507-5084
2026-09-30T20:00:00Z,roleplaying-social,50,4950-3394-4317
2026-09-30T20:00:00Z,roguelike,1,8105-9005-4478
2026-09-30T20:00:00Z,roguelike,2,1316-2698-6957
2026-09-30T20:00:00Z,roguelike,3,3815-6126-3210
2026-09-30T20:00:00Z,roguelike,4,5410-9748-9230
2026-09-30T20:00:00Z,roguelike,5,7300-0705-2924
2026-09-30T20:00:00Z,roguelike,6,0243-3963-9174
2026-09-30T20:00:00Z,roguelike,7,0450-2818-4646
2026-09-30T20:00:00Z,roguelike,8,9638-2905-2989
2026-09-30T20:00:00Z,roguelike,9,7660-6642-4841
2026-09-30T20:00:00Z,roguelike,10,5838-7237-3736
2026-09-30T20:00:00Z,roguelike,11,6177-7138-0133
2026-09-30T20:00:00Z,roguelike,12,2202-8403-6747
2026-09-30T20:00:00Z,roguelike,13,0335-8436-1670
2026-09-30T20:00:00Z,roguelike,14,0953-8380-0428
2026-09-30T20:00:00Z,roguelike,15,2910-9885-0062
2026-09-30T20:00:00Z,roguelike,16,5371-4743-1449
2026-09-30T20:00:00Z,roguelike,17,9543-4980-8804
2026-09-30T20:00:00Z,roguelike,18,2778-3915-9162
2026-09-30T20:00:00Z,roguelike,19,6561-6479-3496
2026-09-30T20:00:00Z,roguelike,20,3793-8653-7610
2026-09-30T20:00:00Z,roguelike,21,1257-8964-6713
2026-09-30T20:00:00Z,roguelike,22,6266-7599-9295
2026-09-30T20:00:00Z,roguelike,23,0402-8300-3128
2026-09-30T20:00:00Z,roguelike,24,4904-4001-2639
2026-09-30T20:00:00Z,roguelike,25,2612-2751-1484
2026-09-30T20:00:00Z,roguelike,26,4873-4878-1736
2026-09-30T20:00:00Z,roguelike,27,5341-1937-4427
2026-09-30T20:00:00Z,roguelike,28,5786-6009-0800
2026-09-30T20:00:00Z,roguelike,29,7908-5661-9723
2026-09-30T20:00:00Z,roguelike,30,0986-9962-2231
2026-09-30T20:00:00Z,roguelike,31,5496-4456-1570
2026-09-30T20:00:00Z,roguelike,32,2005-9007-1508
2026-09-30T20:00:00Z,roguelike,33,9276-7287-3867
2026-09-30T20:00:00Z,roguelike,34,1311-3035-1480
2026-09-30T20:00:00Z,roguelike,35,7340-5853-5689
2026-09-30T20:00:00Z,roguelike,36,9024-9416-8450
2026-09-30T20:00:00Z,roguelike,37,1775-4578-6904
2026-09-30T20:00:00Z,roguelike,38,7763-0396-3798
2026-09-30T20:00:00Z,roguelike,39,7310-6156-1636
2026-09-30T20:00:00Z,roguelike,40,8751-7536-0966
2026-09-30T20:00:00Z,roguelike,41,8640-1404-5362
2026-09-30T20:00:00Z,roguelike,42,3305-9667-7847
2026-09-30T20:00:00Z,roguelike,43,6076-7314-8789
2026-09-30T20:00:00Z,roguelike,44,8347-7641-0377
2026-09-30T20:00:00Z,roguelike,45,6472-9315-0735
2026-09-30T20:00:00Z,roguelike,46,7892-3589-9902
2026-09-30T20:00:00Z,roguelike,47,9311-7979-3371
2026-09-30T20:00:00Z,roguelike,48,8216-2267-8272
2026-09-30T20:00:00Z,roguelike,49,3237-5036-7149
2026-09-30T20:00:00Z,roguelike,50,2214-7613-0030
2026-09-30T20:00:00Z,party-mini-games,1,7786-0958-2481
2026-09-30T20:00:00Z,party-mini-games,2,4540-2792-0054
2026-09-30T20:00:00Z,party-mini-games,3,2713-8007-6156
2026-09-30T20:00:00Z,party-mini-games,4,0673-9062-5656
2026-09-30T20:00:00Z,party-mini-games,5,8532-9413-6963
2026-09-30T20:00:00Z,party-mini-games,6,5652-7404-8525
2026-09-30T20:00:00Z,party-mini-games,7,1245-9511-3686
2026-09-30T20:00:00Z,party-mini-games,8,5581-8600-6431
2026-09-30T20:00:00Z,party-mini-games,9,8583-8241-4270
2026-09-30T20:00:00Z,party-mini-games,10,7159-6279-1617
2026-09-30T20:00:00Z,party-mini-games,11,5047-4823-3041
2026-09-30T20:00:00Z,party-mini-games,12,9327-0023-8506
2026-09-30T20:00:00Z,party-mini-games,13,9886-0074-1759
2026-09-30T20:00:00Z,party-mini-games,14,5731-3854-1429
2026-09-30T20:00:00Z,party-mini-games,15,5991-1334-7948
2026-09-30T20:00:00Z,party-mini-games,16,8879-1619-5419
2026-09-30T20:00:00Z,party-mini-games,17,0674-9841-8616
2026-09-30T20:00:00Z,party-mini-games,18,4491-6809-0801
2026-09-30T20:00:00Z,party-mini-games,19,8741-9528-4677
2026-09-30T20:00:00Z,party-mini-games,20,7473-0088-9373
2026-09-30T20:00:00Z,party-mini-games,21,9568-9742-7529
2026-09-30T20:00:00Z,party-mini-games,22,2784-9853-5887
2026-09-30T20:00:00Z,party-mini-games,23,8742-0736-8164
2026-09-30T20:00:00Z,party-mini-games,24,4042-7237-7914
2026-09-30T20:00:00Z,party-mini-games,25,6920-5457-5803
2026-09-30T20:00:00Z,party-mini-games,26,8712-8939-5935
2026-09-30T20:00:00Z,party-mini-games,27,7011-3815-1384
2026-09-30T20:00:00Z,party-mini-games,28,2724-4064-5480
2026-09-30T20:00:00Z,party-mini-games,29,7832-3964-5638
2026-09-30T20:00:00Z,party-mini-games,30,9883-5619-8599
2026-09-30T20:00:00Z,party-mini-games,31,5354-0385-7005
2026-09-30T20:00:00Z,party-mini-games,32,0435-0111-2493
2026-09-30T20:00:00Z,party-mini-games,33,2676-0386-9889
2026-09-30T20:00:00Z,party-mini-games,34,3100-7802-0060
2026-09-30T20:00:00Z,party-mini-games,35,0860-0696-6226
2026-09-30T20:00:00Z,party-mini-games,36,2622-9824-2727
2026-09-30T20:00:00Z,party-mini-games,37,1262-4821-8692
2026-09-30T20:00:00Z,party-mini-games,38,8875-2455-5971
2026-09-30T20:00:00Z,party-mini-games,39,5123-4159-8163
2026-09-30T20:00:00Z,party-mini-games,40,1216-9665-5612
2026-09-30T20:00:00Z,party-mini-games,41,9353-4374-2762
2026-09-30T20:00:00Z,party-mini-games,42,6708-3435-6367
2026-09-30T20:00:00Z,party-mini-games,43,3329-0873-1582
2026-09-30T20:00:00Z,party-mini-games,44,1586-1344-2581
2026-09-30T20:00:00Z,party-mini-games,45,5534-5280-2727
2026-09-30T20:00:00Z,party-mini-games,46,9207-7848-7041
2026-09-30T20:00:00Z,party-mini-games,47,5255-5400-1491
2026-09-30T20:00:00Z,party-mini-games,48,4641-3854-0083
2026-09-30T20:00:00Z,party-mini-games,49,9936-6526-6822
2026-09-30T20:00:00Z,party-mini-games,50,9840-4694-1648
2026-09-30T20:00:00Z,music-rhythm,1,5494-2125-5108
2026-09-30T20:00:00Z,music-rhythm,2,8363-8237-0040
2026-09-30T20:00:00Z,music-rhythm,3,4330-3478-9064
2026-09-30T20:00:00Z,music-rhythm,4,6298-5099-1591
2026-09-30T20:00:00Z,music-rhythm,5,0412-4007-2062
2026-09-30T20:00:00Z,music-rhythm,6,7385-6982-2296
2026-09-30T20:00:00Z,music-rhythm,7,9234-0447-6099
2026-09-30T20:00:00Z,music-rhythm,8,2656-1343-6557
2026-09-30T20:00:00Z,music-rhythm,9,0078-0905-0736
2026-09-30T20:00:00Z,music-rhythm,10,1588-1140-6261
2026-09-30T20:00:00Z,music-rhythm,11,0960-0671-7810
2026-09-30T20:00:00Z,music-rhythm,12,1101-5048-7690
2026-09-30T20:00:00Z,music-rhythm,13,4012-6126-4312
2026-09-30T20:00:00Z,music-rhythm,14,3979-8693-2639
2026-09-30T20:00:00Z,music-rhythm,15,2855-7768-7380
2026-09-30T20:00:00Z,music-rhythm,16,6322-2686-0790
2026-09-30T20:00:00Z,music-rhythm,17,5542-5833-2901
2026-09-30T20:00:00Z,music-rhythm,18,2796-4203-2086
2026-09-30T20:00:00Z,music-rhythm,19,9851-7455-1332
2026-09-30T20:00:00Z,music-rhythm,20,5261-2224-6992
2026-09-30T20:00:00Z,music-rhythm,21,3623-7698-7986
2026-09-30T20:00:00Z,music-rhythm,22,6175-6100-8121
2026-09-30T20:00:00Z,music-rhythm,23,1316-4344-1374
2026-09-30T20:00:00Z,music-rhythm,24,7780-4361-8500
2026-09-30T20:00:00Z,music-rhythm,25,8047-6953-2839
2026-09-30T20:00:00Z,music-rhythm,26,6485-2863-0795
2026-09-30T20:00:00Z,music-rhythm,27,9366-7818-9623
2026-09-30T20:00:00Z,music-rhythm,28,3093-0676-2570
2026-09-30T20:00:00Z,music-rhythm,29,2139-8857-2670
2026-09-30T20:00:00Z,music-rhythm,30,4020-2309-4390
2026-09-30T20:00:00Z,music-rhythm,31,1102-2771-9165
2026-09-30T20:00:00Z,music-rhythm,32,8743-3665-1978
2026-09-30T20:00:00Z,music-rhythm,33,9312-3254-6209
2026-09-30T20:00:00Z,music-rhythm,34,7322-9038-3287
2026-09-30T20:00:00Z,music-rhythm,35,4909-7635-0559
2026-09-30T20:00:00Z,music-rhythm,36,9510-0473-8615
2026-09-30T20:00:00Z,music-rhythm,37,6000-5068-3133
2026-09-30T20:00:00Z,music-rhythm,38,7131-4465-3884
2026-09-30T20:00:00Z,music-rhythm,39,8244-8226-3592
2026-09-30T20:00:00Z,music-rhythm,40,1865-4829-7018
2026-09-30T20:00:00Z,music-rhythm,41,0455-6983-1856
2026-09-30T20:00:00Z,music-rhythm,42,7088-7741-6876
2026-09-30T20:00:00Z,music-rhythm,43,6951-1761-3233
2026-09-30T20:00:00Z,music-rhythm,44,2702-3849-0110
2026-09-30T20:00:00Z,music-rhythm,45,5905-5829-2256
2026-09-30T20:00:00Z,music-rhythm,46,5817-1475-1682
2026-09-30T20:00:00Z,music-rhythm,47,7166-5731-7989
2026-09-30T20:00:00Z,music-rhythm,48,1098-1916-7492
2026-09-30T20:00:00Z,music-rhythm,49,2427-3025-9162
2026-09-30T20:00:00Z,music-rhythm,50,4386-4324-4281
2026-09-30T20:00:00Z,horror,1,5253-8468-3364
2026-09-30T20:00:00Z,horror,2,2522-4269-4932
2026-09-30T20:00:00Z,horror,3,6386-2237-2556
2026-09-30T20:00:00Z,horror,4,1314-9783-9214
2026-09-30T20:00:00Z,horror,5,8832-3199-6129
2026-09-30T20:00:00Z,horror,6,5382-8693-1539
2026-09-30T20:00:00Z,horror,7,7782-9349-5060
2026-09-30T20:00:00Z,horror,8,7693-2586-8371
2026-09-30T20:00:00Z,horror,9,8605-3450-1528
2026-09-30T20:00:00Z,horror,10,1764-2576-3256
2026-09-30T20:00:00Z,horror,11,0257-0819-4941
2026-09-30T20:00:00Z,horror,12,0487-9801-6989
2026-09-30T20:00:00Z,horror,13,9919-3137-0527
2026-09-30T20:00:00Z,horror,14,3119-1652-2400
2026-09-30T20:00:00Z,horror,15,6890-1483-5306
2026-09-30T20:00:00Z,horror,16,1864-8667-0230
2026-09-30T20:00:00Z,horror,17,2350-8051-9251
2026-09-30T20:00:00Z,horror,18,9992-6976-2209
2026-09-30T20:00:00Z,horror,19,9321-4455-9371
2026-09-30T20:00:00Z,horror,20,1168-3367-8346
2026-09-30T20:00:00Z,horror,21,2576-1243-5698
2026-09-30T20:00:00Z,horror,22,2742-7377-1715
2026-09-30T20:00:00Z,horror,23,9584-0626-1868
2026-09-30T20:00:00Z,horror,24,1568-5476-4029
2026-09-30T20:00:00Z,horror,25,2633-7144-2490
2026-09-30T20:00:00Z,horror,26,6762-8090-5910
2026-09-30T20:00:00Z,horror,27,2468-9118-1077
2026-09-30T20:00:00Z,horror,28,5131-0003-8428
2026-09-30T20:00:00Z,horror,29,2237-7732-9798
2026-09-30T20:00:00Z,horror,30,5141-9514-1133
2026-09-30T20:00:00Z,horror,31,7819-7148-6745
2026-09-30T20:00:00Z,horror,32,9217-3432-0162
2026-09-30T20:00:00Z,horror,33,9238-2115-6656
2026-09-30T20:00:00Z,horror,34,2314-2552-7427
2026-09-30T20:00:00Z,horror,35,1720-5066-5578
2026-09-30T20:00:00Z,horror,36,0307-5506-1191
2026-09-30T20:00:00Z,horror,37,5807-5643-8192
2026-09-30T20:00:00Z,horror,38,8198-8669-9805
2026-09-30T20:00:00Z,horror,39,6709-8336-7895
2026-09-30T20:00:00Z,horror,40,6680-1622-1207
2026-09-30T20:00:00Z,horror,41,0578-3069-6741
2026-09-30T20:00:00Z,horror,42,7088-2075-7031
2026-09-30T20:00:00Z,horror,43,4817-5352-1562
2026-09-30T20:00:00Z,horror,44,0564-5971-3067
2026-09-30T20:00:00Z,horror,45,4062-2133-4209
2026-09-30T20:00:00Z,horror,46,8579-5822-2717
2026-09-30T20:00:00Z,horror,47,5577-7889-8927
2026-09-30T20:00:00Z,horror,48,2225-9173-9915
2026-09-30T20:00:00Z,horror,49,6421-2254-5192
2026-09-30T20:00:00Z,horror,50,1502-4623-9729
2026-09-30T20:00:00Z,deathrun-platformer,1,4366-9611-6988
2026-09-30T20:00:00Z,deathrun-platformer,2,9007-7666-4786
2026-09-30T20:00:00Z,deathrun-platformer,3,6595-9027-4333
2026-09-30T20:00:00Z,deathrun-platformer,4,2940-8798-4080
2026-09-30T20:00:00Z,deathrun-platformer,5,4343-3421-7958
2026-09-30T20:00:00Z,deathrun-platformer,6,0710-5157-7407
2026-09-30T20:00:00Z,deathrun-platformer,7,9156-5231-8691
2026-09-30T20:00:00Z,deathrun-platformer,8,1642-0360-3864
2026-09-30T20:00:00Z,deathrun-platformer,9,4354-7775-3883
2026-09-30T20:00:00Z,deathrun-platformer,10,4908-2342-7558
2026-09-30T20:00:00Z,deathrun-platformer,11,0736-1280-3933
2026-09-30T20:00:00Z,deathrun-platformer,12,9386-6875-7537
2026-09-30T20:00:00Z,deathrun-platformer,13,9244-4434-0472
2026-09-30T20:00:00Z,deathrun-platformer,14,5263-9200-9917
2026-09-30T20:00:00Z,deathrun-platformer,15,1454-1373-6959
2026-09-30T20:00:00Z,deathrun-platformer,16,7258-2095-7806
2026-09-30T20:00:00Z,deathrun-platformer,17,8123-3522-7412
2026-09-30T20:00:00Z,deathrun-platformer,18,8443-1771-1591
2026-09-30T20:00:00Z,deathrun-platformer,19,9212-3487-1562
2026-09-30T20:00:00Z,deathrun-platformer,20,8101-3554-2146
2026-09-30T20:00:00Z,deathrun-platformer,21,3925-7256-2331
2026-09-30T20:00:00Z,deathrun-platformer,22,1798-2026-9632
2026-09-30T20:00:00Z,deathrun-platformer,23,9597-4167-2516
2026-09-30T20:00:00Z,deathrun-platformer,24,6324-7516-2150
2026-09-30T20:00:00Z,deathrun-platformer,25,0554-1640-9952
2026-09-30T20:00:00Z,deathrun-platformer,26,7076-6111-1715
2026-09-30T20:00:00Z,deathrun-platformer,27,8909-5020-6970
2026-09-30T20:00:00Z,deathrun-platformer,28,8561-0432-5080
2026-09-30T20:00:00Z,deathrun-platformer,29,2228-5758-0657
2026-09-30T20:00:00Z,deathrun-platformer,30,1897-9963-4956
2026-09-30T20:00:00Z,deathrun-platformer,31,3917-1289-9880
2026-09-30T20:00:00Z,deathrun-platformer,32,2655-9467-6796
2026-09-30T20:00:00Z,deathrun-platformer,33,1677-1787-1660
2026-09-30T20:00:00Z,deathrun-platformer,34,7433-0342-4105
2026-09-30T20:00:00Z,deathrun-platformer,35,1683-6205-8518
2026-09-30T20:00:00Z,deathrun-platformer,36,7662-9243-4059
2026-09-30T20:00:00Z,deathrun-platformer,37,5806-7486-0073
2026-09-30T20:00:00Z,deathrun-platformer,38,8101-2752-7998
2026-09-30T20:00:00Z,deathrun-platformer,39,5497-6332-8508
2026-09-30T20:00:00Z,deathrun-platformer,40,5580-1607-2828
2026-09-30T20:00:00Z,deathrun-platformer,41,3459-8612-8153
2026-09-30T20:00:00Z,deathrun-platformer,42,6907-0729-6439
2026-09-30T20:00:00Z,deathrun-platformer,43,1379-3567-3251
2026-09-30T20:00:00Z,deathrun-platformer,44,5707-5301-8219
2026-09-30T20:00:00Z,deathrun-platformer,45,2622-9880-0913
2026-09-30T20:00:00Z,deathrun-platformer,46,3553-6094-4319
2026-09-30T20:00:00Z,deathrun-platformer,47,9103-4908-5016
2026-09-30T20:00:00Z,deathrun-platformer,48,8112-4293-6684
2026-09-30T20:00:00Z,deathrun-platformer,49,8103-1383-8856
2026-09-30T20:00:00Z,deathrun-platformer,50,0466-6572-0487
2026-09-30T20:00:00Z,battle-royale,1,2515-6266-7600
2026-09-30T20:00:00Z,battle-royale,2,3305-1551-7747
2026-09-30T20:00:00Z,battle-royale,3,7835-3901-1999
2026-09-30T20:00:00Z,battle-royale,4,3729-0643-9775
2026-09-30T20:00:00Z,battle-royale,5,8064-7152-2934
2026-09-30T20:00:00Z,battle-royale,6,8298-6891-9930
2026-09-30T20:00:00Z,battle-royale,7,1832-0431-4852
2026-09-30T20:00:00Z,battle-royale,8,6570-5231-1418
2026-09-30T20:00:00Z,battle-royale,9,5075-1953-0397
2026-09-30T20:00:00Z,battle-royale,10,4859-7673-2109
2026-09-30T20:00:00Z,battle-royale,11,6562-8953-6567
2026-09-30T20:00:00Z,battle-royale,12,6568-3461-2958
2026-09-30T20:00:00Z,battle-royale,13,7950-6306-4857
2026-09-30T20:00:00Z,battle-royale,14,9854-1829-8735
2026-09-30T20:00:00Z,battle-royale,15,8189-6786-4181
2026-09-30T20:00:00Z,battle-royale,16,3537-4087-0888
2026-09-30T20:00:00Z,battle-royale,17,6809-4712-6549
2026-09-30T20:00:00Z,battle-royale,18,4062-1024-9914
2026-09-30T20:00:00Z,battle-royale,19,7686-1102-4551
2026-09-30T20:00:00Z,battle-royale,20,6013-7804-4824
2026-09-30T20:00:00Z,battle-royale,21,1541-6710-6518
2026-09-30T20:00:00Z,battle-royale,22,1513-6690-9481
2026-09-30T20:00:00Z,battle-royale,23,8089-7542-3407
2026-09-30T20:00:00Z,battle-royale,24,6369-4500-6726
2026-09-30T20:00:00Z,battle-royale,25,2325-4055-3398
2026-09-30T20:00:00Z,battle-royale,26,9133-8645-9405
2026-09-30T20:00:00Z,battle-royale,27,5938-7405-7629
2026-09-30T20:00:00Z,battle-royale,28,9860-3691-4813
2026-09-30T20:00:00Z,battle-royale,29,4660-4454-3176
2026-09-30T20:00:00Z,battle-royale,30,6127-8949-1207
2026-09-30T20:00:00Z,battle-royale,31,7541-3275-7180
2026-09-30T20:00:00Z,battle-royale,32,6940-8669-1904
2026-09-30T20:00:00Z,battle-royale,33,8301-9379-2032
2026-09-30T20:00:00Z,battle-royale,34,7675-8305-9560
2026-09-30T20:00:00Z,battle-royale,35,4059-2791-0712
2026-09-30T20:00:00Z,battle-royale,36,3462-0061-0008
2026-09-30T20:00:00Z,battle-royale,37,7793-4297-5018
2026-09-30T20:00:00Z,battle-royale,38,8512-6272-4935
2026-09-30T20:00:00Z,battle-royale,39,2565-2684-5169
2026-09-30T20:00:00Z,battle-royale,40,0666-2340-0381
2026-09-30T20:00:00Z,battle-royale,41,7660-6907-4933
2026-09-30T20:00:00Z,battle-royale,42,8322-2884-5019
2026-09-30T20:00:00Z,battle-royale,43,9546-9918-8917
2026-09-30T20:00:00Z,battle-royale,44,6593-0895-0067
2026-09-30T20:00:00Z,battle-royale,45,6908-1868-5705
2026-09-30T20:00:00Z,battle-royale,46,7683-7320-6305
2026-09-30T20:00:00Z,battle-royale,47,7808-8734-4407
2026-09-30T20:00:00Z,battle-royale,48,5140-1276-9835
2026-09-30T20:00:00Z,battle-royale,49,8942-4322-3496
2026-09-30T20:00:00Z,battle-royale,50,1760-0152-1306
2026-09-30T20:00:00Z,adventure-rpg,1,0671-8802-1176
2026-09-30T20:00:00Z,adventure-rpg,2,3516-1318-8293
2026-09-30T20:00:00Z,adventure-rpg,3,6059-3243-8283
2026-09-30T20:00:00Z,adventure-rpg,4,9692-6857-0327
2026-09-30T20:00:00Z,adventure-rpg,5,8196-4536-7814
2026-09-30T20:00:00Z,adventure-rpg,6,5832-5810-8828
2026-09-30T20:00:00Z,adventure-rpg,7,3469-7377-0976
2026-09-30T20:00:00Z,adventure-rpg,8,4225-6009-1837
2026-09-30T20:00:00Z,adventure-rpg,9,6187-4944-9063
2026-09-30T20:00:00Z,adventure-rpg,10,9125-7128-0659
2026-09-30T20:00:00Z,adventure-rpg,11,8396-9258-5687
2026-09-30T20:00:00Z,adventure-rpg,12,1314-6986-8879
2026-09-30T20:00:00Z,adventure-rpg,13,7008-8933-8450
2026-09-30T20:00:00Z,adventure-rpg,14,7071-9693-9251
2026-09-30T20:00:00Z,adventure-rpg,15,7376-9013-2270
2026-09-30T20:00:00Z,adventure-rpg,16,9276-6145-6532
2026-09-30T20:00:00Z,adventure-rpg,17,4570-5009-7097
2026-09-30T20:00:00Z,adventure-rpg,18,8014-3560-5859
2026-09-30T20:00:00Z,adventure-rpg,19,9534-2869-1735
2026-09-30T20:00:00Z,adventure-rpg,20,2525-9596-3235
2026-09-30T20:00:00Z,adventure-rpg,21,1653-1671-8190
2026-09-30T20:00:00Z,adventure-rpg,22,5652-8758-6723
2026-09-30T20:00:00Z,adventure-rpg,23,1254-9325-4547
2026-09-30T20:00:00Z,adventure-rpg,24,2058-2606-2161
2026-09-30T20:00:00Z,adventure-rpg,25,6209-0418-4528
2026-09-30T20:00:00Z,adventure-rpg,26,1862-1345-3293
2026-09-30T20:00:00Z,adventure-rpg,27,0423-7203-4888
2026-09-30T20:00:00Z,adventure-rpg,28,0725-5637-6639
2026-09-30T20:00:00Z,adventure-rpg,29,8964-3786-2615
2026-09-30T20:00:00Z,adventure-rpg,30,8402-7861-9119
2026-09-30T20:00:00Z,adventure-rpg,31,7474-2686-2725
2026-09-30T20:00:00Z,adventure-rpg,32,2668-5883-1928
2026-09-30T20:00:00Z,adventure-rpg,33,2243-8448-8828
2026-09-30T20:00:00Z,adventure-rpg,34,8101-6792-2860
2026-09-30T20:00:00Z,adventure-rpg,35,3649-5068-6830
2026-09-30T20:00:00Z,adventure-rpg,36,6571-7653-5835
2026-09-30T20:00:00Z,adventure-rpg,37,1324-1016-2565
2026-09-30T20:00:00Z,adventure-rpg,38,4172-7336-5964
2026-09-30T20:00:00Z,adventure-rpg,39,6385-1718-1727
2026-09-30T20:00:00Z,adventure-rpg,40,3082-7624-8490
2026-09-30T20:00:00Z,adventure-rpg,41,2092-7750-7074
2026-09-30T20:00:00Z,adventure-rpg,42,6592-6642-4245
2026-09-30T20:00:00Z,adventure-rpg,43,2656-8631-4779
2026-09-30T20:00:00Z,adventure-rpg,44,7078-1340-8086
2026-09-30T20:00:00Z,adventure-rpg,45,6134-7832-2505
2026-09-30T20:00:00Z,adventure-rpg,46,2462-5536-5857
2026-09-30T20:00:00Z,adventure-rpg,47,2313-4464-7728
2026-09-30T20:00:00Z,adventure-rpg,48,6395-0064-0327
2026-09-30T20:00:00Z,adventure-rpg,49,9135-6797-0922
2026-09-30T20:00:00Z,adventure-rpg,50,5440-4984-3473
