first_seen,code,title,creator,created_in,category,tags,source
2026-09-25T19:03:58Z,5685-9016-0182,Take Down The Boss,greencobra,UEFN,,boss battle|survival|squad|tycoon,head
2026-09-25T19:36:05Z,9740-8000-5983,RvB Hard Fight,racecow,UEFN,,team deathmatch|shooter|attack|minigame,head
2026-09-25T19:36:05Z,9919-1054-9272,1V1V1 OCEAN FREEBUILD,fugas,UEFN,,practice|pvp|building|1v1,head
2026-09-25T19:36:05Z,0431-1793-0606,EAT OR BE EATEN - FFA,aeryn,UEFN,,free for all|practice|pvp|respawn,head
2026-09-25T19:36:05Z,2897-9327-6700,ASMR TYCOON KEYBOARD,synxoffi,UEFN,,tycoon|just for fun|casual|simulator,head
2026-09-25T19:36:05Z,0256-1067-5136,Valencia,deko_og,FNC,,competitive,head
2026-09-25T19:36:05Z,5551-4414-7517,SPEED WING CITY FFA,pnym,UEFN,,teams|free for all|music|party game,head
2026-09-25T19:36:05Z,6278-1703-9075,Boss Must Die,peachgame,UEFN,,boss battle|tycoon|creatures|survival,head
2026-09-25T19:36:05Z,4332-3141-6967,RVB RED VS BLUE SPEED,lexc,UEFN,,team deathmatch|teams|free for all|just for fun,head
2026-09-25T19:36:05Z,0236-7576-3252,1V1 FIGHTHARD,sam2pl,FNC,,1v1|attack|gun game|action,head
2026-09-25T19:36:05Z,3771-9402-4653,Boss Horror,makeleg,UEFN,,survival|boss battle|pve|squad,head
2026-09-25T19:36:05Z,8012-7822-4887,INSANE 1V1 - SPRITES & ALL GUNS,skyt3rek,UEFN,,free for all|practice|pvp|just for fun,head
2026-09-25T19:36:05Z,5341-2894-6624,1v1 Build Fight [Magik],magikwars,UEFN,,1v1|practice|building|competitive,head
2026-09-25T19:36:05Z,4583-0672-3779,🔥 ZB Tilted Duo Zone Wars! 🔥,zbkevin,UEFN,,pvp|team deathmatch|zonewars|duo,head
2026-09-25T19:36:05Z,7165-4383-7978,Sharks,hothead,UEFN,,just for fun|pvp|minigame|party game,head
2026-09-25T19:36:05Z,0365-0829-5859,TeamZelix 1v1,ykfinn,FNC,,1v1,head
2026-09-25T19:36:05Z,8444-3773-7846,🕵🏾 DOGGPOUND GUN GAME 🎵 [SURVIVAL],itachiifn,UEFN,The Walking Dead Universe,gun game|pvp|just for fun|survival horror,head
2026-09-25T19:43:15Z,0452-3941-9382,RED VS BLUE 🔴🔵FIGHTING EACH,haxio,UEFN,,team deathmatch|free for all|gun game|competitive,head
2026-09-25T19:43:15Z,2567-9436-2583,RED VS BLUE GRIND GRIND,jaxio,UEFN,,team deathmatch|free for all|gun game|competitive,head
2026-09-25T19:43:15Z,1972-6697-2782,SKYFORGE ISLES TYCOON 💎,double_fps,UEFN,,tycoon|simulator|casual|just for fun,head
2026-09-25T19:43:15Z,9078-6941-6813,HARD PARKOUR ⭐ INSANE DEATHRUN LEVELS 😈,ucneragon,UEFN,,deathrun|parkour|difficulty: impossible|difficulty: ultra hard,head
2026-09-25T19:49:13Z,2467-4883-8973,Terrazas  - Snipers vs Runners,ciroplay,UEFN,,runner|sniper|just for fun|teams,head
2026-09-25T19:49:13Z,9028-6059-5313,1V1V1 ZERO BUILD 🎯 REAL PVP FFA,dylzaah,UEFN,,1v1|free for all|practice|pvp,head
2026-09-25T19:56:41Z,7054-3169-5128,TOY WORLD OBBY PARKOUR ⭐,voxelmagic,UEFN,,deathrun|parkour|just for fun|music,head
2026-09-25T19:56:41Z,7258-0701-5309,iaplqq1v1arena,winm,UEFN,,1v1,head
2026-09-25T19:56:41Z,0452-7965-9408,ZONE SHOWDOWN 🌀 | 3V3 | العاصفة الأخيرة,d1rolly,UEFN,,3v3|pvp|competitive|zonewars,head
2026-09-25T19:56:41Z,2017-0189-3226,SPEED SWING FUN CITY LOOP,tungmaps,UEFN,,just for fun|free for all|teams|music,head
2026-09-25T19:56:41Z,0555-4320-2692,CATCH A PET,palmito78,UEFN,,collection|tycoon|adventure|casual,head
2026-09-25T19:56:41Z,0766-0296-2494,14 Level Hard Parkuor,levikg,UEFN,,parkour,head
2026-09-25T19:56:41Z,8513-3342-0503,TILTED ZONE WARS 3V3  🔴RED VS BLUE🔵,kruczelfn,UEFN,,zonewars|3v3|pvp|practice,catalog
2026-09-25T19:56:41Z,8454-8544-2924,TILTED ZONE WARS 5V5  🔴RED VS BLUE🔵,kruczelfn,UEFN,,zonewars|5v5|pvp|practice,catalog
2026-09-25T19:56:41Z,7583-3589-8419,TILTED ZONE WARS 4V4  🔴RED VS BLUE🔵,kruczelfn,UEFN,,zonewars|4v4|pvp|practice,catalog
2026-09-25T19:56:41Z,2397-0062-3262,DRIVE-IN CINEMA PROP HUNT 🎬,lahermandad,FNC,,prop hunt|minigame|party game|just for fun,catalog
2026-09-25T19:56:41Z,2602-0193-1605,Roblox Fortnite UNC,cannette,UEFN,,free for all|just for fun|pvp|1v1,catalog
2026-09-25T19:56:41Z,3102-3167-9407,FASHION LAND,caillefn,UEFN,,fashion|minigame|just for fun|role playing,catalog
2026-09-25T19:56:41Z,4255-5956-2529,Trash Royale,jerryvfx_hh,UEFN,,zonewars|3v3|2v2|team deathmatch,catalog
2026-09-25T19:56:41Z,6771-1880-7737,🎡 BUTTERFLY PARTY ROYALE 2.2 🎡,jxh_d,UEFN,,just for fun|party game|role playing|sandbox,catalog
2026-09-25T22:16:33Z,4593-6132-9347,CRAZY ROJO RED VS BLUE RVB 🔴🔵,kaxio,UEFN,,team deathmatch|free for all|gun game|competitive,head
2026-09-25T22:16:33Z,2546-3852-5714,RED VS BLUE SPACE EXTENSION🔴🔵,laxio,UEFN,,team deathmatch|free for all|gun game|competitive,head
2026-09-25T22:16:33Z,9573-1875-1074,StormNation:Volcano Wars,mortalgamingyt,FNC,,shooter,head
2026-09-25T22:16:33Z,9213-7921-2293,Île Des Amoureux,dmkkaneki,FNC,,space,head
2026-09-25T22:16:33Z,9882-3017-4149,FNRILEYS 1V1,fnriley7,FNC,,1v1,head
2026-09-25T22:16:33Z,5330-8922-8849,UNHINGED RED VS BLUE 🤡,bayer4ik14,UEFN,,arena|team deathmatch|boxfight|shooter,head
2026-09-25T22:16:33Z,8709-0492-0855,TOZU 1V1,bosquitofv,UEFN,,1v1|funny,head
2026-09-25T22:16:33Z,5240-4296-1271,Simple Edit Wars ✏️,bloxul,FNC,,minigame|funny|strategy|skills,head
2026-09-25T22:16:33Z,1960-7743-5633,⚔️ We9r 1v1,we9r,UEFN,,1v1|heroes|building,head
2026-09-25T22:16:33Z,9970-6964-0967,CRYSTALS,fortim,UEFN,,just for fun|minigame|party game|pvp,head
2026-09-25T22:16:33Z,6394-3225-7680,TRIO ZONE WARS - 3V3,jo2,UEFN,,3v3|trios|zonewars|practice,head
2026-09-25T22:16:33Z,6750-2497-6978,DRAFT REALISTIC [1V1],creative.rudy,UEFN,,1v1|strategy|just for fun|practice,head
2026-09-25T22:16:33Z,5305-8196-3702,FORTMART PROP HUNT 🛒,csar,UEFN,,prop hunt|pvp|just for fun|friendly,head
2026-09-25T22:16:33Z,2336-0899-0416,Free Build Training 1v1v1,syncalvarito,FNC,,battle royale|building|respawn|shooter,head
2026-09-25T22:16:33Z,3105-2367-5004,Purple V Blue,stormvixon,FNC,,1v1|2v2|3v3|4v4,head
2026-09-25T22:16:33Z,5960-9705-8108,HorrorMansion,effy,UEFN,,horror|escape|mystery|survival,head
2026-09-25T22:16:33Z,3738-2871-5577,DEATHRUN EASY 444 LEVELS!,lzprime1v5,UEFN,,deathrun|strategy|objective|parkour,head
2026-09-25T22:16:33Z,7341-5984-8560,Zan 1v1 Map (200 Pumps),zanwyayt,UEFN,,1v1|competitive|practice|building,head
2026-09-25T22:16:33Z,0600-1404-0158,EDIT LATE GAME 📝,vertyyx,FNC,,free for all|funny,head
2026-09-25T22:16:33Z,4382-7452-6587,Aura For Brainrots,natrx,UEFN,,simulator|tycoon|casual|just for fun,head
2026-09-25T22:16:33Z,9995-6724-3823,حرب القلعات War of the Castles 🏰,1xb,FNC,,free for all|strategy|defend|respawn,head
2026-09-25T22:16:33Z,6719-9402-7106,Trust-Trick-Terminate,mikisniper,UEFN,,mystery|gun game|role playing|teams,head
2026-09-25T22:16:33Z,2502-2981-2593,1v1 CHILL OUT[🌸],kafson,FNC,,1v1|casual|gun game,head
2026-09-25T22:16:33Z,3828-3330-1889,Circuito de Ciudad,fernicraft_23,FNC,,race,head
2026-09-25T22:16:33Z,8589-0795-0260,Simple's 1v1,sansevan,UEFN,,1v1,head
2026-09-25T22:16:33Z,9327-2542-7348,GLC 1V1,sasi11,FNC,,1v1,head
2026-09-25T22:16:33Z,6881-0014-8411,Exotic  Box Fights,lazargod07,FNC,,boxfight|free for all|co-op|practice,head
2026-09-25T22:16:33Z,5383-2731-8506,Ride a Beast,giovanni,UEFN,,tycoon|simulator|exploration|open world,head
2026-09-25T22:16:33Z,9432-2622-5070,GREASY ZONE WARS ⭐🔫,colin_frt,UEFN,,arena|free for all|pvp|zonewars,head
2026-09-25T22:16:33Z,7610-2373-7978,HARD PARKOUR ⭐ 8967 DEATHRUN ⭐ 15 LEVELS,thegoatdofian,UEFN,,deathrun|parkour|difficulty: hard|difficulty: impossible,head
2026-09-25T22:16:33Z,1547-6188-8470,☄️ JUGEMENT NOXERIX RP 🌇,layzzox_creatif,FNC,,arena,head
2026-09-25T22:16:33Z,8193-8050-6803,battleship,1_3_5_7l,UEFN,,battle|battle royale|free for all|just for fun,head
2026-09-25T22:16:33Z,9125-7128-0659,RIDE THE PET FOR EGGS,relixgames,UEFN,,tycoon|just for fun|simulator|adventure,head
2026-09-25T22:16:33Z,1536-8374-5673,GUESS MY EMOTE🎵,mattiderhummer,UEFN,,choices matter|just for fun|free for all|quiz,head
2026-09-25T22:16:33Z,5089-4365-2935,DEATHRUN EASY 399 LEVELS,lzprime1v5,UEFN,,deathrun|just for fun|strategy|parkour,head
2026-09-25T22:16:33Z,7892-3589-9902,HORROR: HER (ROGUELIKE,reemo,UEFN,,horror|roguelike|story|escape,head
2026-09-25T22:16:33Z,0821-8201-5819,FREE BUILD 1.0,vexnicofn,FNC,,skills,head
2026-09-25T22:16:33Z,6938-8952-9357,DUEL ARENA,overmod,UEFN,,pvp|free for all|arena,head
2026-09-25T22:16:33Z,5134-6365-2773,"horizon, ORB 3, season 6 - new order",oggamerhacks,FNC,,battle royale|free for all|fighting|gun game,head
2026-09-25T22:16:33Z,7444-8346-8814,GOATED PILLERS,gibmirgeld,UEFN,,free for all,head
2026-09-25T22:16:33Z,2872-1251-7608,SPRINGFIELD FAMILY 🍌,hmida,UEFN,,free for all|practice|pvp|pve,head
2026-09-25T22:16:33Z,6818-5714-0171,🌆 SPIDERS MC — CITY SKYLINE CHASE 3D,mapglow,UEFN,,race|pvp|free for all|survival horror,head
2026-09-25T22:16:33Z,1575-8827-1614,Ultra Hard Trickshot,strongmaps,UEFN,,minigame|parkour|just for fun|aim course,head
2026-09-25T22:16:33Z,4608-9743-7915,🍉🎲 FRUIT WORLD TRICKSHOT PARKOUR 🌈,trickshotmaker,UEFN,,music|minigame|memes|just for fun,head
2026-09-25T22:16:33Z,6561-7469-4149,SWING SOUND SPEED BUILDS,posa,UEFN,,adventure|action|free for all|building,head
2026-09-25T22:16:33Z,2504-4185-7700,RED 1V1 BUILD FIGHTS! 🎯,jeem,FNC,,1v1|2v2|pvp|practice,head
2026-09-25T22:16:33Z,0418-5391-9608,Débutant → Champion → Légende 3v3,vlntin3,FNC,,3v3|friendly,head
2026-09-25T22:16:33Z,1886-8303-8109,50 levels deathrun,annemarie,FNC,,deathrun,head
2026-09-25T22:16:33Z,2388-3265-3637,CAR TRICKSHOT RVB CHEESE,barx,UEFN,,parkour|just for fun|teams|party game,head
2026-09-25T22:16:33Z,5223-5779-1506,RvB Weapon Master,sticklab,UEFN,,team deathmatch|pvp|battle|squad,head
2026-09-25T22:16:33Z,8188-4346-5724,RvB TDM,relaxmaps,UEFN,,team deathmatch|shooter|pvp|action,head
2026-09-25T22:16:33Z,2358-9875-8092,Arceus | Turnback!,clac,UEFN,,free for all|battle royale|action|atmospheric,head
2026-09-25T22:16:33Z,0265-4831-5954,TROXYY 1v1 (clean map),troxyy,UEFN,,1v1,head
2026-09-25T22:16:33Z,7365-1314-2144,K.O. 🔴🔵 RED VS BLUE 💥,h7c,UEFN,,just for fun|team deathmatch|pvp|casual,head
2026-09-25T22:16:33Z,9442-4845-8140,Lost World,luborek,UEFN,,exploration|adventure,head
2026-09-25T22:16:33Z,8821-0716-2493,LW SHADOW FIGHTS FFA,shadow_bilaljr,FNC,,fighting|boxfight|pvp|free for all,head
2026-09-25T22:16:33Z,3526-7336-8757,✨Insane Dropper 2✨,sir-g,UEFN,,parkour|deathrun|just for fun|minigame,head
2026-09-25T22:16:33Z,1798-5412-4756,The Last Storm - 2V2 🌀,realjj,UEFN,,2v2|practice|zonewars|shooter,head
2026-09-25T22:16:33Z,5187-4793-0480,pegue seu pet em mundo aberto,ggse,UEFN,,simulator|tycoon|open world|just for fun,head
2026-09-25T22:16:33Z,7861-3333-2705,Tropical Haven,kisszxna,UEFN,,tycoon|collection|casual|peaceful,head
2026-09-26T00:41:43Z,1554-9308-0917,LOADOUT DRAFT 1V1-2V2,ball,UEFN,,1v1|2v2|strategy|practice,head
2026-09-26T00:41:43Z,9678-9847-5710,hunt and fish,xenassets1,FNC,,5v5,head
2026-09-26T00:41:43Z,8516-6215-8817,🎯 MAMMOTH ONE SHOT 🏆,cloudcreative,UEFN,,action|gun game|one shot|sniper,head
2026-09-26T00:41:43Z,8853-4763-3371,LIGHTHOUSE PILLARS,ch8mp,UEFN,,party game|minigame|just for fun|pvp,head
2026-09-26T00:41:43Z,4220-0144-8053,Pro Mechanics Training,zeeshaan,UEFN,,shooter|training|competitive|practice,head
2026-09-26T00:41:43Z,1862-2499-2030,1v1 DAEA,pqo,FNC,,1v1,head
2026-09-26T00:41:43Z,7960-0143-4737,Wxt3r 1v1 Build Fights,wxt3r,UEFN,,1v1|competitive|building|boxfight,head
2026-09-26T00:41:43Z,3303-3461-5292,Laste Engine 4v4. Dernier moteur 4v4.,mr_crypton2,FNC,,1v1|2v2|4v4|arcade,head
2026-09-26T00:41:43Z,8968-4558-3209,Beast Box PvP - Box Fights,anas.gg,UEFN,,boxfight|pvp|minigame|practice,head
2026-09-26T00:41:43Z,6762-3446-4348,RELOAD DUOS DESERT ☀️,boyboy,UEFN,,zonewars|2v2|duo|competitive,head
2026-09-26T00:41:43Z,6671-1211-7181,🎮 Game On: RED VS BLUE,glrr,UEFN,,gun fight|just for fun|arena|shooter,head
2026-09-26T00:41:43Z,4352-8676-3397,ONE SHOT🎯GUN GAME WITH EVERY GUN | 7777,r.r,UEFN,,one shot|gun game|free for all|just for fun,head
2026-09-26T00:41:43Z,8798-8598-4630,BTS GIRLS PILLARS,boyboy,UEFN,,casual|just for fun|peaceful|party game,head
2026-09-26T00:41:43Z,6012-1532-1704,Rank Rush 🏆 RED VS BLUE,ngoty,UEFN,,arena|shooter|moving|gun fight,head
2026-09-26T00:41:43Z,4984-9834-0957,Boxfight Pulse,hot_shot0813,FNC,,boxfight|free for all,head
2026-09-26T00:41:43Z,2820-1730-2344,party roya k8,1qt,FNC,,battle royale,head
2026-09-26T00:41:43Z,9038-2849-8241,Pillars all weapon,briceket,UEFN,,pvp|minigame|just for fun|shooter,head
2026-09-26T00:41:43Z,3820-6976-1779,😡 10 Impossible Level Nokss Deathrun,smizox_off,UEFN,,deathrun|parkour|friendly,head
2026-09-26T00:41:43Z,9577-7900-7629,🧨 Boomzone RED VS BLUE,xiana67,UEFN,,building|strategy|practice|gun fight,head
2026-09-26T00:41:43Z,4393-0597-5631,OLYMPUS,o-u-t-s-i-d-e-r,UEFN,,simulator|tycoon|rpg|just for fun,head
2026-09-26T00:41:43Z,2347-5549-4879,+250⭐LEVEL EASY PARKOUR⭐6767,luisda0,UEFN,,parkour|deathrun|difficulty: easy|peaceful,head
2026-09-26T00:41:43Z,0644-9863-2383,Lock & Load 🔫 RED VS BLUE,wilenkaaa,UEFN,,team deathmatch|teams|arena|gun fight,head
2026-09-26T00:41:43Z,3991-6235-9999,باركور اليوم الوطني 96,mh97,FNC,,parkour,head
2026-09-26T00:41:43Z,5168-7513-8979,4V4🌀 - CLASH SQUAD كلاش سكواد,camaro_23,UEFN,,training|4v4|zonewars|free for all,head
2026-09-26T00:41:43Z,9378-0692-6328,Star Wars Royale,jaxteller,UEFN,Star Wars,zonewars|battle royale|building|free for all,head
2026-09-26T00:41:43Z,2943-1796-3310,Be Pro Free Building Practice,khkz,UEFN,,practice|pvp|1v1|2v2,head
2026-09-26T00:41:43Z,7211-2652-9150,SNYN SPEED RUN,snyn,FNC,,difficulty: ultra hard|competitive|parkour,head
2026-09-26T00:41:43Z,9366-2334-2464,⚔️ A1G PARTY ROYAL ⚔️,we9r,UEFN,,party game,head
2026-09-26T00:41:43Z,2796-7408-8806,DEATHRUN EASY 297 LEVELS,lzprime1v5,UEFN,,deathrun|strategy|parkour|objective,head
2026-09-26T00:41:43Z,0444-2699-2652,1v1 Rapid Fight ⚡,redrunner150,UEFN,,1v1|pvp|boxfight|practice,head
2026-09-26T00:41:43Z,7062-5714-8590,📦 Box Fight 💥 PUMP + AR,happing,UEFN,,pvp|battle|action|building,head
2026-09-26T00:41:43Z,4870-6536-2219,NITROVERSE,nitrodad,UEFN,,open world|action|adventure|free for all,head
2026-09-26T00:41:43Z,7330-8353-1586,jugement NZ rp 🌌,noxiytbb,FNC,,role playing,head
2026-09-26T00:41:43Z,0742-9094-4446,HARD PARKOUR 250 LEVELS DEATHRUN باركور,boyboy,UEFN,,parkour|deathrun|platformer|skills,head
2026-09-26T00:41:43Z,1611-2620-9335,Utilized 1v1 build fights,utilized,FNC,,1v1|building|battle|competitive,head
2026-09-26T00:41:43Z,0147-5530-2454,WR Minigames,wrjacob,UEFN,,minigame,head
2026-09-26T00:41:43Z,2466-4689-4329,💰Coast City FFA RP🚔🚨,dfortin,UEFN,,just for fun|race|open world|role playing,head
2026-09-26T00:41:43Z,8465-7882-1859,Build the Pyramid,uzhuu,UEFN,,tycoon|teams|simulator|just for fun,head
2026-09-26T00:41:43Z,4271-8709-2272,REALISTIC PVP,frojp,UEFN,,boxfight|pvp|training|solo,head
2026-09-26T00:41:43Z,1349-3948-0955,KierenDemon21 Home,kierendemon21,FNC,,friendly,head
2026-09-26T00:41:43Z,0373-1051-2195,🎬 STUDIO ONE SHOT GUN GAME,rakfn,UEFN,,one shot|gun game|free for all|just for fun,head
2026-09-26T00:41:43Z,8476-2545-5107,RED VS BLUE KING MONKEY,pluto584,UEFN,,adventure|just for fun|practice|team deathmatch,head
2026-09-26T00:41:43Z,6487-1939-7394,pro_endgame solo,bolobo,UEFN,,zonewars|competitive|solo|1v1,head
2026-09-26T00:41:43Z,1683-3186-8051,RED VS BLUE 💥 Breakpoint,chocolatefarm1,UEFN,,competitive|practice|gun game|shooter,head
2026-09-26T00:41:43Z,0400-9013-9315,Full Send Racing,dawman89,UEFN,,race|competitive|arcade|timed,head
2026-09-26T00:41:43Z,5832-5810-8828,CATCH AN EGG,nitromaps,UEFN,,tycoon|just for fun|simulator|casual,head
2026-09-26T00:41:43Z,3018-9702-3473,+1 TNT Mining Simulator,spuzzy,UEFN,,simulator|tycoon|casual|just for fun,head
2026-09-26T00:41:43Z,4808-4763-7390,PERSONA TYCOON,steiner,UEFN,,casual|just for fun|adventure|simulator,head
2026-09-26T00:41:43Z,2878-8575-4851,✨Gojo´s Club✨,red22,FNC,,friendly|atmospheric|exploration|one life,head
2026-09-26T00:41:43Z,8289-5770-7864,🐵 Meme Escape Room,blurmaps,UEFN,,escape|minigame|puzzle|party game,head
2026-09-26T00:41:43Z,2820-0214-4437,[FPS] NUK3D,ilymew,UEFN,,shooter|pvp|just for fun|sandbox,head
2026-09-26T00:41:43Z,4408-8244-1887,AURA 1V1 ALL GUNS & VEHICLES,tonuzfps,UEFN,,just for fun|pvp|practice|1v1,head
2026-09-26T05:37:14Z,0299-4012-0590,Crystal Chaos Racing,hikaroo,UEFN,,driver simulator|race|open world|minigame,head
2026-09-26T05:37:14Z,2246-6654-4478,🔵🔴 RVB STAR WARS: GALACTIC CHAOS 🌌,wolfmos,UEFN,Star Wars,team deathmatch|funny|practice|adventure,head
2026-09-26T05:37:14Z,2347-6478-1461,Only🐐goats zone wars,mrgato55,UEFN,,1v1|4v4|practice|zonewars,head
2026-09-26T05:37:14Z,4780-9423-5666,ESAY MEDIUM HARD Parkour Rush,noxsz,FNC,,parkour|difficulty: very hard,head
2026-09-26T05:37:14Z,6497-9962-6427,STADIUM FOOTBALL FIGHT 🏟️ SOCCER BATTLE,superfornite2027,UEFN,,shooter|sports|casual|practice,head
2026-09-26T05:37:14Z,7213-6376-1042,THE TOILET PIT 🚽 BATHROOM FIGHT,superfornite2027,UEFN,,battle|casual|just for fun|respawn,head
2026-09-26T05:37:14Z,0798-7963-4654,Cliffside Carnage,hanachan,UEFN,,driver simulator|race|open world|minigame,head
2026-09-26T05:37:14Z,2995-2445-9922,1V1V1 RELOAD - TILTED,dwed,UEFN,,free for all|pvp|just for fun|1v1,head
2026-09-26T05:37:14Z,9533-7527-4207,Turbo Shark Run 🏝️,coin-xp-steal,UEFN,,driver simulator|race|open world|minigame,head
2026-09-26T05:37:14Z,4017-1947-3647,FRVMEZ 1V1 BUILDFIGHTS,frvmez,FNC,,1v1,head
2026-09-26T05:37:14Z,2612-8753-4714,Mega Ramp Master - CAR GAME,jamesmark10,UEFN,TMNT,race|objective|just for fun|open world,head
2026-09-26T05:37:14Z,3847-5004-7459,BOX PVP 9634,yutaa0,FNC,,boxfight,head
2026-09-26T05:37:14Z,7609-2631-4015,Elite 1v1s,i.see,FNC,,1v1|action|training|competitive,head
2026-09-26T05:37:14Z,9587-8473-6936,TURBO 1V1 WITH EVERY GUN 💎,jostrick,UEFN,,battle royale|free for all|1v1|building,head
2026-09-26T05:37:14Z,9840-2016-8150,Beach Shootout,cartercreates,FNC,,1v1|gun game|pvp,head
2026-09-26T05:37:14Z,5142-9925-5502,HUNT OR HEAL BRAINROTS,rotbrains,UEFN,,tycoon|casual|just for fun|simulator,head
2026-09-26T05:37:14Z,5938-7287-2651,Impossible maze,dchail,FNC,,deathrun,head
2026-09-26T05:37:14Z,7192-5228-2174,IlyHyper  1v1 map,hyperwydd,FNC,,1v1|battle,head
2026-09-26T05:37:14Z,7792-7569-9636,Calypso Royale Season 1: Awakening,vexin01,FNC,,battle royale,head
2026-09-26T05:37:14Z,1673-3750-0915,Extreme Car Jump - CAR GAME,fogao,UEFN,TMNT,race|objective|just for fun|open world,head
2026-09-26T05:37:14Z,2856-8624-9153,Retro Social Club Replays,itsexlipse,FNC,,adventure,head
2026-09-26T05:37:14Z,8276-1978-4858,RED VS BLUE VS GREEN VS ORANGE,jim-the-cat,FNC,,building|shooter|team deathmatch,head
2026-09-26T05:37:14Z,7342-0152-6943,🌄DRIVE CITY TMNT,jamesrobo,UEFN,TMNT,race|deathrun|just for fun|open world,head
2026-09-26T05:37:14Z,1964-7133-5794,SUPER-SPEED - CAR GAME,michaelnoah,UEFN,TMNT,race|deathrun|just for fun|open world,head
2026-09-26T05:37:14Z,6541-3012-7827,PARKOUR 6541 10 LEVELS,o-z,UEFN,,parkour|deathrun,head
2026-09-26T05:37:14Z,6058-7060-9350,MEGA RAMP IN THE CITY,paulaside,UEFN,The Walking Dead Universe,race|driver simulator|objective|survival horror,head
2026-09-26T05:37:14Z,4452-4357-7735,PILLARS ARAB,s-y,UEFN,,arcade|friendly|minigame|co-op,head
2026-09-26T05:37:14Z,7990-5502-6559,LAST SHOT,psyfreeman,UEFN,,1v1|boxfight|battle,head
2026-09-26T05:37:14Z,4716-1457-7269,SUPER SPEED - CAR GAME,noahplay,UEFN,TMNT,race|objective|just for fun|open world,head
2026-09-26T05:37:14Z,9035-7004-1024,RACE TO WIN - CAR GAME,jackryan10,UEFN,TMNT,race|deathrun|just for fun|open world,head
2026-09-26T05:37:14Z,6578-6989-3529,SUPER ROAD BATTLE - CAR GAME,murilorios,UEFN,TMNT,race|objective|just for fun|open world,head
2026-09-26T05:37:14Z,8068-8685-3399,🌄DRIVE CITY TMNT,paulaside,UEFN,TMNT,race|just for fun|objective|survival horror,head
2026-09-26T05:37:14Z,4609-8584-5826,Parkoure,yasu-k,UEFN,,parkour|funny|rounds|free for all,head
2026-09-26T05:37:14Z,5927-2971-1570,Phantom Box PvP,phantomxp,UEFN,,attack|boxfight|free for all,head
2026-09-26T05:37:14Z,2487-0906-0508,Blitz Titled Towers Battle Royale,i.see,FNC,,competitive|action|training|free for all,head
2026-09-26T05:37:14Z,6177-6473-8452,Ultimate Maze Escape!,carrot17,UEFN,,difficulty: easy|friendly|objective,head
2026-09-26T05:37:14Z,3291-2791-3418,1V1 O BHE v2,back-slide26,UEFN,,1v1|practice|pvp|competitive,head
2026-09-26T05:37:14Z,5572-5364-8664,Car Racing Game,miausculo,UEFN,TMNT,race|deathrun|just for fun|open world,head
2026-09-26T05:37:14Z,3871-9248-2707,RACE TO WIN - CAR GAME,midasgolds,UEFN,TMNT,race|objective|just for fun|open world,head
2026-09-26T05:37:14Z,5311-8965-4978,🌲Green Jungle Parkour 11 LEVEL (7114),trox1,FNC,,race|competitive|parkour,head
2026-09-26T05:37:14Z,4590-2465-2780,1v1 platinum pulse,nito15,FNC,,1v1,head
2026-09-26T05:37:14Z,3116-3363-6714,SNIPER ARENA [Sniper Free For All],cred1t,UEFN,,shooter|free for all|respawn|action,head
2026-09-26T05:37:14Z,0011-2891-8195,nWo Onechest,notsql,UEFN,,action|building|hardcore|solo,head
2026-09-26T05:37:14Z,2008-5775-4811,Super Ramp - Car Game,mamao,UEFN,TMNT,race|objective|exploration|open world,head
2026-09-26T05:37:14Z,9347-8978-6109,1v1 [ThickEh],thickeh,FNC,,1v1,head
2026-09-26T05:37:14Z,8980-6355-1187,TRACK SPEED - CAR GAME,falaxo2,UEFN,TMNT,race|objective|exploration|open world,head
2026-09-26T05:37:14Z,1832-8565-6447,October Falls,flapjack_stk,FNC,,seasonal|atmospheric|just for fun,head
2026-09-26T05:37:14Z,2039-5775-4579,🔥GOO BOX FIGHT🔥,jackss0007,FNC,,1v1|shooter|fighting,head
2026-09-26T05:37:14Z,6133-6405-8987,GLITCH ADVENTURES [chapter 1],rochinski,FNC,THE WALKING DEAD UNIVERSE,adventure|pve|co-op|shooter,head
2026-09-26T05:37:14Z,9307-5844-1094,XSETAnonymouse 1V1 MAP 🔥🔥,xseta,FNC,,1v1|practice|edit course|battle royale,head
2026-09-26T05:37:14Z,1447-9331-4983,ASMR TOWER OBBY,techniqueue,UEFN,,platformer|difficulty: easy|parkour|music,head
2026-09-26T05:37:14Z,0468-4838-4425,CARTOON UP [ONLYUP],mysakcreative,UEFN,,just for fun|friendly|parkour|platformer,head
2026-09-26T05:37:14Z,0686-3178-8206,RVN PARTY ROYALE 2.1 ⛱️,hv3,UEFN,,party game,head
2026-09-26T05:37:14Z,5891-5038-3010,Elite 1v1,gamearenaa,FNC,,1v1|action|battle|building,head
2026-09-26T05:37:14Z,1767-7078-7925,Crossfire,gamearenaa,FNC,,action|attack|competitive,head
2026-09-26T05:37:14Z,1259-7114-9670,The Last Storm - 2V2 Zone Wars,real.jj,UEFN,,2v2|practice|zonewars|free for all,head
2026-09-26T05:37:14Z,3413-2367-9495,2V2 The Last Storm - Zone Wars,realjjfn,UEFN,,2v2|practice|shooter|zonewars,head
2026-09-26T05:37:14Z,8795-7102-2783,+1 SPEED FOR BRAINROTS KEYBOARD ESCAPE,yomigames,UEFN,,tycoon|simulator|just for fun|deathrun,head
2026-09-26T05:37:14Z,4817-5352-1562,SCREAM AND RUN [OFFICIAL HORROR],aidenomalley,UEFN,,horror|survival horror|first person|escape,head
2026-09-26T05:37:14Z,5562-0287-2925,FALLEY FIGHTS ⚔️ ZONEWARS,falleyfights,FNC,,zonewars,head
2026-09-26T05:37:14Z,6079-3597-0725,Lions Den Auction 1v1,lionsdenboys,UEFN,,1v1|battle,head
2026-09-26T05:37:14Z,1333-7359-6758,BUG SPRAY,junglx,FNC,,retro|shooter|creatures|arcade,head
2026-09-26T10:19:44Z,3808-9941-6875,🍳 PANCAKE FLIP TRICKSHOT — 80 Levels 🥞,lcompagndbar,UEFN,,deathrun|minigame|parkour|just for fun,head
2026-09-26T10:19:44Z,4706-7784-3721,✨Gojo’s Party Club✨,red22,FNC,,party game|adventure|music|party world,head
2026-09-26T10:19:44Z,1128-0066-2880,100 Virgules Challenge,cray33,FNC,,deathrun|hardcore|just for fun,head
2026-09-26T10:19:44Z,7893-9226-0296,BEAMFALL ZONE WARS,panarohd,UEFN,,zonewars|free for all|pvp|rounds,head
2026-09-26T10:19:44Z,6689-9172-3933,CLASSIC BOX FIGHT,benosh,FNC,,1v1|pvp|boxfight|strategy,head
2026-09-26T10:19:44Z,8484-2927-6926,PAINT CONQUEST,panarohd,UEFN,,point capture|objective|pvp|teams,head
2026-09-26T10:19:44Z,5992-8777-4574,Veto 1v1,wendigermatteo,UEFN,,1v1|practice|fighting|competitive,head
2026-09-26T10:19:44Z,4299-9611-2021,BIG HEIST,panarohd,UEFN,,roguelike|co-op|stealth|escape,head
2026-09-26T10:19:44Z,0821-9551-2267,Matsaru RP origine,matsaru,FNC,,casual,head
2026-09-26T10:19:44Z,0023-2075-6956,FREEBUILD FOCUS,orvi,UEFN,,free for all|1v1|practice|building,head
2026-09-26T10:19:44Z,6284-3149-3577,PALESTINE SNIPERS🎯,sv20,FNC,,sniper|free for all|zonewars|pvp,head
2026-09-26T10:19:44Z,2386-4136-5967,OG GUN GAME [FPS],billycreations,UEFN,KPop Demon Hunters,gun game|strategy|gun fight|free for all,head
2026-09-26T10:19:44Z,7211-1396-7206,MOCHI TOWER,panarohd,UEFN,,collection|platformer|economy|casual,head
2026-09-26T10:19:44Z,7890-7520-9956,ONYX PRACTICE,pgt25,FNC,,practice|training|building,head
2026-09-26T10:19:44Z,3093-9310-4754,ESCONDITE FORTANIC PROP HUNT CACHE CACHE,franpro1978,UEFN,,prop hunt|just for fun|minigame|infection,head
2026-09-26T10:19:44Z,5393-1402-1432,KEEP THE LIGHTS ON,panarohd,UEFN,,horror|survival horror|co-op|atmospheric,head
2026-09-26T10:19:44Z,0488-1533-7508,MUTANT GARDEN,panarohd,UEFN,,farming simulator|tycoon|peaceful|casual,head
2026-09-26T10:19:44Z,9759-8758-5858,UP THE VOLCANO,panarohd,UEFN,,parkour|platformer|difficulty: medium|casual,head
2026-09-26T10:19:44Z,0961-9832-4970,📦CLASSIC BOXFIGHTS PVP📦,kafson,FNC,,battle|pvp|boxfight|fighting,head
2026-09-26T10:19:44Z,2345-5219-0605,GUN LADDER,panarohd,UEFN,,free for all|arena|pvp|rounds,head
2026-09-26T10:19:44Z,0078-2165-7859,استمتع و لاتنسى الايك ياعسل,e.5,FNC,,1v1,head
2026-09-26T10:19:44Z,7787-5777-5217,1V2 CLUTCH ZONEWARS,saldamyt,UEFN,,1v1|practice|action|arena,head
2026-09-26T10:19:44Z,7428-5865-1271,SCRAPBOT TYCOON,panarohd,UEFN,,tycoon|economy|casual|peaceful,head
2026-09-26T10:19:44Z,5284-2286-4512,dance battle secret admin class,tomlegoat,FNC,,just for fun,head
2026-09-26T10:19:44Z,5827-2431-3988,🌧️🎲 RAINY WORLD TRICKSHOT PARKOUR 🌈,legendsneverdie,UEFN,,music|deathrun|parkour|just for fun,head
2026-09-26T10:19:44Z,4708-9875-6889,🫧🎲 BUBBLE WORLD TRICKSHOT PARKOUR 🌈,trickshotmaker,UEFN,,music|deathrun|parkour|minigame,head
2026-09-26T10:19:44Z,9855-4475-8193,Void Arena: Galactic Katana 1v1,dex001,UEFN,,1v1|practice|minigame|strategy,head
2026-09-26T10:19:44Z,9667-5149-0073,Turbo Duck Derby 🏁,kuraima,UEFN,,driver simulator|race|open world|minigame,head
2026-09-26T10:19:44Z,4929-9193-7493,Bodycam | 4K,phantomkiller,FNC,THE WALKING DEAD UNIVERSE,action,head
2026-09-26T10:19:44Z,0754-2783-4427,1V1 NEBULA FIGHT 🚀 | [NEW 🌟],leonardo_un,FNC,,1v1|building|competitive,head
2026-09-26T10:19:44Z,8569-0737-3193,🌹🎲 ROSE WORLD TRICKSHOT PARKOUR 👑,legendsneverdie,UEFN,,music|deathrun|parkour|minigame,head
2026-09-26T10:19:44Z,6002-4236-0715,Shark zone wars,rainyboy,FNC,,battle royale,head
2026-09-26T10:19:44Z,6097-2575-0072,Cliffside Chaos 🏎️,yukiki,UEFN,,driver simulator|race|open world|minigame,head
2026-09-26T10:19:44Z,3338-0270-7638,🎯 AIM EDIT 📝 PIECE 🧩 & COMP,phantomxp,UEFN,,1v1|practice|pvp,head
2026-09-26T10:19:44Z,5494-0937-2802,☄️🎲 METEOR WORLD TRICKSHOT PARKOUR 🔥,trickshotmaker,UEFN,,music|minigame|memes|just for fun,head
2026-09-26T10:19:44Z,7120-1016-1333,bag 2 3 45 baddies over,bbsaimon,UEFN,,search & destroy|unbalanced teams|visual novel|exploration,head
2026-09-26T10:19:44Z,7660-4392-3760,ZERR FREEBUILD,yonnfn,FNC,,free for all|1v1,head
2026-09-26T10:19:44Z,2774-4788-2185,Rubber Ducky Road Rage 🏁,sakuko,UEFN,,driver simulator|race|open world|minigame,head
2026-09-26T10:19:44Z,6793-5452-4866,STADIUM FREE FOR ALL,tarjo1,FNC,,shooter|free for all|strategy|arena,head
2026-09-26T10:19:44Z,6126-1079-0509,deccu cupsey orangie,godo123,UEFN,,boss battle|difficulty: impossible|4v4|2d,head
2026-09-26T10:19:44Z,2965-2962-7997,wall like wine color,notenough1,UEFN,,7v7|base|crafting|capture the flag,head
2026-09-26T10:19:44Z,6900-0756-4060,transilvania mania,getintheway,UEFN,,8v8|driver simulator|boxfight|difficulty: medium,head
2026-09-26T10:19:44Z,3339-0462-0959,📝Edit Wars 2.0,zielony,UEFN,,arena|pvp,head
2026-09-26T10:19:44Z,0460-8141-7570,Neon Rift Rush ⚡,ryuronin,UEFN,,driver simulator|race|open world|minigame,head
2026-09-26T10:19:44Z,6275-8273-1614,Ghost In The Graveyard,jambeeni,UEFN,,horror|teams|atmospheric|survival horror,head
2026-09-26T10:19:44Z,7106-4855-5936,Build Edit Head Shoot: Speed Drill,saneatsu,UEFN,,practice,head
2026-09-26T10:19:44Z,3100-6636-8591,Duos zone wars💯,rainyboy,FNC,,2v2,head
2026-09-26T10:19:44Z,1556-7320-2490,Operation: Backfired (L),sspceo,FNC,,point capture|team deathmatch|pvp|action,head
2026-09-26T10:19:44Z,7594-7544-1559,🎡  LISA PARTY ROYAL 2.2 🎡,9rm,UEFN,,co-op|party game|fashion,head
2026-09-26T10:19:44Z,8014-6563-9561,SPIDERS CITY MC ALPHA DRIVE 🚗,1v1ez,UEFN,,race|creatures|survival|just for fun,head
2026-09-26T10:19:44Z,1965-8896-3497,2v2 Ranked Mode,stanag50,UEFN,,2v2|action|difficulty: hard|just for fun,head
2026-09-26T10:19:44Z,1026-3021-4657,SPIDERS CITY MC MIRACLE DRIVE 🚗,66six,UEFN,,race|creatures|survival|just for fun,head
2026-09-26T10:19:44Z,1459-9970-4218,SPIDERS CITY MC IMPERIOUS DRIVE 🚗,dupli,UEFN,,race|creatures|survival|just for fun,head
2026-09-26T10:19:44Z,0242-6205-0757,SPIDERS CITY MC UNSTOPPABLE DRIVE 🚗,duplication,UEFN,,race|creatures|survival|just for fun,head
2026-09-26T10:19:44Z,9045-5880-3967,SPIDERS CITY MC SUPREME DRIVE 🚗,e.e,UEFN,,race|creatures|survival|just for fun,head
2026-09-26T10:19:44Z,1670-3753-7827,SPIDERS CITY MC EXQUISITE DRIVE 🚗,e.girl,UEFN,,race|creatures|survival|just for fun,head
2026-09-26T10:19:44Z,8552-6709-9008,SPIDERS CITY MC BREATHLESS DRIVE 🚗,follower,UEFN,,race|creatures|survival|just for fun,head
2026-09-26T10:19:44Z,2634-7635-1385,SPIDERS CITY MC STUNNING DRIVE 🚗,fortnitemaps,UEFN,,race|creatures|survival|just for fun,head
2026-09-26T10:19:44Z,1499-4069-7097,SPIDERS CITY MC MIRACULOUS DRIVE 🚗,gze,UEFN,,race|creatures|survival|just for fun,head
2026-09-26T10:19:44Z,0006-6385-4136,SPIDERS CITY MC LEGENDARY DRIVE 🚗,mdrrr,UEFN,,race|creatures|survival|just for fun,head
2026-09-26T10:19:44Z,5101-4732-7859,SPIDERS CITY MC MAGNIFICENT DRIVE 🚗,ezt,UEFN,,race|creatures|survival|just for fun,head
2026-09-26T10:19:44Z,9598-1114-2470,SPIDERS CITY MC PHENOMENAL DRIVE 🚗,no-money,UEFN,,race|creatures|survival|just for fun,head
2026-09-26T10:19:44Z,5817-3523-6283,SPIDERS CITY MC OUTSTANDING DRIVE 🚗,pfj,UEFN,,race|creatures|survival|just for fun,head
2026-09-26T10:19:44Z,1776-2312-4844,SPIDERS CITY MC RADICAL DRIVE 🚗,odn,UEFN,,race|creatures|survival|just for fun,head
2026-09-26T10:19:44Z,5581-0255-7389,SPIDERS CITY MC EXTREME DRIVE 🚗,ofq,UEFN,,race|creatures|survival|just for fun,head
2026-09-26T10:19:44Z,9662-6344-9065,SPIDERS CITY MC SPECTACULAR DRIVE 🚗,profil,UEFN,,race|creatures|survival|just for fun,head
2026-09-26T10:19:44Z,0379-0500-2528,SPIDERS CITY MC INCREDIBLE DRIVE 🚗,pzu,UEFN,,race|creatures|survival|just for fun,head
2026-09-26T10:19:44Z,4705-3202-5631,SPIDERS CITY MC ASTONISHING DRIVE 🚗,ofq,UEFN,,race|creatures|survival|just for fun,head
2026-09-26T10:19:44Z,3683-8687-9087,SPIDERS CITY MC MARVELOUS DRIVE 🚗,profil,UEFN,,race|creatures|survival|just for fun,head
2026-09-26T10:19:44Z,5361-8088-3934,SPIDERS CITY MC WONDERFUL DRIVE 🚗,wdj,UEFN,,race|creatures|survival|just for fun,head
2026-09-26T10:19:44Z,5162-2777-1727,SPIDERS CITY MC MAGICAL DRIVE 🚗,1v1ez,UEFN,,race|creatures|survival|just for fun,head
2026-09-26T10:19:44Z,5257-0570-1507,SPIDERS CITY MC FANTASTIC DRIVE 🚗,wdj,UEFN,,race|creatures|survival|just for fun,head
2026-09-26T10:19:44Z,0235-6344-0915,SPIDERS CITY MC FABULOUS DRIVE 🚗,furied,UEFN,,race|creatures|survival|just for fun,head
2026-09-26T10:19:44Z,4265-3012-5734,SPIDERS CITY MC ULTIMATE DRIVE 🚗,tktp,UEFN,,race|creatures|survival|just for fun,head
2026-09-26T10:19:44Z,0693-5455-9406,SPIDERS CITY MC CRAZY DRIVE 🚗,sjc,UEFN,,race|creatures|survival|just for fun,head
2026-09-26T10:19:44Z,5039-0928-1151,SPIDERS CITY MC MEGA DRIVE 🚗,tkl.keyboard,UEFN,,race|creatures|survival|just for fun,head
2026-09-26T10:19:44Z,5240-7230-8867,SPIDERS CITY MC AWESOME DRIVE 🚗,studi0,UEFN,,race|creatures|survival|just for fun,head
2026-09-26T10:19:44Z,1404-1152-4823,Alpha Gamer YT Open World 1vs1,alphagamer,FNC,,1v1|battle royale,head
2026-09-26T10:19:44Z,4370-6106-6934,SPIDERS CITY MC COOL DRIVE 🚗,six.six.six,UEFN,,race|creatures|survival|just for fun,head
2026-09-26T10:19:44Z,3369-0717-2967,SPIDERS CITY MC AMAZING DRIVE 🚗,repeater,UEFN,,race|creatures|survival horror|just for fun,head
2026-09-26T10:19:44Z,3127-7202-9159,SPIDERS CITY MC SUPER DRIVE 🚗,qtu,UEFN,,race|creatures|survival horror|just for fun,head
2026-09-26T10:19:44Z,9774-0948-7295,FIGHT FOR PILLARS,thund,UEFN,,party game|pvp|minigame|just for fun,head
2026-09-26T10:19:44Z,5131-0003-8428,SCREAM AND SHOOT,black-cat,UEFN,,survival horror|horror|pvp|party game,head
2026-09-26T10:19:44Z,6350-5641-8500,Custom Drive 🚗,hublum,UEFN,,driver simulator|race|adventure|open world,head
2026-09-26T10:19:44Z,9454-7487-9170,(update hallowen) salva l'isola,optimussprite0,FNC,,attack,head
2026-09-26T10:19:44Z,7112-8865-9237,🚇 SUBWAY TRICKSHOT CHASE 🚇🎯,sigmatiktoker,UEFN,,music|just for fun|deathrun|parkour,head
2026-09-26T10:19:44Z,7269-0969-9066,🏝️ VOLCANIC ISLAND TRICKSHOT 🏝️🎯,sembasiasimy,UEFN,,music|deathrun|parkour|minigame,head
2026-09-26T10:19:44Z,5384-6115-5759,🛸 MOTHERSHIP TRICKSHOT MISSION 🛸🎯,crackhouse,UEFN,,deathrun|parkour|minigame|music,head
2026-09-26T10:19:44Z,7299-6885-3994,🧪 MUTATION TRICKSHOT LAB 🧪🎯,lavastudio,UEFN,,music|deathrun|parkour|minigame,head
2026-09-26T10:19:44Z,2218-8963-2047,🏔️ AVALANCHE TRICKSHOT ESCAPE 🏔️🎯,majorka,UEFN,,music|deathrun|parkour|minigame,head
2026-09-26T10:19:44Z,2952-5179-3441,(4308) علي|TKX,alitkx,FNC,,difficulty: medium,head
2026-09-26T10:19:44Z,2844-0451-5208,GIGA RED VS BLUE 🔴🔵,tonuzfps,UEFN,,pvp|team deathmatch|just for fun|practice,head
2026-09-26T10:19:44Z,1921-6356-4512,sarkanos 1v1 [optimized],sarkan,UEFN,,1v1|pvp|building,head
2026-09-26T10:19:44Z,0414-6746-2380,CITY CAR CUSTOM FUN,borgestt,UEFN,TMNT,just for fun|casual|simulator|adventure,head
2026-09-26T10:19:44Z,7850-3431-6217,AIRPORT TYCOON,monssefdr,UEFN,,tycoon|simulator|casual|just for fun,head
2026-09-26T10:19:44Z,9620-9241-9130,Escape The Tsunami Brainrot,kaironl,UEFN,,casual|tycoon|just for fun|simulator,head
2026-09-26T14:36:24Z,7794-1909-3851,Free Build Vini,aurvini,FNC,,1v1,head
2026-09-26T14:36:24Z,5481-2014-3395,🦄 DERPY UNICORN TRICKSHOT — 80 Levels ✨,vivalorizzodai,UEFN,,deathrun|minigame|parkour|just for fun,head
2026-09-26T14:36:24Z,9441-3462-7273,GO KART RUSH,weekzilla,UEFN,,race|driver simulator|timed|sports,head
2026-09-26T14:36:24Z,2657-5379-6705,🔫 GUN GAME🎯ONE SHOT (FFA),mr.fox,UEFN,,gun game|one shot|just for fun|free for all,head
2026-09-26T14:36:24Z,3373-5834-5419,🔴🔵SUPER RED VS BLUE🔴🔵⁶⁷,luisda0,UEFN,,building|shooter|teams|funny,head
2026-09-26T14:36:24Z,3992-6922-0605,ZONE SHOWDOWN 🌀 | FFA | العاصفة الأخيرة,d1rolly,UEFN,,free for all|competitive|pvp|training,head
2026-09-26T14:36:24Z,1855-9919-7155,MineTheRock,luckeybtw,UEFN,,mining|simulator|economy|casual,head
2026-09-26T14:36:24Z,5422-4444-8175,GLORY SNIPER 1V1 FFA,rip0,UEFN,Star Wars,one shot|sniper|just for fun|free for all,head
2026-09-26T14:36:24Z,6461-6855-8911,POPPY PLAYTIME 2: HUGGY WUGGY,yuri-gunz,UEFN,,horror|survival horror|just for fun|first person,head
2026-09-26T14:36:24Z,3100-8737-0646,REAL DESERT DRIVING FFA 🌵🏜️,megaramp,UEFN,,driver simulator|shooter|open world|race,head
2026-09-26T14:36:24Z,6034-2263-5702,SLIDE SNIPER COLOSSEUM,tommygun9113,UEFN,,pvp|sniper|action|free for all,head
2026-09-26T14:36:24Z,0721-3059-7958,ELK 1V1 | 10 PLAYERS,elkk,UEFN,,1v1,head
2026-09-26T14:36:24Z,6893-8998-4459,1v1 Buildfights  (PATEIIK),pateiikfn,FNC,,1v1|building|boxfight|training,head
2026-09-26T14:36:24Z,5047-5536-0912,105 BRAINLESS ESCAPE ROOM,sumffaru,UEFN,,escape|strategy|puzzle|minigame,head
2026-09-26T14:36:24Z,9873-6056-8635,SA1 PARTY ROYALE,7sem,UEFN,,exploration|party world|just for fun|collection,head
2026-09-26T14:36:24Z,1580-1391-0647,OG GO GOATED,kingyami,FNC,,boxfight|fighting,head
2026-09-26T14:36:24Z,2238-7567-6279,SPEEDRUN PARKOUR ⭐ 15  HARD باركور,stk67,UEFN,,friendly|deathrun|parkour|memes,head
2026-09-26T14:36:24Z,7447-3931-4307,🔥 ZOMBIE CHAOS 2.0 🧟‍♂️,solillo50,UEFN,SQUID GAME,boss battle|fighting|adventure|survival,head
2026-09-26T14:36:24Z,0940-9962-2671,Idz 1v1 Build fights (200 pump),idzz,UEFN,,1v1|battle|pvp|base building,head
2026-09-26T14:36:24Z,7947-4060-8294,🚪67 LEVEL ESCAPE ROOM 🧠,reginaldos,UEFN,KPop Demon Hunters,strategy|escape|minigame|just for fun,head
2026-09-26T14:36:24Z,2601-7090-2318,ANGEL TIGER ALLGUNS SKYFLY,wlsiix,UEFN,,1v1|pvp|free for all|just for fun,head
2026-09-26T14:36:24Z,9750-7840-1960,PERSONA TOWER TYCOON,happier,UEFN,,casual|tycoon|just for fun|simulator,head
2026-09-26T14:36:24Z,2169-8247-6272,🧟ZOMBIE TOWER DEFENSE MILITARY🪖,mimmocraft,UEFN,SQUID GAME,survival|boss battle|creatures|pvp,head
2026-09-26T14:36:24Z,0895-3233-7823,😈 HARD PARKOUR DEATHRUN باركور,akjaak,UEFN,,friendly|parkour|deathrun|difficulty: medium,head
2026-09-26T14:36:24Z,3740-3450-4579,RED VS BLUE 🔴🔵 Demon-Destroyer,1v1v1-2v2b,UEFN,,team deathmatch|just for fun|pvp|action,head
2026-09-26T14:36:24Z,6066-7455-2130,Realistic Forest Driving,racingmaps,UEFN,,adventure|race|open world|driver simulator,head
2026-09-26T14:36:24Z,2812-8647-0910,box fight obx,obidax,FNC,,boxfight,head
2026-09-26T14:36:24Z,5494-9941-0939,SPEEDRUN PARKOUR ⭐ 15 HARD باركور,jeffry67,UEFN,,deathrun|parkour|friendly|difficulty: hard,head
2026-09-26T14:36:24Z,1234-4246-3955,Unreal Speedrun ⚡️,miazkka,FNC,,parkour|deathrun|difficulty: ultra hard|just for fun,head
2026-09-26T14:36:24Z,1239-0149-8806,GLORY SNIPER 🔫 ONE SHOT THT ♾️,1tht,UEFN,Star Wars,sniper|free for all|just for fun|one shot,head
2026-09-26T14:36:24Z,2724-8463-6887,FFA EM MUNDO ABERTO,jejin,UEFN,,just for fun|practice|open world|adventure,head
2026-09-26T14:36:24Z,6760-9567-0182,🚪67 LEVEL ESCAPE ROOM 🧠,drgonzo,UEFN,LEGO,strategy|escape|minigame|just for fun,head
2026-09-26T14:36:24Z,0764-5143-5114,ROBOTIC DUCK ALLGUNS FUNS,wlsiix,UEFN,,1v1|pvp|free for all|just for fun,head
2026-09-26T14:36:24Z,5619-9538-5910,G4brii07 1v1,g4brii07,FNC,,1v1|fighting|pvp|shooter,head
2026-09-26T14:36:24Z,9921-7237-8604,ZNE FFA - 1V1 BUILD FIGHT,zne,UEFN,,1v1|building|competitive|practice,head
2026-09-26T14:36:24Z,3034-8092-8150,RED VS BLUE ||||| REIGN OF HEARTS,martesq,UEFN,,team deathmatch|just for fun|free for all|pvp,head
2026-09-26T14:36:24Z,9344-6861-8326,SQUID FUN DRIVING FFA,sirlauren,UEFN,SQUID GAME,race|just for fun|adventure|boss battle,head
2026-09-26T14:36:24Z,6350-9765-8119,🚫 DON'T PLAY THIS 👑,thepixelworlds,UEFN,SQUID GAME,boss battle|event|fighting|competitive,head
2026-09-26T14:36:24Z,1536-1508-3271,🔥 VNX | 250 LEVEL DEATHRUN V2 🔥,swizzy7,UEFN,,just for fun|deathrun|parkour|peaceful,head
2026-09-26T14:36:24Z,2943-7378-2716,CITY GRAND DRIVE IV,ignangftn,UEFN,The Walking Dead Universe,race|driver simulator|open world|pvp,head
2026-09-26T14:36:24Z,9249-0251-2197,RED VS BLUE CENTRAL WIN,saxio,UEFN,,team deathmatch|free for all|gun game|competitive,head
2026-09-26T14:36:24Z,2569-1963-6500,🚪67 LEVEL ESCAPE ROOM 🧠,el_primo,UEFN,LEGO,strategy|escape|minigame|just for fun,head
2026-09-26T14:36:24Z,6364-3892-6865,GALACTIC CHAOS RED VS BLUE 🔴🔵,one02,UEFN,,competitive|just for fun|pvp|team deathmatch,head
2026-09-26T14:36:24Z,4808-5488-7649,SQUID GAME Ultra Mega Ramp,belastrah,UEFN,SQUID GAME,sports|race|skills|arena,head
2026-09-26T14:36:24Z,6057-1859-4506,GUN GAME TU FERAS PAS DE BISOUS A OUIEM,kyojur,UEFN,Star Wars,shooter|one shot|pvp|practice,head
2026-09-26T14:36:24Z,7923-4945-3878,3*3 boxe fight,pigeon0,UEFN,,boxfight|action|battle,head
2026-09-26T14:36:24Z,1761-7448-5842,ROBOTIC DINO ALLGUNS REX,wlmaps,UEFN,,1v1|pvp|free for all|just for fun,head
2026-09-26T14:36:24Z,1602-5220-5112,COBRA'S DEATHRUN HARD (5112)😎,2kyuta,FNC,,deathrun,head
2026-09-26T14:36:24Z,8058-3017-8885,RED VS BLUE ARCY GOAT🔴🔵,naxio,UEFN,,team deathmatch|free for all|gun game|competitive,head
2026-09-26T14:36:24Z,3925-7829-2382,Balancoire pour les oeufs,xenoksde,UEFN,,tycoon|simulator|casual|just for fun,head
2026-09-26T14:36:24Z,5880-2570-5826,Hard Parcour 67 Levels,xenoksde,UEFN,,parkour|deathrun|difficulty: hard|difficulty: impossible,head
2026-09-26T14:36:24Z,9499-8324-8797,BOX PVP CHAPTER 5,foral,UEFN,,boxfight|zonewars|practice|pvp,head
2026-09-26T14:36:24Z,7325-3644-2837,FIREDOG ALLGUNS BLAZES,wlmaps,UEFN,,1v1|pvp|just for fun|free for all,head
2026-09-26T14:36:24Z,7396-4567-7626,Rp jugement nz 🌌,noxiytbb,FNC,,role playing,head
2026-09-26T14:36:24Z,3439-4077-2848,FROZEN CHAOS RED VS BLUE 🔴🔵,moneystaks,UEFN,,competitive|just for fun|pvp|team deathmatch,head
2026-09-26T14:36:24Z,1733-3959-6157,Race For Eggs,xenoksde,UEFN,,race|just for fun|tycoon|simulator,head
2026-09-26T14:36:24Z,3002-1198-9736,+1 Loot To Forge,xenoksde,UEFN,,tycoon|simulator|casual|just for fun,head
2026-09-26T14:36:24Z,7142-3841-9393,GUN GAME LE MARIAGE PUIS BOWLING PUIS ??,johancooks,UEFN,,shooter|one shot|practice|pvp,head
2026-09-26T14:36:24Z,0786-0650-1670,BASTION BLANCO ZONE WARS,pab3d,UEFN,,zonewars|free for all|practice|building,head
2026-09-26T14:36:24Z,7868-5427-3394,Maze Free for all,kfcchicken,UEFN,,free for all,head
2026-09-26T14:36:24Z,0653-4878-2726,Dig For Eggs,xenoksde,UEFN,,tycoon|simulator|just for fun|casual,head
2026-09-26T14:36:24Z,7363-2056-6006,1 vs 1 / Sun Edition / Mr. Villager,mr_villager,FNC,,1v1|fighting|atmospheric|artistic,head
2026-09-26T14:36:24Z,1145-7747-7707,Punch Royale,unclejoey,UEFN,,boxfight|free for all|pvp|battle royale,head
2026-09-26T14:36:24Z,6760-4744-3409,🌄DRIVE CITY TMNT,joystix,UEFN,TMNT,just for fun|race|funny|skills,head
2026-09-26T14:36:24Z,3694-8290-8628,✨ 100+ LEVEL MEME DEATHRUN ✨[PARKOUR],bigshock,UEFN,,parkour|team deathmatch|difficulty: easy|just for fun,head
2026-09-26T14:36:24Z,0596-8730-7284,Zoned up,flixberry,FNC,,action,head
2026-09-26T14:36:24Z,5383-2600-0537,CRAZY GOLD XAU LOL,donald67,UEFN,,team deathmatch|8v8|battle royale|boss battle,head
2026-09-26T14:36:24Z,9656-3445-3345,Aura Dance Battle,xenoksde,UEFN,,music|just for fun|funny|minigame,head
2026-09-26T14:36:24Z,1899-6216-2627,🔥PARKOUR EASY RUN🔥,mavenxf,UEFN,,parkour|deathrun|difficulty: easy|funny,head
2026-09-26T14:36:24Z,8585-1601-6931,+1 Money Roll To get Millionaire,xenoksde,UEFN,,tycoon|simulator|casual|just for fun,head
2026-09-26T14:36:24Z,0693-6711-7739,Skyfall Container Survival,mad20019,UEFN,,free for all|pvp|survival|gun fight,head
2026-09-26T14:36:24Z,7242-5078-3998,PROVERKA V KLAN,peakmir,FNC,,1v1|free for all,head
2026-09-26T14:36:24Z,5076-1189-7090,TURBO RED VS BLUE 🔴🔵,icestudios,UEFN,,competitive|just for fun|pvp|team deathmatch,head
2026-09-26T14:36:24Z,6586-8489-9677,GUN GAME LES GALACTIQUES MON POTE,kyojuro,UEFN,,pvp|shooter|practice|one shot,head
2026-09-26T14:36:24Z,2646-7870-3824,INFINITE ISLAND TYCOON,nexoteam,UEFN,,tycoon|simulator|casual|just for fun,head
2026-09-26T14:36:24Z,9391-3698-0921,1c1 - BuildFight,vmbk9,UEFN,,1v1|friendly|arena|attack,head
2026-09-26T14:36:24Z,5350-7620-8555,Shrink Hide & Seek,xenoksde,UEFN,,prop hunt|just for fun|party game|minigame,head
2026-09-26T14:36:24Z,4571-2211-0142,🚗 DRIVE GUN GAME 🔫 ONE SHOT M4R,m4r1ou,UEFN,Star Wars,gun game|one shot|free for all|just for fun,head
2026-09-26T14:36:24Z,2687-0364-7085,INSANE RAMP,kubiks,UEFN,,co-op|race|sports|free for all,head
2026-09-26T14:36:24Z,3924-8237-1143,+1 height Per Click,xenoksde,UEFN,,adventure|simulator|casual|just for fun,head
2026-09-26T14:36:24Z,3553-9250-9030,UNDER PRESSURE,hxrry.fn,UEFN,,1v1|building|arena,head
2026-09-26T14:36:24Z,2119-3299-4426,+1 Fat to break the floor,xenoksde,UEFN,,tycoon|simulator|casual|just for fun,head
2026-09-26T14:36:24Z,9751-9290-0878,BOXFIGHT OG,natbotfn,UEFN,,boxfight|pvp|zonewars,head
2026-09-26T14:36:24Z,4167-5536-2507,OCTAGON FFA | BUILD VS ZERO BUILD,eybo-on-twitch,UEFN,,free for all|practice|gun fight|pvp,head
2026-09-26T14:36:24Z,5763-6504-3293,Sell Lemons,xenoksde,UEFN,,tycoon|simulator|casual|just for fun,head
2026-09-26T14:36:24Z,8176-2210-0614,Wings For Eggs,xenoksde,UEFN,,tycoon|simulator|casual|just for fun,head
2026-09-26T14:36:24Z,1201-4312-1527,🧩100 ESCAPE ROOM🧩,rafaello07,UEFN,LEGO,party game|escape|minigame|just for fun,head
2026-09-26T14:36:24Z,6905-4079-3632,Open Sea For Eggs,xenoksde,UEFN,,tycoon|casual|just for fun|simulator,head
2026-09-26T14:36:24Z,7049-5215-1480,Yuki 1v1 map!,yuki1x,FNC,,1v1,head
2026-09-26T14:36:24Z,0810-6399-9020,DEEP FISHING,xenoksde,UEFN,,tycoon|simulator|casual|just for fun,head
2026-09-26T14:36:24Z,8279-3378-6434,SOLO ZONEWARS: CLUTCH,vtxzaki,UEFN,,solo|competitive|practice|survival,head
2026-09-26T14:36:24Z,7987-6106-5878,Fusionner un spinner,xenoksde,UEFN,,tycoon|casual|just for fun|simulator,head
2026-09-26T14:36:24Z,7573-2297-2738,Fall for animals,xenoksde,UEFN,,tycoon|simulator|casual|just for fun,head
2026-09-26T14:36:24Z,0754-8143-9829,🥑 FLYING AVOCADO TRICKSHOT 80 Levels 🚀,iphonedwuo,UEFN,,deathrun|minigame|parkour|just for fun,head
2026-09-26T14:36:24Z,7430-8788-7965,Steal The Moon,xenoksde,UEFN,,tycoon|simulator|casual|just for fun,head
2026-09-26T14:36:24Z,9983-1962-5677,CRYSTAL WARS,panarohd,UEFN,,teams|base|objective|pvp,head
2026-09-26T14:36:24Z,8993-0247-1150,GREEN VS PURPLE 🟢🟣 FIGHT,teamnoctis,UEFN,Star Wars,team deathmatch|shooter|pvp|respawn,head
2026-09-26T14:36:24Z,2640-6323-1196,GUN GAME MC ALPHA SPIDERS CITY 🚗,66six,UEFN,Star Wars,shooter|one shot|practice|adventure,head
2026-09-26T14:36:24Z,3503-8450-2517,GUN GAME MC RADICAL SPIDERS CITY 🚗,pfj,UEFN,Star Wars,shooter|one shot|practice|adventure,head
2026-09-26T14:36:24Z,7696-5004-5108,STEAL THE SQUID BRAINROT  🐙,aghafn,UEFN,SQUID GAME,simulator|just for fun|casual|tycoon,head
2026-09-26T14:36:24Z,6212-7656-9350,HARD PARKOUR ⭐ 0904 DEATHRUN باركور,mh33,UEFN,,parkour|deathrun|difficulty: hard|difficulty: impossible,head
2026-09-26T14:36:24Z,2448-2581-2901,LATE GAME ARENA - 4067,wes,UEFN,,zonewars|practice|solo|free for all,head
2026-09-26T14:36:24Z,8222-8770-7407,GUN GAME MC PRIME SPIDERS CITY 🚗,mdrrr,UEFN,Star Wars,shooter|one shot|practice|adventure,head
2026-09-26T14:36:24Z,0601-9738-6591,oneO2_3,stanag50,UEFN,,3v3|action|competitive|training,head
2026-09-26T14:36:24Z,5695-9940-8848,GUN GAME MC MIRACLE SPIDERS CITY 🚗,furied,UEFN,Star Wars,shooter|one shot|practice|adventure,head
2026-09-26T14:36:24Z,1259-1908-5967,GUN GAME MC IMPERIOUS SPIDERS CITY 🚗,wdj,UEFN,Star Wars,shooter|one shot|practice|adventure,head
2026-09-26T14:36:24Z,5121-0350-5019,GUN GAME MC UNSTOPPABLE SPIDERS CITY 🚗,tktp,UEFN,Star Wars,shooter|one shot|practice|adventure,head
2026-09-26T14:36:24Z,3715-6277-2925,GUN GAME MC SUPREME SPIDERS CITY 🚗,tkl.keyboard,UEFN,Star Wars,shooter|one shot|practice|adventure,head
2026-09-26T14:36:24Z,0213-6598-4219,GUN GAME MC EXQUISITE SPIDERS CITY 🚗,studi0,UEFN,Star Wars,shooter|one shot|practice|adventure,head
2026-09-26T14:36:24Z,8688-2631-0739,GUN GAME MC BREATHLESS SPIDERS CITY 🚗,sjc,UEFN,Star Wars,shooter|one shot|practice|adventure,head
2026-09-26T14:36:24Z,0840-8623-1363,GUN GAME MC STUNNING SPIDERS CITY 🚗,six.six.six,UEFN,Star Wars,shooter|one shot|practice|adventure,head
2026-09-26T14:36:24Z,0664-8336-7026,HARD DEATHRUN REMAKE TEAM CROUTON Mich,mickel,UEFN,,deathrun|parkour|difficulty: hard|just for fun,head
2026-09-26T14:36:24Z,9128-4148-3699,GUN GAME MC MIRACULOUS SPIDERS CITY 🚗,repeater,UEFN,Star Wars,shooter|one shot|practice|adventure,head
2026-09-26T14:36:24Z,0456-6555-8367,GUN GAME MC LEGENDARY SPIDERS CITY 🚗,qtu,UEFN,Star Wars,shooter|one shot|practice|adventure,head
2026-09-26T14:36:24Z,7239-8426-9702,GUN GAME MC MAGNIFICENT SPIDERS CITY 🚗,pzu,UEFN,Star Wars,shooter|one shot|practice|adventure,head
2026-09-26T14:36:24Z,0831-5912-9482,GUN GAME MC PHENOMENAL SPIDERS CITY 🚗,profil,UEFN,Star Wars,shooter|one shot|practice|adventure,head
2026-09-26T14:36:24Z,4707-2198-1823,GUN GAME MC EXTREME SPIDERS CITY 🚗,ofq,UEFN,Star Wars,shooter|one shot|practice|adventure,head
2026-09-26T14:36:24Z,6676-6149-5518,GUN GAME MC SPECTACULAR SPIDERS CITY 🚗,no-money,UEFN,Star Wars,shooter|one shot|practice|adventure,head
2026-09-26T14:36:24Z,0310-7248-8714,GUN GAME MC OUTSTANDING SPIDERS CITY 🚗,odn,UEFN,Star Wars,shooter|one shot|practice|adventure,head
2026-09-26T14:36:24Z,9432-6599-2749,GUN GAME MC INCREDIBLE SPIDERS CITY 🚗,ezt,UEFN,Star Wars,shooter|one shot|practice|adventure,head
2026-09-26T14:36:24Z,3738-9969-3998,50 Level Beast Escape Room,riftzygames,UEFN,,strategy|escape|just for fun|minigame,head
2026-09-26T14:36:24Z,1116-9458-9755,GUN GAME MC ASTONISHING SPIDERS CITY 🚗,mdrrr,UEFN,Star Wars,shooter|one shot|practice|adventure,head
2026-09-26T14:36:24Z,3513-1242-0917,GUN GAME MC WONDERFUL SPIDERS CITY 🚗,gze,UEFN,Star Wars,shooter|one shot|practice|adventure,head
2026-09-26T14:36:24Z,1236-1983-1850,GUN GAME MC MAGICAL SPIDERS CITY 🚗,fortnitemaps,UEFN,Star Wars,shooter|one shot|practice|adventure,head
2026-09-26T14:36:24Z,6463-2224-3689,GUN GAME MC FABULOUS SPIDERS CITY 🚗,follower,UEFN,Star Wars,shooter|one shot|practice|adventure,head
2026-09-26T14:36:24Z,2709-2949-2507,GUN GAME MC MEGA SPIDERS CITY 🚗,e.girl,UEFN,Star Wars,shooter|one shot|practice|adventure,head
2026-09-26T14:36:24Z,6273-0736-4060,GUN GAME MC AWESOME SPIDERS CITY 🚗,duplication,UEFN,Star Wars,shooter|one shot|practice|adventure,head
2026-09-26T14:36:24Z,2128-6158-5898,GUN GAME MC CRAZY SPIDERS CITY 🚗,e.e,UEFN,Star Wars,shooter|one shot|practice|adventure,head
2026-09-26T14:36:24Z,3548-2350-0558,GUN GAME MC COOL SPIDERS CITY 🚗,dupli,UEFN,Star Wars,shooter|one shot|practice|adventure,head
2026-09-26T14:36:24Z,1970-1496-5711,GUN GAME MC EPIC SPIDERS CITY 🚗,66six,UEFN,Star Wars,shooter|one shot|practice|adventure,head
2026-09-26T14:36:24Z,7890-1375-4388,GUN GAME MC AMAZING SPIDERS CITY 🚗,1v1ez,UEFN,Star Wars,shooter|one shot|practice|adventure,head
2026-09-26T14:36:24Z,5771-5148-8879,CLUCK OR HIDE,tameostudio,UEFN,,just for fun|party game|minigame|casual,head
2026-09-26T14:36:24Z,6711-3942-9231,🎃HALLOWEEN TRICK SHOT PARKOUR🎯باركور,trickshoters,UEFN,,parkour|deathrun|platformer|horror,head
2026-09-26T14:36:24Z,9753-6601-6162,1v1 Build Fight [Dziobak3kk],dziobak,UEFN,,1v1|building|fighting|practice,head
2026-09-26T14:36:24Z,5641-4329-7295,1v1 T3BAN 1v1v1 RELOAD تعبان,80s,UEFN,Star Wars,1v1|pvp|practice|building,head
2026-09-26T14:36:24Z,2975-8559-6959,HALLOWEEN ROCKETS VS CARS,clmzi,UEFN,,just for fun|party game|minigame|race,head
2026-09-26T14:36:24Z,3537-9644-3111,BUILD A HAUNTED HOUSE,fatcatstudio,UEFN,,tycoon|just for fun|casual|simulator,head
2026-09-26T14:36:24Z,3116-3917-4812,BRINROT CRAZY AVENTURA,borgestt,UEFN,,just for fun|minigame|tycoon|adventure,head
2026-09-26T14:36:24Z,5551-7569-2160,1v1 build fight.jpg,magdelena,FNC,,1v1|free for all|building|runner,head
2026-09-26T14:36:24Z,1569-4465-9172,PASS THE BOMB💣,sa1d,UEFN,,casual|free for all|funny|minigame,head
2026-09-26T14:36:24Z,3178-7755-3187,RAMP animada com carros personalizado,ggse,UEFN,TMNT,driver simulator|simulator|race|just for fun,head
2026-09-26T14:36:24Z,1024-8833-3677,Flappy Brainrot,mrbenco,UEFN,,arcade|minigame|2d,head
2026-09-26T14:36:24Z,5599-2540-1617,MEGA MAFIA DRIVING,driving_car,UEFN,,free for all|open world|building|just for fun,head
2026-09-26T14:36:24Z,8258-0040-6976,GRAND FIGHTING VS DRIVING CITY,88pv,UEFN,,open world|free for all|building|shooter,head
2026-09-26T14:36:24Z,7088-4907-9408,GRAND VS DRIVING VS ZOMBIE,lupen,UEFN,,open world|free for all|building|just for fun,head
2026-09-26T14:36:24Z,4717-5291-9519,Bedwars: OVERRIDE💥,kmscreate,UEFN,,base building|action|defend|attack,head
2026-09-26T14:36:24Z,9388-6964-7195,CITY DRIVE CAR GRAND V8,vichoo1,UEFN,,open world|free for all|building|just for fun,head
2026-09-26T14:36:24Z,2224-8280-3061,GRAND RED VS BLUE DRIVING,bik,UEFN,Star Wars,team deathmatch|building|just for fun|shooter,head
2026-09-26T14:36:24Z,4198-4413-2062,FIGHTING DRIVE G7,nero1,UEFN,,open world|free for all|building|just for fun,head
2026-09-26T14:36:24Z,0269-5908-5982,1V1 FIGHTING,wolfdrive,UEFN,,1v1|building|shooter|just for fun,head
2026-09-26T14:36:24Z,3420-4522-1933,FIGHTING DRIVE GRAND PVP,wolfdrive,UEFN,,open world|free for all|building|shooter,head
2026-09-26T18:01:59Z,7872-8403-5924,david ginola william,rvb1v1-2v2-3v3,UEFN,,melee|unbalanced teams|winterfest|skills,head
2026-09-26T18:01:59Z,2017-1166-3002,mems frappe,montecarlo,UEFN,,battle royale|difficulty: medium|duo|open world,head
2026-09-26T18:01:59Z,8712-4964-5516,dirty hope to the hoèp,everynight,UEFN,,board game|defend|difficulty: medium|difficulty: ultra hard,head
2026-09-26T18:01:59Z,0740-9303-2386,biggest celan up in the game,wasdwasd,UEFN,,battle royale|building|episodic|choices matter,head
2026-09-26T18:01:59Z,9135-5949-5158,🌵HOSTESS TRICKSHOT — 80 Levels 🌵,pompompompawaura,UEFN,,deathrun|minigame|parkour|just for fun,head
2026-09-26T18:01:59Z,4251-5046-9737,GREEN VS PURPLE PVP BATTLE,xavier67,FNC,,pvp|boxfight|practice|1v1,head
2026-09-26T18:01:59Z,2457-5474-1768,1V1 KING OF THE ARENA,zartene,UEFN,,1v1|fighting|practice,head
2026-09-26T18:01:59Z,1347-5014-9934,RailWars,sundancer,FNC,,1v1|free for all|pvp|action,head
2026-09-26T18:01:59Z,5926-9354-0734,SUPER MADISON RVB 🔵🔴 [ADVENTURE],brainrot67,UEFN,Star Wars,adventure|rpg|team deathmatch|horror,head
2026-09-26T18:01:59Z,8017-6865-1094,NEIGHBOR PROP HUNT,morozov,UEFN,,prop hunt|just for fun|party game|minigame,head
2026-09-26T18:01:59Z,7808-8891-7839,SYRNX EDITING CORSE,syrnx,FNC,,edit course,head
2026-09-26T18:01:59Z,9244-6189-3755,CAR GAME 🕹️ SUPER RAMP🔥,karllaside,UEFN,The Walking Dead Universe,race|driver simulator|survival horror|just for fun,head
2026-09-26T18:01:59Z,2447-0607-7141,1v1 Halloween,gamermads1,UEFN,,1v1|just for fun,head
2026-09-26T18:01:59Z,3317-9202-4619,Random Duo Wars 🎮🔫,5ann,FNC,,duo|competitive|shooter|survival,head
2026-09-26T18:01:59Z,0168-3312-0550,BRAINROT HOUSE PROP HUNT 📦👀,evireal,UEFN,,prop hunt|party game|just for fun|memes,head
2026-09-26T18:01:59Z,7484-4674-6050,🧯FIRE EXTINGUISHER TRICKSHOT 80 Level🧯,mrpiggy98,UEFN,,deathrun|minigame|parkour|just for fun,head
2026-09-26T18:01:59Z,3495-3810-8591,🏝 ∫ ZOXIA RP,nryko,UEFN,,role playing,head
2026-09-26T18:01:59Z,3815-3857-3539,🚪67 LEVEL ESCAPE ROOM 🧠,whereisnemo,UEFN,KPop Demon Hunters,strategy|escape|minigame|just for fun,head
2026-09-26T18:01:59Z,9684-7982-0679,Number91,it_reo,UEFN,,competitive|gun fight|gun game|pvp,head
2026-09-26T18:01:59Z,5086-9876-4754,LEON 1v1 bulid fight,lelgimbr,FNC,,1v1|building|skills|practice,head
2026-09-26T18:01:59Z,8524-0330-8828,Nono 1v1 Map,nonoo,UEFN,,1v1,head
2026-09-26T18:01:59Z,7001-4585-2276,ERK 1v1 Build Fight,erikkk,FNC,,1v1|competitive|practice|building,head
2026-09-26T18:01:59Z,1643-8925-4193,Zone Wars FFA,hot_shot0813,FNC,,free for all,head
2026-09-26T18:01:59Z,4871-6578-3263,THE HORROR FIELDS,ntexzy,UEFN,,horror|one life|free for all,head
2026-09-26T18:01:59Z,3596-6842-8274,Bio duo arena,mnp.yt,FNC,,arena,head
2026-09-26T18:01:59Z,1379-8868-9033,DEATHRUN EASY 467 LEVELS,lzprime1v5,UEFN,,deathrun|strategy|skills|parkour,head
2026-09-26T18:01:59Z,2557-7189-5388,Super Ramp - Car Game,karllaside,UEFN,TMNT,race|objective|driver simulator|just for fun,head
2026-09-26T18:01:59Z,6330-2684-8401,BOXPVP POWERS,mio-khalifa,UEFN,,sandbox|skills|shooter|funny,head
2026-09-26T18:01:59Z,6909-1662-7812,Minecraft Superpower Pillars,lemi7,UEFN,,free for all|pvp|minigame|just for fun,head
2026-09-26T18:01:59Z,3825-3740-5634,CONTAINER YARD,raavag22,UEFN,,shooter|first person|arena|free for all,head
2026-09-26T18:01:59Z,6049-2909-1033,GUN GAME RYU A PAS DE PANTALON JCJ,tyxzy_y,UEFN,,shooter|board game|5v5|6v6,head
2026-09-26T18:01:59Z,2331-4866-1073,carra 1v1,carrafn,UEFN,,1v1,head
2026-09-26T18:01:59Z,4807-4599-9405,1C1C1,seyzix,FNC,,1v1|arena,head
2026-09-26T18:01:59Z,4188-5533-2210,The Fishy Circle,sukfok,UEFN,,free for all|practice|pvp|party game,head
2026-09-26T18:01:59Z,9936-6526-6822,PILLARS - TROLL PILLARS - SPRITE PILLARS,box-pvp-wpgg,UEFN,,minigame|casual|just for fun|free for all,head
2026-09-26T18:01:59Z,2440-6822-3241,parloir,andrejm,FNC,,prop,head
2026-09-26T18:01:59Z,5643-8019-9838,SOCCER 0.1,thestig,FNC,,funny|difficulty: easy|skills,head
2026-09-26T18:01:59Z,9883-0289-8768,BHE 1V1,klss4,FNC,,1v1,head
2026-09-26T18:01:59Z,3119-0871-0618,Tilted Towers 🏙️ Rocket Hide N Seek 🚀,penguingodturtle,FNC,,battle|explosives|strategy,head
2026-09-26T18:01:59Z,4392-5145-3120,باركور ابو زهره,ibanez3,FNC,,parkour,head
2026-09-26T18:01:59Z,7594-9006-7734,TILTEDSNIPER,code_crs62,UEFN,,1v1|funny|shooter|training,head
2026-09-26T18:01:59Z,9134-2169-0160,GUN GAME IL NOUS FAUT DES CRAVATES FF,folaxx,UEFN,,shooter|one shot|pvp|practice,head
2026-09-26T18:01:59Z,0326-1403-8753,OG PVP BOXFIGHT,dakotaxp,UEFN,,boxfight|pvp|1v1|free for all,head
2026-09-26T18:01:59Z,1965-0675-9806,Rp.9,nyryco90,FNC,,1v1,head
2026-09-26T18:01:59Z,0640-3277-5535,FESHO 1V1 (AIM & PIECE CONTROL PRACTICE),fesho2,UEFN,,1v1|aim course|building|free for all,head
2026-09-26T18:01:59Z,8126-4853-5912,GUN GAME JSUIS MORT STADE JCJ,tyxelba,UEFN,,shooter|pvp|just for fun|free for all,head
2026-09-26T18:01:59Z,8204-8434-0745,1V1 AURA 👑 BUILD FiIGHT CUSTOM,8gt,UEFN,Star Wars,1v1|pvp|building|battle,head
2026-09-26T18:01:59Z,7352-0841-5815,RED VS BLUE MC SURPRISE 🚗,zaxio,UEFN,,team deathmatch|free for all|gun game|competitive,head
2026-09-26T18:01:59Z,6067-4700-0515,8S1V,8s1v,FNC,,parkour,head
2026-09-26T18:01:59Z,3268-8401-5238,RED VS BLUE SUPREME SPIDERS 🚗,vaxio,UEFN,,team deathmatch|free for all|gun game|competitive,head
2026-09-26T18:01:59Z,7939-1436-0824,Greasy grover zone wars,thccowieninja,FNC,,free for all,head
2026-09-26T18:01:59Z,4413-1959-4646,CRUSH FACTORY,bonzai.pro,UEFN,,simulator|tycoon|just for fun,head
2026-09-26T18:01:59Z,4690-8017-7759,Late 1v1 Build Fights,fnbrlate,UEFN,,1v1,head
2026-09-26T18:01:59Z,1678-0763-3029,سكرمز المعضلين 2 💪 | 💪 ScrumsMuadle 2,bt8,UEFN,,shooter|action|pvp,head
2026-09-26T18:01:59Z,7305-3797-4820,WINTER GUN GAME KO [ADVENTURE],kailo,UEFN,Star Wars,gun game|adventure|just for fun|free for all,head
2026-09-26T18:01:59Z,5077-0003-1945,1V1 off  اوف,r8b,FNC,,6v6,head
2026-09-26T18:01:59Z,5283-5341-6139,RVB| RAXINELLICUS GAS AURA,metano67,UEFN,,team deathmatch|action|strategy|adventure,head
2026-09-26T18:01:59Z,1221-1374-7084,Rvb red vs blue SUPER HAPPY,faxio,UEFN,,team deathmatch|free for all|gun game|competitive,head
2026-09-26T18:01:59Z,5096-4175-1411,MEGA CAR RAMP 🚗💨,krix-esport,UEFN,,race|just for fun|sports|driver simulator,head
2026-09-26T18:01:59Z,2712-6999-3183,red vs blue small,pluto584,UEFN,,practice|team deathmatch|just for fun|shooter,head
2026-09-26T18:01:59Z,8881-3770-1590,CITY DRIVE SIM,bebome,UEFN,Star Wars,simulator|driver simulator|farming simulator|open world,head
2026-09-26T18:01:59Z,7976-8260-3868,Farm Battle,paco-iws,UEFN,,zonewars|practice|pvp|competitive,head
2026-09-26T18:01:59Z,8078-4919-9033,Rvb red vs blue SUPER HYPED,baxio,UEFN,,team deathmatch|free for all|gun game|competitive,head
2026-09-26T18:01:59Z,7770-5788-8164,Mega Red v Blue,nightmp,FNC,,arena|co-op|pvp|team deathmatch,head
2026-09-26T18:01:59Z,3346-1630-6159,boxfight tutti contro tutti,optimussprite0,FNC,,3v3,head
2026-09-26T18:01:59Z,8835-7615-4923,RAINBOW DROPPER 2.0 REMAKE CROUTON MICH,malux2k26,UEFN,,parkour|difficulty: very hard|just for fun|deathrun,head
2026-09-26T18:01:59Z,2630-5545-2936,Hard Parkour 1971,spottrix,FNC,,parkour,head
2026-09-26T18:01:59Z,8882-3726-4840,DRIVE RAMP CITY SIM,bebome,UEFN,Star Wars,simulator|driver simulator|farming simulator|open world,head
2026-09-26T18:01:59Z,7841-1834-3517,WATER PILLARS,eagle4,UEFN,,just for fun|pvp|minigame|party game,head
2026-09-26T18:01:59Z,3358-9804-8239,🏙 BUILD SKYLINE TYCOON 🏙,dummymaps,UEFN,,tycoon|simulator|casual|just for fun,head
2026-09-26T18:01:59Z,5350-7135-9669,🔫FOREST GUN GAME ♾️ RTX,rtxstudio,UEFN,Star Wars,gun game|action|just for fun|one shot,head
2026-09-26T18:01:59Z,9443-9657-5902,🧠 Chihuahua's IQ 🔑 ESCAPE ROOM 🚪,rtdox,UEFN,,strategy|escape|parkour|platformer,head
2026-09-26T18:01:59Z,2657-4995-9261,1V1 Simplist,roonic0,UEFN,,1v1|battle|practice|shooter,head
2026-09-26T18:01:59Z,4915-9019-8844,FIGHT 1V1 WITH EVERY GUN,davidr2026,FNC,,pvp|just for fun|1v1,head
2026-09-26T18:01:59Z,8797-3276-8917,unarmed,dounut693,FNC,,arena,head
2026-09-26T18:01:59Z,8479-1173-3689,📦CARDBOARD BOX PVP,buzzmaps,UEFN,,free for all|boxfight|building|practice,head
2026-09-26T18:01:59Z,9699-6329-3856,🏃PARKOUR EASY RUN🏃,f8n,UEFN,,deathrun|difficulty: easy|funny|parkour,head
2026-09-26T18:01:59Z,2988-1710-2098,🐒 GOOFY MONKEY TRICKSHOT — 80 Levels 🍌,snore-king,UEFN,,deathrun|minigame|parkour|just for fun,head
2026-09-26T18:01:59Z,6067-6530-1729,Sunflare paradies,xosophie26017xo,FNC,,party world,head
2026-09-26T18:01:59Z,1701-7430-9926,ALESSYA 1V1 [BUILDFIGHT],alessyafn,UEFN,,1v1|competitive|fighting,head
2026-09-26T18:01:59Z,1028-5893-7998,طريق العبور | Crossing Path,lbna,UEFN,,quiz|objective|parkour|competitive,head
2026-09-26T18:01:59Z,8187-5445-2967,664 EDIT WARS,klss4,FNC,,action,head
2026-09-26T18:01:59Z,1404-0175-2461,1v1 Build Fight [KrzysiuFN],ttkrzysiufn,FNC,,1v1,head
2026-09-26T18:01:59Z,4075-2788-5037,Mongo´s Pillars,neviivlr,UEFN,,funny|action|minigame|peaceful,head
2026-09-26T18:01:59Z,6608-0643-8951,Mongo´s Buy Your Loadout,neviivlr,UEFN,,battle|pvp|strategy|zonewars,head
2026-09-26T18:01:59Z,6069-8359-7933,Mongo´s Practice Map,neviivlr,UEFN,,practice|edit course|aim course|building,head
2026-09-26T18:01:59Z,7510-4476-6428,PersonaTeamDeathMatch,legendarymaps,UEFN,,teams|shooter|party game|pvp,head
2026-09-26T18:01:59Z,9177-1297-2428,Taylor Swift:The Life Of A Showgirl Tour,nullmapas,UEFN,,show|music|friendly|just for fun,head
2026-09-26T18:01:59Z,8289-5505-8947,ZOLARA RP,zox2snip,UEFN,,friendly,head
2026-09-26T18:01:59Z,8595-2144-3853,1v1 Buildfights 2P👥[Ultimate 1v1],yswiftyy,UEFN,,1v1,head
2026-09-26T18:01:59Z,7797-9270-3561,DUO ZONE WARS CUP [ENDGAME],clowzen,UEFN,,zonewars|practice|competitive|duo,head
2026-09-26T18:01:59Z,6269-5710-4933,TILTED ZONE WARS 2V2  🔴RED VS BLUE🔵,kruczelfn,UEFN,,zonewars|2v2|pvp|practice,head
2026-09-26T18:01:59Z,3039-6266-2085,Arcadia Rp,owencar,UEFN,,adventure|friendly,head
2026-09-26T18:01:59Z,2424-7404-3001,LEERZEICHEN 1VS1,wasd826nk165pyyt,FNC,,1v1|practice|building|competitive,head
2026-09-26T18:01:59Z,8860-0013-4833,10 Level Elite Parkour ⚡️,miazkka,FNC,,parkour|deathrun|just for fun|casual,head
2026-09-26T18:01:59Z,4242-0938-3923,Chess World,pharaohcm,UEFN,,board game|strategy|puzzle|party world,head
2026-09-26T18:01:59Z,9543-1984-2949,1v1v1v1 Build Fight realistic,irsp,FNC,,1v1|action|battle|casual,head
2026-09-26T18:01:59Z,2767-7147-0672,⬆️OnlyUp✈️Crash Landed🌳 *CHECKPOINTS,mrene,FNC,,adventure|parkour|just for fun|competitive,head
2026-09-26T18:01:59Z,0200-8356-1590,⭐️CREAZY GUN GAME 🔫,codeh,UEFN,,free for all|one shot|shooter|pvp,head
2026-09-26T18:01:59Z,7364-5349-3999,Creative Throwback 🕰️,deem,UEFN,,zonewars|boxfight|1v1|collection,head
2026-09-26T18:01:59Z,7837-9880-7828,1V1 Build Fight [ Shxrne . Tioxo ],tioxo,UEFN,,battle|building|practice|fighting,head
2026-09-26T18:01:59Z,5063-4099-5667,1v1 FREEBUILD *UNLIMITED*,va7,FNC,,1v1|free for all|pvp|just for fun,head
2026-09-26T18:01:59Z,3625-8231-1625,EGO BUILDFIGHT,fly200qi,UEFN,,1v1|building|practice|competitive,head
2026-09-26T18:01:59Z,6593-6279-2263,Tilted BoxFight,luca0_5,FNC,,boxfight|practice|free for all|competitive,head
2026-09-26T18:01:59Z,9008-9061-4412,😎ONE SHOT RANKS😎,codeh,UEFN,,sniper|competitive|free for all|one shot,head
2026-09-26T21:04:32Z,6164-9204-3311,STEAL THE BRAINROTS AT NIGHT [HORROR],realferins,UEFN,,simulator|tycoon|just for fun|casual,head
2026-09-26T21:04:32Z,2215-5424-4314,VEX 1v1 Build Fight,vex8,UEFN,,1v1,head
2026-09-26T21:04:32Z,1357-7389-9649,Ultimate colour pillars,ztogs,FNC,,arena|8v8,head
2026-09-26T21:04:32Z,2195-0094-0070,FINALS 1V1,rioxxx,UEFN,,1v1,head
2026-09-26T21:04:32Z,0079-1961-1387,Steal A Sprite,naluu,UEFN,,tycoon|simulator|just for fun|casual,head
2026-09-26T21:04:32Z,2019-6323-5503,FINAL RACE - CAR GAME,dalilaaraujo,UEFN,TMNT,race|objective|just for fun|open world,head
2026-09-26T21:04:32Z,1432-1708-6547,Liam's Sniper LTM,liam360,UEFN,,battle royale|action,head
2026-09-26T21:04:32Z,0074-9827-8283,MINI TILTED SCRIMS - تدريبات ميني تيلتد,clashalexx,FNC,,solo|arena|pvp|battle royale,head
2026-09-26T21:04:32Z,0237-0807-1339,INSANE PILLARS,regiox,UEFN,,just for fun|minigame|party game|pvp,head
2026-09-26T21:04:32Z,0799-0384-2083,SLAP FOR EGGS,jomap,UEFN,,just for fun|simulator|casual|tycoon,head
2026-09-26T21:04:32Z,1547-0497-1024,ماب باركور 15 مرحلة,gnk1x,FNC,,parkour,head
2026-09-26T21:04:32Z,8700-3451-8251,1V1 WITH EVERY TURTLE,jaxteller,UEFN,TMNT,1v1|building|free for all|shooter,head
2026-09-26T21:04:32Z,9012-1454-3510,1v1 with EVERY gun Star wars v2,galaxyghost67,FNC,STAR WARS,1v1,head
2026-09-26T21:04:32Z,9024-9416-8450,MUSEUM HEIST ESCAPE [ROGUELIKE],vojtax,UEFN,,roguelike|adventure|co-op|deathrun,head
2026-09-26T21:04:32Z,9731-6565-0939,Jugement Mayork Rp,zeyr17,FNC,,role playing,head
2026-09-26T21:04:32Z,7005-7185-2060,Impossible Deathrun 20+ Levels 🚀,hoodies39,FNC,,deathrun|difficulty: impossible,head
2026-09-26T21:04:32Z,3108-7057-5900,Jedi Zone Wars,jaxteller,UEFN,Star Wars,zonewars|battle royale|free for all|1v1,head
2026-09-26T21:04:32Z,7939-0772-9011,JOIN THE CAR RACE - CAR GAME,cargamemap,UEFN,TMNT,race|objective|just for fun|open world,head
2026-09-26T21:04:32Z,7694-3025-2581,1v1 Build Map,ray-34,FNC,,1v1|battle|competitive|duo,head
2026-09-26T21:04:32Z,3925-6129-0768,hide and seek battle royale,michas15,FNC,,prop hunt,head
2026-09-26T21:04:32Z,7983-1274-7979,1v1 free for every one,surronster,FNC,,1v1,head
2026-09-26T21:04:32Z,0951-1651-7856,Skins 1v1 (PouvloFN),yojo1969,FNC,STAR WARS,1v1|pvp|fighting,head
2026-09-26T21:04:32Z,2247-8820-6964,MAP 1V1 BUILD FIGHTS [ SW ESPORT ],hayzen_uefn,UEFN,,1v1|competitive|building|practice,head
2026-09-26T21:04:32Z,0997-0939-9647,Poppy playtime chapter 1,adrocraft96,FNC,,horror,head
2026-09-26T21:04:32Z,5215-5633-6943,🔥 VNX | BOX FIGHT 🔥,swizzy7,UEFN,,free for all|pvp|boxfight|gun fight,head
2026-09-26T21:04:32Z,4791-7047-0892,NEW BLUE X RED,ablb,UEFN,,team deathmatch|pvp|free for all|just for fun,head
2026-09-26T21:04:32Z,1635-0719-3787,GREEN VS READ ALESAD167 MAPS,alesad167,FNC,,fighting|building|competitive,head
2026-09-26T21:04:32Z,3024-4313-9195,Free Building Practice [Ultimate],koodac,UEFN,,practice|pvp|1v1|2v2,head
2026-09-26T21:04:32Z,1557-0042-2828,The Village (Prop Hunt),theechristof,FNC,,prop hunt|survival|competitive|fortnitemares,head
2026-09-26T21:04:32Z,0520-4228-1292,1v1 Build Fight [Fiilo],fiilo,UEFN,,1v1|building|practice|competitive,head
2026-09-26T21:04:32Z,0501-7261-3050,SCARY RP,solo_crpzz,FNC,,battle,head
2026-09-26T21:04:32Z,9444-1621-0929,Fake batalla campal,elvideoretirado,FNC,,adventure,head
2026-09-26T21:04:32Z,0453-2860-4957,OVERDRIVE MECHANICS,hoka,UEFN,,1v1|training|aim course|building,head
2026-09-26T21:04:32Z,6365-1300-2124,KING SWING SPEED CITY,barx,UEFN,,teams|just for fun|free for all|shooter,head
2026-09-26T21:04:32Z,2025-2331-2807,England duo sniper scrims🎯,05bonzo,FNC,,free for all|duo|sniper|zonewars,head
2026-09-26T21:04:32Z,2735-8411-0151,Blackout: Escape the Dark Facility (1-4),fitzgames,UEFN,,horror|co-op|atmospheric|escape,head
2026-09-26T21:04:32Z,8631-6676-4637,Pika 1v1,pikamousse,FNC,,battle royale,head
2026-09-26T21:04:32Z,7866-9043-2094,GO TROLL - ZONEWARS,bound1v1,UEFN,,practice|heroes|pvp|zonewars,head
2026-09-26T21:04:32Z,3208-2667-0283,Just Another Generic Clicker Game,icrxzyi,UEFN,,2d|arcade|clicker|casual,head
2026-09-26T21:04:32Z,9840-2710-2407,NEW SWING CITY,lexc,UEFN,,teams|free for all|just for fun|action,head
2026-09-26T21:04:32Z,1301-4331-1286,Gilets Jaunes,bra212,UEFN,,battle royale|gun fight,head
2026-09-26T21:04:32Z,3323-4795-4884,KNOCKBACK COLOSSEUM,esurb,UEFN,,free for all|melee|arena|one life,head
2026-09-26T21:04:32Z,7395-1708-5644,Echo Court,spec3,UEFN,,music|just for fun|party world|minigame,head
2026-09-26T21:04:32Z,1257-7419-6549,Zombie Apocalypse: THE LAST CITY,alx319,UEFN,,action|boss battle|defend|infection,head
2026-09-26T21:04:32Z,7101-3510-8789,ONLY UP PARKOUR V1,sifrlyx,FNC,,difficulty: hard|difficulty: medium|aim course|adventure,head
2026-09-26T21:04:32Z,4590-2874-3408,Fly for Eggs,chhetz,UEFN,,tycoon|simulator|just for fun|casual,head
2026-09-26T21:04:32Z,6961-5537-5171,SPEEDY CITY TOP,posa,UEFN,,free for all|teams|fighting|shooter,head
2026-09-26T21:04:32Z,5512-5436-1936,platinum pulse zone wars,nito15,FNC,,battle|zonewars|free for all|building,head
2026-09-26T21:04:32Z,2954-9852-3761,ROOKIE PARTY: HITMAN VACATION,mrstrawberry,UEFN,,free for all|gun fight|shooter|competitive,head
2026-09-26T21:04:32Z,2636-7487-0480,J.E.T,i_myst_you,FNC,,friendly|music|event|jam system,head
2026-09-26T21:04:32Z,4311-8857-9418,BATTLE BUILDER 🧱,ldl35,UEFN,,fighting|building|free for all|shooter,head
2026-09-26T21:04:32Z,5253-8834-2629,SNIPER SUPREME ONE SHOT 🎯,rafamanon,UEFN,,one shot|just for fun|sniper|free for all,head
2026-09-26T21:04:32Z,5895-7019-7405,SWING OPEN WORLD FREE FOR ALL CLASSIC,verq,UEFN,,free for all|action|teams|adventure,head
2026-09-26T21:04:32Z,5571-3560-5606,RED VS BLUE 🔴🔵SERIUS,rafamanon,UEFN,,just for fun|team deathmatch|teams|building,head
2026-09-26T21:04:32Z,0385-6963-8050,+1 CLICK BUTTON [ADVENTURE],altman,UEFN,,adventure|boss battle|tycoon|just for fun,head
2026-09-26T21:04:32Z,9750-3261-6260,Deathrun 12 LVL – Easy to Impossible,nezox.dd,FNC,,deathrun,head
2026-09-26T21:04:32Z,5883-9534-5349,🔥MZO 1v1🔥,zerko_off,FNC,,1v1,head
2026-09-26T21:04:32Z,1323-6931-5172,100 SMART ESCAPE ROOM🧠,pippuvastasu,UEFN,,escape|minigame|party game|just for fun,head
2026-09-26T21:04:32Z,1525-1766-3716,SPIDER SWING CITY TDM COLD,tungmaps,UEFN,,team deathmatch|free for all|shooter|action,head
2026-09-26T21:04:32Z,4078-6171-9827,piz team riccardinelli,godo123,UEFN,,boss battle|edit course|educational|3v3,head
2026-09-26T21:04:32Z,9410-3228-1165,1v1Secret,andrade007,FNC,,1v1|arena|casual,head
2026-09-26T21:04:32Z,9762-8458-5057,Classic BOXFIGHT PVP [VOID],voidstudio,UEFN,,boxfight|practice|pvp|competitive,head
2026-09-26T21:04:32Z,6907-5157-7303,ماب باركور 7303 🔥.,w_hm,UEFN,,parkour,head
2026-09-26T21:04:32Z,9410-8986-6643,Sword party ⚔️,mmclips,FNC,,free for all|party world,head
2026-09-26T21:04:32Z,0075-2619-1380,KORBAN 1V1 BUILD FIGHT!,korbanico,UEFN,,1v1,head
2026-09-26T21:04:32Z,8623-2157-6414,tartarugas com carros personalizados,ggse,UEFN,TMNT,just for fun|memes|open world|adventure,head
2026-09-26T21:04:32Z,5838-5325-6954,HARD PARKOUR 20+ 3676 DEATHRUN باركور,floppfn,UEFN,,parkour|deathrun|difficulty: hard|difficulty: impossible,head
2026-09-26T21:04:32Z,1997-4065-6862,SNIPER ONE SHOT💥BEST FFA🎯,trnkvn,UEFN,,one shot|sniper|free for all|just for fun,head
2026-09-26T21:04:32Z,1357-4773-9261,Pro Piece Control 1v1 💪,coachj,UEFN,,1v1|practice|boxfight|pvp,head
2026-09-26T21:04:32Z,8004-1929-6869,ADRIAN 1V1 [ZERO DELAY],adadad,UEFN,,1v1|pvp|building,catalog
2026-09-26T21:04:32Z,0078-1060-7063,NEXUS RP S2,hvk_parisien,UEFN,,role playing,catalog
2026-09-26T21:04:32Z,2681-5679-6437,1V1 H,codeh,UEFN,,practice|pvp|building|1v1,catalog
2026-09-26T21:04:32Z,8454-5299-0922,Crazy One Shot  🔫,codeh,UEFN,,sniper|1v1|free for all|one shot,catalog
2026-09-26T21:04:32Z,7186-9811-5686,Cup Earnings [Duo],alleseasyyt,UEFN,,zonewars|practice|duo|competitive,catalog
2026-09-26T21:04:32Z,2603-0683-0181,OG SHADOW RP,lazaac,UEFN,,role playing,catalog
2026-09-26T21:04:32Z,0678-5781-2301,🔥 +65 CRAZY CAR PARKOUR LEVELS,hmos,UEFN,,race|just for fun|driver simulator|sports,catalog
2026-09-26T21:04:32Z,4740-7766-7317,BESTS RVB RED VS BLUE UNC,cobra_hissing,UEFN,,team deathmatch|just for fun|pvp|action,catalog
2026-09-26T21:04:32Z,2799-0554-7638,🌀 2V2 The Last STORM Scrims - 3dh 🌀,1v1-1v1v1-maps,UEFN,,2v2|practice|just for fun|zonewars,catalog
2026-09-26T21:04:32Z,0315-8467-7292,BACKROOM DJISA,dinosaure-prime,FNC,,choices matter,catalog
2026-09-26T21:04:32Z,5152-6101-9335,RVB EXTREME RED VS BLUE,rebootprac,UEFN,,pvp|gun game|building|teams,catalog
2026-09-26T21:04:32Z,8152-0616-4813,NIX-RP 🌇 SAISON 1-🏝️,cookies1725,FNC,,role playing|adventure|exploration,catalog
2026-09-26T21:04:32Z,3060-3223-8767,ANIMALS OBBY PARKOUR ⭐,koco,UEFN,,deathrun|parkour|just for fun|difficulty: easy,catalog
2026-09-26T21:04:32Z,3427-5101-1407,SUPER GOAT TRICKSHOT PARKOUR 🎯60 LEVELS,samuxfn,UEFN,,platformer|minigame|parkour|deathrun,catalog
2026-09-26T21:04:32Z,6949-1850-6889,BUILD BRIDGE FOR CODES IL,kka_maps,UEFN,,tycoon|simulator|casual|just for fun,catalog
2026-09-26T21:04:32Z,2368-9953-0482,Heaven RP v1,original_7,FNC,,role playing,catalog
2026-09-26T21:04:32Z,3817-3711-0977,Gun Game City [ONE SHOT],pixodevhq,UEFN,,just for fun|pvp|free for all|casual,catalog
2026-09-26T21:04:32Z,2091-4403-6308,RP ANNIMAUX DE COMPANIE 2,mustangcreatived,UEFN,,battle|open world|exploration|building,catalog
2026-09-26T21:04:32Z,4731-9560-4715,ACTION RIVALS ⭐,sliccfn,UEFN,Star Wars,just for fun|free for all|action|1v1,catalog
2026-09-26T21:04:32Z,5817-5571-6934,JUGEMENT MINI RP 🌇,gxndia,FNC,,rpg|gun game|just for fun|simulator,catalog
2026-09-26T21:04:32Z,7665-3662-2360,MEGA RAMP DEATH RACE,alegab,UEFN,,race|just for fun|sports|driver simulator,catalog
2026-09-26T21:04:32Z,5297-1047-6547,🧡 JJB PARADISE 🧡,odenzuka,FNC,,friendly|casual|role playing|music,catalog
2026-09-26T21:04:32Z,5075-1036-7526,THE STREET ZONE WARS 1V1-4V4,moa.11,UEFN,,4v4|1v1|minigame|just for fun,catalog
2026-09-26T21:04:32Z,4904-4001-2639,Star Wars: Empire Escape,af-create,UEFN,Star Wars,adventure|co-op|exploration|roguelike,catalog
2026-09-26T21:04:32Z,5098-2907-4436,SUPER DRIVE CHILL 🚗 FFA ELITE,samuxfn,UEFN,,race|driver simulator|pvp|just for fun,catalog
2026-09-26T21:04:32Z,4742-4655-4645,SUPER DRIVE CHILL 🚗 FFA GOAT,samuxfn,UEFN,,race|driver simulator|pvp|just for fun,catalog
2026-09-26T21:04:32Z,5314-6778-3920,-1 Size for Brainrots,lunarcatstudios,UEFN,,tycoon|casual|just for fun|simulator,catalog
2026-09-26T21:04:32Z,2940-4123-7947,ELITE MAMMOTH ONE SHOT 🎯,samuxfn,UEFN,,one life|gun game|free for all|just for fun,catalog
2026-09-26T21:04:32Z,4345-5602-4800,MEGA RED VS BLUE 🔴🔵 GOAT,samuxfn,UEFN,,pvp|competitive|team deathmatch|just for fun,catalog
2026-09-26T21:04:32Z,4705-8143-0302,ELITE RED VS BLUE 🔴🔵 GOAT,samuxfn,UEFN,,team deathmatch|just for fun|pvp|competitive,catalog
2026-09-26T21:04:32Z,3838-8169-1496,ELITE SIX SEVEN RED VS BLUE 🔴🔵,samuxfn,UEFN,,pvp|team deathmatch|just for fun|free for all,catalog
2026-09-26T21:04:32Z,7373-6213-6195,PARTY ROYAL LMO,j197,FNC,,respawn|rpg|party game|word games,catalog
2026-09-26T21:04:32Z,7249-0406-0902,FISHSTICK HUNT: 25 KILLS [ANY EDIT],markworld,UEFN,,artistic|atmospheric|casual|battle,catalog
2026-09-26T21:04:32Z,8885-3472-1162,DORO PARTY MICH,gby97,FNC,,word games|role playing,catalog
2026-09-26T21:04:32Z,6047-7784-8280,ZONE BOXED,sorenftn,UEFN,,zonewars|free for all|pvp|practice,catalog
2026-09-26T21:04:32Z,2544-0462-0082,45 LEVEL DEATHRUN,thestig,FNC,,deathrun,catalog
2026-09-26T21:04:32Z,8940-5008-4726,‏🦋LOV PARTY ROYAL🦋,i6nm,FNC,,1v1,catalog
2026-09-26T21:04:32Z,7575-5896-4028,NINJA TURTLES 1V1,ismael2004,UEFN,TMNT,1v1|practice|respawn,catalog
2026-09-26T21:04:32Z,1633-1687-7051,IL Real Life 2 [RP] ISRAEL,kka_maps,UEFN,,role playing|just for fun|pvp|stealth,catalog
2026-09-26T21:04:32Z,8456-4204-7070,GoatedCraft Zone Wars,mapcraft,UEFN,,zonewars|pvp|practice|teams,catalog
2026-09-26T21:04:32Z,6020-9303-8305,👽 Alien Invasion - Sweaty 🛸,updated,UEFN,,co-op|creatures|adventure|action,catalog
2026-09-26T21:04:32Z,0864-3328-7814,👽 Alien Invasion - Retail 🛸,updated,UEFN,,co-op|creatures|survival horror,catalog
2026-09-26T21:04:32Z,9002-2653-3597,1V1 MAP GALAXY,alegab,UEFN,,1v1|practice|pvp|respawn,catalog
2026-09-26T21:04:32Z,2548-5349-4659,IL Real Life City 🏙️ RP ISRAEL,kka_maps,UEFN,,role playing|just for fun|pvp|stealth,catalog
2026-09-26T21:04:32Z,1744-2137-2923,Chill 1v1/Solo Build + ChillSound,amazz,UEFN,,1v1|battle|building|friendly,catalog
2026-09-26T21:04:32Z,7000-9754-5391,Duck E Cheeses Prop Hunt 👾,high.tech,UEFN,,minigame|party game|just for fun|prop hunt,catalog
2026-09-26T21:04:32Z,0148-5713-3876,THE PIT BRICK FFA 🧱,ausm,UEFN,LEGO,free for all|pvp|practice|respawn,catalog
2026-09-26T21:04:32Z,1862-9946-7921,(#2) Coral br - Far Beyond,tapwrench,FNC,,free for all|battle royale|atmospheric|gun fight,catalog
2026-09-26T21:04:32Z,9479-7349-3795,1V1 FFA IL,kka_maps,UEFN,,1v1|practice|pvp|free for all,catalog
2026-09-26T21:04:32Z,2898-7886-8847,CRAZY RED VS BLUE 🔴🔵,rvb,UEFN,,pvp|team deathmatch|just for fun|practice,catalog
2026-09-26T23:35:07Z,9931-6178-3110,Extreme Car Jump - CAR GAME,vehiclegame,UEFN,TMNT,deathrun|objective|exploration|creatures,head
2026-09-26T23:35:07Z,9005-4556-0976,SW RED VS BLUE 🔴🔵,stani777,UEFN,Star Wars,just for fun|pvp|team deathmatch|shooter,head
2026-09-26T23:35:07Z,4203-1394-4603,RED VS BLUE LOVELY RVB,gaxio,UEFN,,team deathmatch|free for all|gun game|competitive,head
2026-09-26T23:35:07Z,0542-7303-2714,ZONE WARS | CITY BATTLE 🏢,invincibletrex,FNC,,boxfight|free for all|pvp|strategy,head
2026-09-26T23:35:07Z,7363-0334-7641,RVB SUPER FUN ATMOSPHERE RVB,haxio,UEFN,,team deathmatch|free for all|gun game|competitive,head
2026-09-26T23:35:07Z,7561-7297-0675,Zero Build - THE PIT - Roodig,askani,FNC,,1v1|free for all|shooter,head
2026-09-26T23:35:07Z,6231-5775-3221,GAS STATION TYCOON [NEW],unkn0wncreator,UEFN,,simulator|tycoon|funny|economy,head
2026-09-26T23:35:07Z,7983-8528-1580,🎯 The New Mammoth 🔫,nagua,UEFN,,fighting|battle|pvp,head
2026-09-26T23:35:07Z,1584-7349-6875,🧱 FREE BUILD TRAINING PVP 🎯,lukazke,UEFN,,1v1|arena|competitive|gun fight,head
2026-09-26T23:35:07Z,4739-2575-3297,1v1 mapa,kopyto,UEFN,,1v1,head
2026-09-26T23:35:07Z,2588-7575-7947,My Bulding | بنائي,soo4,FNC,,1v1,head
2026-09-26T23:35:07Z,3994-6765-5051,🏆 Salty Zone Wars,paindepice,UEFN,,pvp|just for fun|fighting|zonewars,head
2026-09-26T23:35:07Z,3109-5774-6095,Webz 1V1,webzfn30,FNC,,1v1,head
2026-09-26T23:35:07Z,8226-8599-0417,REAV 1V1 BUILD FIGHTS (200 PUMPS),unreav,UEFN,,1v1|pvp|competitive|building,head
2026-09-26T23:35:07Z,2249-7347-9917,Cubo Azul,sebasv,FNC,,free for all|1v1,head
2026-09-26T23:35:07Z,9024-1264-9928,GRAND DRIVE V 🚗CAR GAME,sccpborges,UEFN,TMNT,race|minigame|just for fun|exploration,head
2026-09-26T23:35:07Z,7557-4149-2251,🌄DRIVE CITY TMNT,paolaside,UEFN,TMNT,race|driver simulator|just for fun|survival,head
2026-09-26T23:35:07Z,9321-8259-4811,Defend the Outpost (TowerDefence),0xvac,UEFN,,pve|survival|strategy|tower defense,head
2026-09-26T23:35:07Z,7653-8756-0160,SPRITE FFA - SPRITE & ALL GUNS,co85,UEFN,,just for fun|1v1|free for all|battle,head
2026-09-26T23:35:07Z,4172-2303-7801,CLIMB FOR TOYS 🧸,dzendor,UEFN,,deathrun|parkour|collection|fortnitemares,head
2026-09-26T23:35:07Z,0367-1731-2466,🔥 GIANT RAMP RACE,supercargame,UEFN,TMNT,deathrun|race|objective|exploration,head
2026-09-26T23:35:07Z,7695-5472-1674,OG SHADOW RP S2,wanted2k26,FNC,,survival|fighting,head
2026-09-26T23:35:07Z,9408-4854-8063,GUN GAME ARENA ⭐ 30 KILLS TO WIN ⭐,muko11,UEFN,,free for all|shooter|battle royale|just for fun,head
2026-09-26T23:35:07Z,9782-2643-5467,POPPY PLAYTIME NEW ESCAPE [HORROR],vadimostrouhov,UEFN,,survival horror|horror|party game|boss battle,head
2026-09-26T23:35:07Z,5244-5179-3553,Hunters VS Gorillas,xxryze,UEFN,,1v1|2v2|3v3|pvp,head
2026-09-26T23:35:07Z,7670-7970-0277,Secret Rooms [Qxseres],qxseresnew,UEFN,,action,head
2026-09-26T23:35:07Z,1477-9503-4726,Sky Box PvP,jipper,FNC,,training|survival|free for all|pvp,head
2026-09-26T23:35:07Z,3527-1732-1859,🧘 Zen Escape Room,sleepinrio,UEFN,,escape|minigame|strategy|party game,head
2026-09-26T23:35:07Z,2867-3782-9154,Estadio Bicentenario De La Florida,lmcompany,UEFN,,sports|funny|teams,head
2026-09-26T23:35:07Z,2932-6410-8902,Superpower Zone Wars,kingsepo,FNC,,zonewars|single player|classes|fighting,head
2026-09-26T23:35:07Z,5492-0413-0950,Million Quiz,fedegioz,UEFN,,trivia|party game|casual|skills,head
2026-09-26T23:35:07Z,9444-8425-3787,WILD WEST HIDE AND SEEK,onajneki,FNC,,teams|stealth|prop hunt|free for all,head
2026-09-26T23:35:07Z,8535-1651-0162,Simple 1vs1,miniknorzi,UEFN,,1v1|pvp|building,head
2026-09-26T23:35:07Z,3722-7925-1977,🎯Champion Piece Control,kajigamez,FNC,,free for all|boxfight|fighting|shooter,head
2026-09-26T23:35:07Z,2931-4861-8916,1V1 Build Fights (Versyy),versyyfn,FNC,,1v1|pvp|battle royale,head
2026-09-26T23:35:07Z,9651-2155-5205,wild wide west,tbdc,FNC,,free for all,head
2026-09-26T23:35:07Z,3523-7536-1779,rvzinfn6 freebuild gg,rvzinfn6,UEFN,,1v1,head
2026-09-26T23:35:07Z,3216-7424-0803,1V1V1V1 - OG,hxz-m,UEFN,,free for all|respawn|pvp|action,head
2026-09-26T23:35:07Z,7048-3166-1581,DEATHRUN EASY 395 LEVELS,lzprime1v5,UEFN,,deathrun|objective|strategy|parkour,head
2026-09-26T23:35:07Z,4667-2408-7680,🔴🔵CHAOTIC RED VS BLUE,dontplay,UEFN,Star Wars,creatures|team deathmatch|just for fun|competitive,head
2026-09-26T23:35:07Z,4509-2794-4861,حرب العساكر W  1v1v1,askoor,UEFN,,zonewars|free for all|1v1|just for fun,head
2026-09-26T23:35:07Z,5450-2640-9373,🌙 STEAL A BRAINROT - AT NIGHT,lowball,UEFN,,secrets|tycoon|casual|simulator,head
2026-09-26T23:35:07Z,7056-2300-0719,EXTREME DEATHRUN,bleriot,FNC,,deathrun|friendly|parkour|arcade,head
2026-09-26T23:35:07Z,3344-1375-6975,EYES [HORROR],rezzm,UEFN,,horror|survival horror|escape|first person,head
2026-09-26T23:35:07Z,3707-1267-1056,LANNAQ 1v1 BUILD FIGHTS (200 PUMP),lannaq,UEFN,,1v1|competitive|practice|building,head
2026-09-26T23:35:07Z,4485-1252-8791,BZM_1V1,bzm1,UEFN,,1v1,head
2026-09-26T23:35:07Z,2998-0131-5900,Boat Wars,velascoo,UEFN,,pvp|battle royale|survival|just for fun,head
2026-09-26T23:35:07Z,4544-7649-0888,1v1v1 SKINS +100,veracruz,UEFN,Star Wars,just for fun|1v1|zonewars|building,head
2026-09-26T23:35:07Z,3615-3067-2648,⚡ MERCURY NIGHT 1V1,markerfnc,FNC,,1v1|practice|free for all|training,head
2026-09-26T23:35:07Z,0165-6620-8726,👑Naxi RP💎,zetwazz-770,FNC,,role playing,head
2026-09-26T23:35:07Z,2305-9734-4404,SUPER MALL 🛍️ PROP HUNT,googman,UEFN,,prop hunt|minigame|party game|just for fun,head
2026-09-26T23:35:07Z,5023-3783-7171,Mego 1v1,megofn,FNC,,1v1|building|fighting,head
2026-09-26T23:35:07Z,0211-7071-2439,Mashed Town,sdrawkcab,FNC,,1v1|battle royale|free for all,head
2026-09-26T23:35:07Z,0434-3299-2242,CLIMB THE COLOR DIFFICULTY! (Parkour),tri-x,FNC,,difficulty: very hard|deathrun|parkour,head
2026-09-26T23:35:07Z,9799-2245-0415,TeamZelix 1v1 Buildfights (200 Pump),ykfinn,FNC,,1v1,head
2026-09-26T23:35:07Z,2147-9698-1076,BONNIE FISHSTICK PILLARS PILLERS PILARS,gustavalibabs,UEFN,,free for all|party game|minigame|just for fun,head
2026-09-26T23:35:07Z,5198-2099-8948,FANEK 1V1 BUILD FIGHT!,fanek,UEFN,,1v1,head
2026-09-26T23:35:07Z,3437-0718-7518,WORLD 2 ... (Bêta),tnoorsgames,FNC,,friendly,head
2026-09-27T01:47:24Z,9378-1122-8019,Festival de invierno 2024 s2,player07947916yt,FNC,,action,head
2026-09-27T01:47:24Z,8877-5967-0317,Tilted towers royale,dobberthe,UEFN,,action|arena|battle|battle royale,head
2026-09-27T01:47:24Z,8718-6858-9808,11 Level Impossible Deathrun,finitecactus,UEFN,,deathrun|difficulty: impossible|parkour|just for fun,head
2026-09-27T01:47:24Z,2943-5725-7261,DRIVE ON THE SUPER RAMP - CAR GAME,fogao,UEFN,SQUID GAME,race|objective|exploration|creatures,head
2026-09-27T01:47:24Z,5394-0379-7423,Matix 1v1,omatix,UEFN,,1v1,head
2026-09-27T01:47:24Z,1378-6227-3843,🔴🔵 RED VS BLUE CHILL MODE,34dirtbike,UEFN,,just for fun|action|pvp|team deathmatch,head
2026-09-27T01:47:24Z,5693-9006-5613,SUPER MODE 🔴🔵 RED VS BLUE,crmyiokb,UEFN,,team deathmatch|gun game|competitive|action,head
2026-09-27T01:47:24Z,3624-1236-3048,SUPER RAMP CRAZY - CAR GAME,jackryan10,UEFN,SQUID GAME,race|objective|exploration|creatures,head
2026-09-27T01:47:24Z,5195-3650-9649,RVB RED VS BLUE CRAZY,jeao_den,UEFN,,free for all|pvp|team deathmatch|practice,head
2026-09-27T01:47:24Z,5481-1031-9538,SYRNX coaching HUB,syrnx,FNC,,arcade,head
2026-09-27T01:47:24Z,7553-3263-8361,WW2　(海)せいさくじかん6じかん,yosshi_xd,FNC,,gun game|squad|attack|free for all,head
2026-09-27T01:47:24Z,6345-7070-2095,The banana pit free for all,blueshorts500,UEFN,,action|building|free for all,head
2026-09-27T01:47:24Z,9223-7531-5758,Sniper/Runner (Prison),hsnx,UEFN,,runner,head
2026-09-27T01:47:24Z,1776-4205-5318,بوكس فايت بروست حراق,kkiivv1,FNC,,shooter,head
2026-09-27T01:47:24Z,5187-7763-6146,1V1 DTO,mehdidto,UEFN,,1v1,head
2026-09-27T01:47:24Z,6225-8292-7094,Colora rp,knowxy,UEFN,,educational,head
2026-09-27T01:47:24Z,1820-2908-9703,HYPER TILTED ONE SHOT [🎃],utilized,FNC,,fighting|one shot|practice|free for all,head
2026-09-27T01:47:24Z,9983-7967-2407,Wix 1v1 build fights,rainyboy,FNC,,1v1,head
2026-09-27T01:47:24Z,4925-8321-4497,SUPER DRIVE RACE - CAR GAME,jamesmark10,UEFN,SQUID GAME,race|objective|just for fun|open world,head
2026-09-27T01:47:24Z,9172-5898-1041,باركور النبض Pulse mid rnu l,50has,FNC,,classes,head
2026-09-27T01:47:24Z,9674-0366-1629,DIG FOR EGG,m2e.french,UEFN,,tycoon|casual|simulator|just for fun,head
2026-09-27T01:47:24Z,0200-6675-7524,Matix Training (Practice Map),omatix,UEFN,,training|competitive|practice,head
2026-09-27T01:47:24Z,5131-4939-0143,Dead By Nite,deadblox,FNC,,minigame|horror|survival horror|party game,head
2026-09-27T01:47:24Z,0732-8996-9071,Fort Seas,outlawz,UEFN,,exploration|co-op|boss battle|fighting,head
2026-09-27T01:47:24Z,7389-4497-5359,SUPER CARS - CAR GAME,murilorios,UEFN,SQUID GAME,race|objective|just for fun|open world,head
2026-09-27T01:47:24Z,9443-3366-3035,Time Theft,brawndo,UEFN,,pvp|free for all|respawn|practice,head
2026-09-27T01:47:24Z,2876-5474-6727,SPEED ZONE - CAR GAME,falaxo2,UEFN,SQUID GAME,race|objective|exploration|open world,head
2026-09-27T01:47:24Z,5395-5012-7445,DUO VOICE 🎙️,6x6,UEFN,,role playing|funny|duo|friendly,head
2026-09-27T01:47:24Z,5929-8677-9979,HARD DEATHRUN - MICH REMAKE TEAM CROUTON,smizox_off,UEFN,,deathrun|parkour|difficulty: ultra hard|just for fun,head
2026-09-27T01:47:24Z,8300-5394-7748,FFA DIVERSAO COM ARMAS EM MUNDO ABERTO,ggse,UEFN,,shooter|open world|just for fun|casual,head
2026-09-27T01:47:24Z,7688-7091-1670,1V1V1 🎯 BUILDS PVP FFA,dylzaah,UEFN,,1v1|zonewars|pvp|practice,head
2026-09-27T01:47:24Z,8132-0672-5777,CRAZY ULTRA ROJO RED VS BLUE RVB,kaxio,UEFN,,team deathmatch|free for all|gun game|competitive,head
2026-09-27T01:47:24Z,8583-4997-7162,1v1 Build Fight [Michael Jackson],aisoka,UEFN,,shooter|1v1|practice|music,head
2026-09-27T01:47:24Z,3026-9194-4061,SNYN Red & Blue,snyn,FNC,,3v3|arena|battle royale,head
2026-09-27T01:47:24Z,4254-3587-6556,The Seven's Artic Base,vssyvmto,FNC,,role playing|just for fun,head
2026-09-27T01:47:24Z,3592-0182-2935,🔧ULTRA CARS CITY NEW 🚗 CAR GAMES RAMP,paolaside,UEFN,The Walking Dead Universe,race|just for fun|driver simulator|survival,head
2026-09-27T01:47:24Z,1315-3205-2270,1v1 Build Fight ( pedrotorresss ),pedrotorresss,UEFN,,1v1,head
2026-09-27T01:47:24Z,8596-5920-2251,MORIOSCRIMSRELOAD,59_aura,UEFN,,action|fighting|zonewars,head
2026-09-27T01:47:24Z,5509-0612-7206,PISTOL MIDAS’ 🎯 ONE SHOT MUSIC 🎵,itachiifn,UEFN,KPop Demon Hunters,music|pvp|just for fun|funny,head
2026-09-27T07:12:11Z,9542-9865-9536,例のダンスマップ！,count.oia,UEFN,,just for fun|single player|trios|educational,head
2026-09-27T07:12:11Z,7593-2535-9888,🚗Terminal Runway Drive🚗,racemaps,UEFN,KPop Demon Hunters,free for all|race|open world|fighting,head
2026-09-27T07:12:11Z,9048-3017-3467,Edit Wars FN🏆,zielony,UEFN,,attack|strategy|pvp,head
2026-09-27T07:12:11Z,9100-2805-8260,SG PILLARS,senoresgeek,UEFN,,free for all,head
2026-09-27T07:12:11Z,7640-7884-2262,DROPPER RAINBOW REMAKE MICH TEAM CROUTON,cayrox,FNC,,deathrun|platformer|just for fun|friendly,head
2026-09-27T07:12:11Z,9965-7875-9429,Turbo Mech Clash 🏎️🐥,sakuko,UEFN,,driver simulator|race|open world|minigame,head
2026-09-27T07:12:11Z,5098-3005-3094,DEAD Bl0X's 1v1 Map!,deadblox,FNC,,1v1|building|shooter|strategy,head
2026-09-27T07:12:11Z,0117-6406-3371,SUPER ROAD BATTLE - CAR GAME,vehiclegame,UEFN,TMNT,race|objective|just for fun|open world,head
2026-09-27T07:12:11Z,4151-5133-0453,Late Night Drifters🛞💨,isoary,FNC,,driver simulator|adventure|open world|survival,head
2026-09-27T07:12:11Z,3449-6555-6903,fight on a boat,chitobit64,UEFN,,1v1|action|battle,head
2026-09-27T07:12:11Z,8425-5124-4358,Rocket Lapsed Remix - Alpha,valleydweller,UEFN,,timed,head
2026-09-27T07:12:11Z,7373-8672-4278,The Wicked Warzone Red vs Blue 🎲,refinedrook2873,UEFN,,practice|party game|teams|battle,head
2026-09-27T07:12:11Z,9214-5214-6380,Reckless Crimson Arena: Red vs Blue 🏆,glrr,UEFN,,just for fun|pvp|team deathmatch|teams,head
2026-09-27T07:12:11Z,6938-2513-9648,Dino Dash Rally,ryuronin,UEFN,,driver simulator|race|open world|minigame,head
2026-09-27T07:12:11Z,6101-0929-7493,SUPER CAR GAME,lucasmaciel,UEFN,TMNT,race|driver simulator|moba|just for fun,head
2026-09-27T07:12:11Z,7725-6172-9141,Horror rp,willowplayz,FNC,,atmospheric|fortnitemares|role playing|horror,head
2026-09-27T07:12:11Z,6177-5786-7717,Zirko's 15 Trials of DOOM,zirko99,FNC,,deathrun|single player|casual,head
2026-09-27T07:12:11Z,3985-8493-4945,باركور 18 لفل,nflm,FNC,,parkour,head
2026-09-27T07:12:11Z,7164-0958-5803,DREAM RED VS BLUE 🔴🔵,falboss,UEFN,,team deathmatch|pvp|just for fun|gun game,head
2026-09-27T07:12:11Z,2888-4493-2529,ZOMBIE GAME - BATTLE AGAINST THE ZOMBIES,falaxo2,UEFN,The Walking Dead Universe,survival|creatures|objective|exploration,head
2026-09-27T07:12:11Z,5622-6932-3714,🌴 DRIVE CITY ADVENTURE TMNT,matzepro,UEFN,TMNT,just for fun|race|funny|skills,head
2026-09-27T07:12:11Z,7427-9618-3736,🔫FENCNG FIELDS GUN GAME🎯ONE SHOT (FFA),skvv,UEFN,,one shot|shooter|free for all|just for fun,head
2026-09-27T07:12:11Z,6213-4545-0802,🌄DRIVE CITY  2026,lucasmaciel,UEFN,Star Wars,race|driver simulator|just for fun|survival,head
2026-09-27T07:12:11Z,9441-8998-0923,Neon Peak Rush 🏎️,hikaroo,UEFN,,driver simulator|race|open world|minigame,head
2026-09-27T07:12:11Z,3874-3462-1071,Darkaroo Pillars,darkaroo,FNC,,battle royale,head
2026-09-27T07:12:11Z,4282-4247-2066,Extremely difficult death run,shuuta,FNC,,deathrun,head
2026-09-27T07:12:11Z,4849-8344-1192,🔧ULTRA CARS CITY NEW 🚗 CAR GAMES RAMP,lucasmaciel,UEFN,The Walking Dead Universe,objective|just for fun|race|survival horror,head
2026-09-27T07:12:11Z,2601-8545-5465,Neon Drift 🍌🏎️,hanachan,UEFN,,driver simulator|race|open world|minigame,head
2026-09-27T07:12:11Z,3016-2350-0935,DRIVE SUPER CARS - CAR GAME,mamao,UEFN,SQUID GAME,race|objective|exploration|open world,head
2026-09-27T07:12:11Z,4949-6462-7647,Patito RandomLoot (BR),srmeliodas,FNC,,battle royale|building|free for all,head
2026-09-27T07:12:11Z,1700-7009-3824,Magic Escape,nj_deuce,UEFN,,escape|puzzle|strategy,head
2026-09-27T07:12:11Z,8674-4441-8604,Turbo Cat Chaos Run 😺🏎️,coin-xp-steal,UEFN,,driver simulator|race|open world|minigame,head
2026-09-27T07:12:11Z,7285-0154-5639,UPGRADE BOX PVP 2.0,buzzmaps,UEFN,,free for all|competitive|building|practice,head
2026-09-27T07:12:11Z,9094-4093-1713,1v1 Lag Simulator 🎯,kc1rt,UEFN,,1v1|training|competitive|just for fun,head
2026-09-27T07:12:11Z,6469-1085-5869,Car Game: Ramp Adventure,jamesrobo,UEFN,SQUID GAME,race|objective|just for fun|open world,head
2026-09-27T07:12:11Z,5680-8622-0769,zyntrox17 1vs1 1.0.0,zyntrox17,FNC,,1v1,head
2026-09-27T07:12:11Z,8942-9813-8905,Rodent Rampage Boss Battle,fn360,UEFN,,driver simulator|race|open world|minigame,head
2026-09-27T07:12:11Z,2214-4584-0968,CAR GAME - MEGA STUNTS,noahplay,UEFN,SQUID GAME,race|objective|exploration|open world,head
2026-09-27T07:12:11Z,4639-0115-8749,🔄 Reload Solo Scrims | 7777 🏆,r.r,UEFN,,arena|free for all|training|respawn,head
2026-09-27T07:12:11Z,9742-9005-2483,DEATHRUN EASY 414 LEVELS,lzprime1v5,UEFN,,deathrun|strategy|skills|parkour,head
2026-09-27T07:12:11Z,0732-9552-7064,💨 SUPER FLYING CAR - CAR GAME,michaelnoah,UEFN,SQUID GAME,race|objective|exploration|creatures,head
2026-09-27T07:12:11Z,1789-1228-5374,BOX FIGHT FFA 4 PLAYERS 2V2 REALISTIC,ewbogdyy,FNC,,2v2,head
2026-09-27T07:12:11Z,7575-2102-3263,Ball Vs Walls,kabrastudios,UEFN,,simulator|casual|just for fun|adventure,head
2026-09-27T07:12:11Z,1446-9687-1747,LEGENDS OF SPEED - CAR GAME,miausculo,UEFN,SQUID GAME,race|deathrun|just for fun|open world,head
2026-09-27T07:12:11Z,3926-6883-7119,One night at John's house and friends,ronisius,FNC,,patchwork|survival horror|artistic,head
2026-09-27T07:12:11Z,8554-3772-6920,HARD PARKOUR 4367 DEATHRUN باركور,rodnei,UEFN,,deathrun|parkour|just for fun|difficulty: hard,head
2026-09-27T07:12:11Z,6288-4575-5381,Car Game: Frenetic Racing,midasgolds,UEFN,SQUID GAME,race|objective|exploration|creatures,head
2026-09-27T07:12:11Z,0564-5579-9439,Vakzu 1v1 buildfights,scythewtwonall,FNC,,action|building|free for all|fighting,head
2026-09-27T07:12:11Z,1635-0424-2728,MEGA BATTLE RED VS BLUE 🔴🔵,sthypc,UEFN,,action|team deathmatch|pvp|just for fun,head
2026-09-27T07:12:11Z,3488-4310-2809,The Hood REMASTERED (copy),nunya6996,UEFN,The Walking Dead Universe,free for all,head
2026-09-27T07:12:11Z,4450-7259-7688,PRIME RED VS BLUE 🔴🔵,stinngray,UEFN,,funny|1v1|team deathmatch|shooter,head
2026-09-27T07:12:11Z,7683-9528-7281,RedVsBlue_V2,mascottedreams,UEFN,,team deathmatch|shooter|battle|arena,head
2026-09-27T07:12:11Z,0479-6931-0966,DEATHRUN EASY 344 LEVELS,lzprime1v5,UEFN,,deathrun|strategy|parkour|skills,head
2026-09-27T07:12:11Z,9188-1345-6568,Mobile Zerobuild FFA (Versyy),versyyfn,FNC,,arena|free for all|pvp,head
2026-09-27T07:12:11Z,6670-9338-2021,GRASSFIGHT🌱,babrix,UEFN,,building|free for all|funny|minigame,head
2026-09-27T07:12:11Z,2994-5400-0845,Horror Battlers,rinellasky,UEFN,,battle royale|horror,head
2026-09-27T07:12:11Z,6023-7364-7007,Archery [WIP],shadyhorizon,UEFN,,aim course|arcade|minigame|shooter,head
2026-09-27T07:12:11Z,9620-9558-0092,HARD PARKOUR ⭐ X67X DEATHRUN باركور,hrkurdish,UEFN,,parkour|deathrun|difficulty: hard|difficulty: impossible,head
2026-09-27T07:12:11Z,6927-8513-4882,MWA6N 1v1 Build fight,mw6n,UEFN,,1v1|pvp|building,head
2026-09-27T13:08:52Z,5719-1410-7250,QMKY pro zone wars,qmky01,FNC,,zonewars,head
2026-09-27T13:08:52Z,1136-9734-6699,❄️fy_snow❄️,makrov,UEFN,,first person|pvp|casual|5v5,head
2026-09-27T13:08:52Z,5937-5719-5896,GAMERDRAGOON ALLGUNS TRYHARD,wlmaps,UEFN,,1v1|pvp|free for all|just for fun,head
2026-09-27T13:08:52Z,0121-4106-8829,🥇🏆🇵🇸 Scrims Palestine 🇵🇸🏆🥇,er9axel,UEFN,,battle|arena|competitive|zonewars,head
2026-09-27T13:08:52Z,7970-6884-3886,1vs1 (by mellowwave),melowav,UEFN,,1v1|battle|attack|arena,head
2026-09-27T13:08:52Z,7556-5059-6854,⭐GUN GAME KPOP🔥FFA SHOOTER,kyojur,UEFN,KPop Demon Hunters,shooter|one shot|practice|pvp,head
2026-09-27T13:08:52Z,3402-1906-3985,Last Light: Horde Survival,doisvalmir2,UEFN,,co-op|horror|creatures|defend,head
2026-09-27T13:08:52Z,7781-7100-2341,🌄WALKERS CITY,hamodgames,UEFN,The Walking Dead Universe,survival horror|horror|creatures|pve,head
2026-09-27T13:08:52Z,5242-9337-1550,Goulag de la résidence,chris59,FNC,,1v1|shooter|2v2|battle,head
2026-09-27T13:08:52Z,3200-7081-5847,Shin Sekai : Deadlands,yuju,FNC,,pve|co-op|survival,head
2026-09-27T13:08:52Z,9602-5678-4415,PREISTOTIC ROBOT ALIGATOR ALLGUNS,wlsiix,UEFN,,1v1|pvp|just for fun|free for all,head
2026-09-27T13:08:52Z,6652-1691-6627,YSN7 Impossible Parkour 💪😎,y7world,FNC,,difficulty: ultra hard|free for all|parkour|just for fun,head
2026-09-27T13:08:52Z,1116-7015-1703,BATTLE FFA MUNDO ABERTO,jejin,UEFN,,shooter|battle|open world|just for fun,head
2026-09-27T13:08:52Z,4914-4174-4796,GUN GAME CITY,vadimostrouhov,UEFN,,adventure|rpg|just for fun|free for all,head
2026-09-27T13:08:52Z,8541-4281-9174,MICH' DEATHRUN THE FLOOR IS WATER REMAKE,godwest,FNC,,deathrun|parkour|just for fun,head
2026-09-27T13:08:52Z,9722-1761-9922,COLOSSUS FIRE ALLGUNS FLAMEEES,wlsiix,UEFN,,1v1|pvp|free for all|just for fun,head
2026-09-27T13:08:52Z,0861-7885-2707,FFA338,teamabm,UEFN,,survival|shooter|adventure|just for fun,head
2026-09-27T13:08:52Z,6977-8647-3887,DIVERSAO EM FREE FOR ALL,teamabm,UEFN,,shooter|just for fun|practice|casual,head
2026-09-27T13:08:52Z,5162-2993-6912,+1 LOOT TO FORGE,bobbystudios,UEFN,,simulator|just for fun|casual|tycoon,head
2026-09-27T13:08:52Z,2856-8406-4006,FreeBuild Map Practice,atlxnta,UEFN,,practice|pvp|1v1|building,head
2026-09-27T13:08:52Z,7939-9590-6877,Fight on a blaseplate,tnoorsgames,FNC,,arena|attack|fighting,head
2026-09-27T13:08:52Z,3255-9614-4957,mundo aberto com armas,teamabm,UEFN,,roguelike|race|open world|just for fun,head
2026-09-27T13:08:52Z,9013-9419-3032,Foodie Tycoon,notshanebennett,UEFN,,tycoon|simulator|casual|just for fun,head
2026-09-27T13:08:52Z,9558-6339-0516,🎯 AIM PRACTICE - TRAINING,by.ilusion,UEFN,,practice|aim course,head
2026-09-27T13:08:52Z,1197-0153-3802,Kebab Vs Shawarma,death987,UEFN,,action|gun game,head
2026-09-27T13:08:52Z,0127-0727-4800,STEPPO1V1BUILDFIGHT,steppo,UEFN,,1v1,head
2026-09-27T13:08:52Z,1819-4248-2848,🎯SNIPER SHARK 💥,codeh,UEFN,,free for all|one shot|pvp|sniper,head
2026-09-27T13:08:52Z,2203-8995-8989,Farm Friends: Grow Together,ghostvin47,UEFN,,peaceful|friendly|co-op,head
2026-09-27T13:08:52Z,9221-7921-8172,REARGUARD RUN,saneatsu,UEFN,,practice,head
2026-09-27T13:08:52Z,1987-3022-3755,Detector 1v1,detectorgoty,UEFN,,1v1|atmospheric|pvp|melee,head
2026-09-27T13:08:52Z,2845-5707-9868,باركور السعودية (3066),dyn3,FNC,,parkour,head
2026-09-27T13:08:52Z,3727-0725-7608,X-damage,oggamerhacks,FNC,,team deathmatch,head
2026-09-27T13:08:52Z,8414-7292-4070,RED VS BLUE 🔴🔵FIGHTING AGAINST 1.5,donald67,UEFN,,team deathmatch|fighting|series|pvp,head
2026-09-27T13:08:52Z,7175-2642-7479,IQ Cat Escape Room,bmast,UEFN,,puzzle|memes|minigame|escape,head
2026-09-27T13:08:52Z,1464-8704-2054,SUPER MASTER RED VS BLUE 🔴🔵,zylo05,UEFN,,team deathmatch|competitive|strategy|just for fun,head
2026-09-27T13:08:52Z,9993-3556-5118,AJX9 1v1,ajx9,FNC,,1v1|arena|battle|building,head
2026-09-27T13:08:52Z,8550-7463-4158,GLITCH CROWN: SKY GUN GAME,polymorph,UEFN,,gun game|free for all|arena|competitive,head
2026-09-27T13:08:52Z,8860-3122-1670,Loopy 1v1 Build Fights (200 Pumps),loopyfn,UEFN,,1v1|building|practice|pvp,head
2026-09-27T13:08:52Z,8177-3028-8148,Neo Tilted Wars,firlow,FNC,,zonewars|free for all|battle|battle royale,head
2026-09-27T13:08:52Z,8487-4406-3647,SCRIMS FRANCE,nova56,FNC,,zonewars|competitive|battle,head
2026-09-27T13:08:52Z,4147-6545-3940,STAR RP BACK 🌆,bxb5-0-4,UEFN,,role playing,head
2026-09-27T13:08:52Z,0732-2246-1650,1v1 builds,luzakfn,FNC,,1v1|runner|building|attack,head
2026-09-27T13:08:52Z,8300-0498-5499,WM DEATHTRUN,warrezzed,FNC,,deathrun,head
2026-09-27T13:08:52Z,2081-4949-6389,TODOS CONTRA TODOS,roxass,FNC,,free for all|shooter|action|respawn,head
2026-09-27T13:08:52Z,1048-7355-7481,INFINITE BOXFIGHT,came_llino,FNC,,boxfight,head
2026-09-27T13:08:52Z,3600-4840-9938,Vice Drive,rocketracingmaps,UEFN,The Walking Dead Universe,driver simulator|role playing|race|shooter,head
2026-09-27T13:08:52Z,9210-9148-5368,🏝 Nocturia Palace,stormiz,FNC,,friendly,head
2026-09-27T13:08:52Z,8541-9974-2452,"1v1 o, freebuild",optimussprite0,FNC,,1v1,head
2026-09-27T13:08:52Z,4440-9833-7412,sky Island,g.g.f,UEFN,FALL GUYS,adventure|difficulty: easy|free for all,head
2026-09-27T13:08:52Z,2212-3220-9681,1v1v1v1　boxfight　oldstyle,mr.dondrma,FNC,,1v1|pvp|gun fight|boxfight,head
2026-09-27T13:08:52Z,2537-4245-3298,CEO TYCOON 💼,vtxzaki,UEFN,,minigame|simulator|economy,head
2026-09-27T13:08:52Z,1136-4178-2183,BBR 1V1 MAP,bbr18,UEFN,,1v1|building|fighting|just for fun,head
2026-09-27T13:08:52Z,7274-0460-2618,ESCAPE BARRY BOSS👮BOSS EVENTS RVB⚔️,voldyss,UEFN,Star Wars,survival|just for fun|boss battle|free for all,head
2026-09-27T13:08:52Z,6790-1632-9374,Harrowville House Gun Game,xxscathexx,UEFN,,gun game|free for all|respawn|solo,head
2026-09-27T13:08:52Z,0862-2425-8329,Best 1v1 Build Fight [Thejuante],thejuante,UEFN,,1v1|shooter|practice|competitive,head
2026-09-27T13:08:52Z,1642-6821-4877,SUPER TEAM RUMBLE,mon7,UEFN,,just for fun|pvp|free for all|practice,head
2026-09-27T13:08:52Z,1595-6787-0757,3x3 box fight,pigeon0,UEFN,,boxfight|battle|building,head
2026-09-27T13:08:52Z,7125-2135-4733,NEO-VERIDIA RP (Béta),monsteroiseaux,UEFN,,role playing,head
2026-09-27T13:08:52Z,8627-0041-3931,boxs pvp,kikou4480,FNC,,free for all|boxfight|rounds,head
2026-09-27T13:08:52Z,0795-3842-4636,PhantomKiller | 1v1,phantomkiller,FNC,,1v1,head
2026-09-27T13:08:52Z,1448-2274-5081,One Shot Bank,oudgold,FNC,,fighting|battle|minigame|one shot,head
2026-09-27T13:08:52Z,6974-0084-7805,RAINBOW DROPPER 2.0,cayrox,FNC,,deathrun|platformer|friendly|just for fun,head
2026-09-27T13:08:52Z,7399-7858-5505,RANKED BOX FIGHTS/ BUILD PRACTICE,smiledcrane,UEFN,,1v1|building|boxfight,head
2026-09-27T13:08:52Z,1623-5364-8194,Dino Dash Mayhem 🦖,kuraima,UEFN,,driver simulator|race|open world|minigame,head
2026-09-27T13:08:52Z,0685-3267-4506,1v1  box fight lootix,j91z,FNC,,boxfight|1v1|funny|horror,head
2026-09-27T13:08:52Z,7981-3247-1693,Neon Lanes Bowling,shadyhorizon,UEFN,,casual|party game|sports|minigame,head
2026-09-27T13:08:52Z,2338-7757-5082,Hard deathrun the floor is lava 3,natshos,FNC,,difficulty: hard|deathrun|just for fun|parkour,head
2026-09-27T13:08:52Z,9035-6208-4281,Parkour hard j91z,j91z,FNC,,parkour|free for all|just for fun|king of the hill,head
2026-09-27T13:08:52Z,9496-1796-7527,box🥊,jonesoff,UEFN,,boxfight|battle|minigame|attack,head
2026-09-27T13:08:52Z,2402-4599-5447,uwu237y5327853erhgrthgjk,notenough1,UEFN,,base building|crafting|creatures|difficulty: medium,head
2026-09-27T13:08:52Z,2713-3632-9328,i got something on my mind,getintheway,UEFN,,battle|driver simulator|difficulty: medium|3v3,head
2026-09-27T13:08:52Z,8711-1362-7549,i got pand with my fgirend,howtodoit,UEFN,,base|2v2|card game|difficulty: medium,head
2026-09-27T13:08:52Z,3751-7667-1208,pando machine war,bbsaimon,UEFN,,capture the flag|1v1|creatures|4v4,head
2026-09-27T13:08:52Z,8542-7050-2517,Apex Smash Run 🏎️,yukiki,UEFN,,driver simulator|race|open world|minigame,head
2026-09-27T13:08:52Z,5249-3021-2517,top rated like 2025,ergrhhte,UEFN,,building|difficulty: medium|economy|difficulty: very hard,head
2026-09-27T13:08:52Z,0348-3126-5697,H2ZEK BY 1V1,h2zek,UEFN,,1v1,head
2026-09-27T13:08:52Z,7369-6997-1949,1v1 LTR,syrexx-ytb,FNC,,1v1,head
2026-09-27T13:08:52Z,6153-6801-5060,MOLT 🍄 Hatch & Collect,creative-games,UEFN,,tycoon|role playing|economy|creatures,head
2026-09-27T13:08:52Z,7145-0351-0668,👑 Monkey IQ Escape Room 👑,rtdox,UEFN,,escape|parkour|strategy|platformer,head
2026-09-27T13:08:52Z,2888-9683-5561,バトルロイヤルBattle Royaleおりじなる,rxloel,FNC,,one life,head
2026-09-27T13:08:52Z,4232-5724-5889,+1 STEAL NIGHT BRAINROT TO SURVIVE,brainrot67,UEFN,,casual|simulator|tycoon|just for fun,head
2026-09-27T13:08:52Z,6284-7773-6293,Dusty Depot 5v5 Buildfights,rochinski,FNC,,5v5|pvp|shooter|building,head
2026-09-27T13:08:52Z,7982-6348-7932,Number Game,aktivegg,UEFN,,escape|funny|party game|minigame,head
2026-09-27T13:08:52Z,6608-8015-7718,7718 ريـڤـن Parkour,byu,FNC,,parkour|race|party game|1v1,head
2026-09-27T13:08:52Z,5206-7381-6935,"PARTY ROYAL VEGA 1,",i.7,UEFN,,music|battle royale|ad|simulator,head
2026-09-27T13:08:52Z,2613-3662-3420,🎅 CHRISTMAS GUN GAME 🎄,axen4,UEFN,,gun game|just for fun|open world|respawn,head
2026-09-27T13:08:52Z,0598-0962-5094,Unfair 1v1,unveroleone,UEFN,,1v1|fighting,head
2026-09-27T13:08:52Z,7231-5872-7729,MECHANICS TRAINING PODASAI 🎯,podasai,UEFN,,strategy|solo|parkour,head
2026-09-27T13:08:52Z,5168-8648-2991,GXB 1V1 BUILD FIGHTS ALL 200 GUNS,gxbfn,UEFN,,1v1|practice|building|competitive,head
2026-09-27T13:08:52Z,6432-1400-4208,🌆 - SHADOW VIBES RP -  🌆,bxb5-0-4,UEFN,,simulator,head
2026-09-27T13:08:52Z,3359-5983-4858,1 vs 1 / Moon Edition / Mr. Villager,mr_villager,FNC,,1v1|atmospheric|artistic|fighting,head
2026-09-27T13:08:52Z,3208-4394-4632,Oops! No Floor,whiterino59,UEFN,,party game,head
2026-09-27T13:08:52Z,1974-9744-4019,Build A Restaurant,funvil,UEFN,,tycoon|casual|just for fun|building,head
2026-09-27T13:08:52Z,5010-0917-5517,RELOAD FNG 1V1V1V1V1V1,fnguigui,UEFN,,free for all|battle|pvp|1v1,head
2026-09-27T13:08:52Z,1686-3685-5239,GUN GAME TOUJOURS 1 TROIS DANS 1 QUATRE,kyojuro,UEFN,,shooter|one shot|practice|pvp,head
2026-09-27T13:08:52Z,3870-2410-0614,INSANE 1V1V1V1,nedjmo,UEFN,,1v1,head
2026-09-27T13:08:52Z,8750-0615-4779,BRINROT ANIMADO PELO MUNDO ABERTO,borgestt,UEFN,,open world|tycoon,head
2026-09-27T13:08:52Z,2139-4753-3710,GRANDES  ESTRADAS COM CARROS CUSTOM,borgestt,UEFN,,friendly|casual|driver simulator|just for fun,head
2026-09-27T13:08:52Z,0227-2217-1754,GRAND V5 & V7 DRIVING,vichoo1,UEFN,,free for all|building|just for fun|shooter,head
2026-09-27T13:08:52Z,9379-0328-1070,SHIFTLOCK,shiftlock,FNC,,6v6|competitive|pvp|respawn,head
2026-09-27T13:08:52Z,0466-2135-3365,VEXIA RP,lmn_rize,FNC,,role playing|simulator|open world|funny,head
2026-09-27T13:08:52Z,0523-3459-2480,1V4 build volcan,briceket,UEFN,,1v1|fighting|free for all|escape,head
2026-09-27T13:08:52Z,1083-4825-6914,SUPER PILLARS PILERS,r_e_z_e,UEFN,,pvp|just for fun|funny|minigame,head
2026-09-27T13:08:52Z,4088-6524-4149,🏝️・Mayork Rp back,slay9,UEFN,,funny,head
2026-09-27T13:08:52Z,2356-5942-1627,zerko 1v1,zerko_off,FNC,,1v1|attack,head
2026-09-27T17:50:04Z,4660-6449-0910,ZOMBIE GAME - ENDLESS ZOMBIE,vehiclegame,UEFN,The Walking Dead Universe,survival|creatures|objective|exploration,head
2026-09-27T17:50:04Z,9554-8661-7754,RED VS BLUE MOMSY,runner2,UEFN,,just for fun|free for all|action|team deathmatch,head
2026-09-27T17:50:04Z,2721-7575-4476,GUNGAME MEGA COOL GUNS,pahanokrat,UEFN,,horror|survival horror|survival|pve,head
2026-09-27T17:50:04Z,5394-6537-9154,RED vs BLUE This Got Out of Control!,armando23,UEFN,,just for fun|free for all|action|team deathmatch,head
2026-09-27T17:50:04Z,0916-5049-8939,RED VS BLUE CLASSIC RVB,pnym,UEFN,,team deathmatch|just for fun|action|shooter,head
2026-09-27T17:50:04Z,1454-4911-6508,GREEN TDM FUN,styx4131,FNC,,team deathmatch|action|attack|teams,head
2026-09-27T17:50:04Z,7495-7102-2322,1V1 FAMILLY84100 BUILD FIGHT (200 PUMPS),familly84100,FNC,,1v1|battle royale|prop|rounds,head
2026-09-27T17:50:04Z,8323-4678-8051,Destruction zombie invasion,lilman50,FNC,,2d,head
2026-09-27T17:50:04Z,4643-5080-1319,TOUCH GRASS!,lazysloth,FNC,,arena|fighting|king of the hill|zonewars,head
2026-09-27T17:50:04Z,5052-2920-5389,2V2V2V2 zone wars lootix,j91z,FNC,,4v4|1v1|2v2|3v3,head
2026-09-27T17:50:04Z,4828-6396-8932,RED vs BLUE — No Mercy Allowed!,fantum23,UEFN,,just for fun|free for all|action|team deathmatch,head
2026-09-27T17:50:04Z,0883-6922-8218,BOX 5PP,5pp,FNC,,boxfight|2v2|3v3|4v4,head
2026-09-27T17:50:04Z,3328-1609-1518,⭐ BRAINROT FACTORY 🧠 BUILD YOUR TOWERS,itachiifn,UEFN,Star Wars,tycoon|minigame|simulator|just for fun,head
2026-09-27T17:50:04Z,1657-1916-5181,CITY GUN GAME CITY,pahanokrat,UEFN,,adventure|rpg|memes|free for all,head
2026-09-27T17:50:04Z,1412-1873-1625,GAMBLE CITY CARS,flaash,UEFN,TMNT,deathrun|just for fun|driver simulator|party world,head
2026-09-27T17:50:04Z,1503-4188-6049,PAUL'S 1V1,hcpbrucks,UEFN,,1v1|training,head
2026-09-27T17:50:04Z,7256-9390-4171,-ULTIMATE-SHOOT GAMES,ninooff,UEFN,,arena,head
2026-09-27T17:50:04Z,9366-8944-0081,BOX MNP,mnp.yt,FNC,,boxfight,head
2026-09-27T17:50:04Z,7485-0145-2665,Mv5 1v1,s-q,UEFN,,1v1|training|competitive|building,head
2026-09-27T17:50:04Z,8414-5813-6904,CATALYST RED VS BLUE ⚡,bayer4ik14,UEFN,,arena|battle|building|shooter,head
2026-09-27T17:50:04Z,7058-6863-4678,COLORFUL CARS - CAR GAME,mamao,UEFN,TMNT,race|objective|just for fun|open world,head
2026-09-27T17:50:04Z,8146-1740-8610,Zeuz 1v1,zeuzzz,FNC,,1v1,head
2026-09-27T17:50:04Z,5793-8328-4834,⚡🎲 ELECTRIC WORLD TRICKSHOT PARKOUR 💥,legendsneverdie,UEFN,,music|deathrun|parkour|minigame,head
2026-09-27T17:50:04Z,6372-3268-2992,Mega City Tycoo,l81,UEFN,,simulator|tycoon|economy|base building,head
2026-09-27T17:50:04Z,2511-7025-1473,SCREAM AND RUN TOWER,slaymap,UEFN,,deathrun|party game|survival horror|escape,head
2026-09-27T17:50:04Z,2038-4189-8262,STEVE AND FRIEND VENT 33 LVL,fejzzicreative,UEFN,The Walking Dead Universe,deathrun|escape|parkour|just for fun,head
2026-09-27T17:50:04Z,7807-0819-0480,CREEAPER SCARE 33 LVL,tictacbossik,UEFN,TMNT,escape|deathrun|just for fun|parkour,head
2026-09-27T17:50:04Z,8740-2389-1265,🔥 VNX | DUO SCRIMS 🏆,swizzy7,UEFN,,duo|gun fight|fighting|free for all,head
2026-09-27T17:50:04Z,0303-8861-0548,M_AR build fights,m_arrrr,FNC,,1v1,head
2026-09-27T17:50:04Z,3437-6462-4568,STEVE ESCAPE 33 LVL,xdamineq,UEFN,TMNT,strategy|escape|just for fun|casual,head
2026-09-27T17:50:04Z,8132-5887-9890,ISLAND FFA 🏝️,luca0_5,FNC,,free for all|competitive|pvp|melee,head
2026-09-27T17:50:04Z,1983-6988-8381,+1 Speed For Brainrots,notales,UEFN,,tycoon|just for fun|casual|simulator,head
2026-09-27T17:50:04Z,2008-7423-5413,PRESS FOR EGGS,jomap,UEFN,,tycoon|simulator|just for fun|casual,head
2026-09-27T17:50:04Z,4045-2230-7726,hard pakoer,zikop,FNC,,1v1,head
2026-09-27T17:50:04Z,4782-3371-0767,SoTopFindEscape,titanhammer07,UEFN,,escape|casual|party game|strategy,head
2026-09-27T17:50:04Z,7200-7861-8141,GUN GAME JAI PEUR DE BOWLING,tyxelba,UEFN,,shooter|free for all|just for fun|pvp,head
2026-09-27T17:50:04Z,3622-1146-7129,1V1 Piece Control BleuYO,ytbleuyo,FNC,,practice|1v1|respawn|boxfight,head
2026-09-27T17:50:04Z,8071-1829-0009,Solo Reload 1v1v1,yami7,UEFN,,free for all|1v1|pvp|practice,head
2026-09-27T17:50:04Z,3487-4047-1803,GOUIN GAME PAS DE MACDO,folaxx,UEFN,,shooter|free for all|just for fun|pvp,head
2026-09-27T17:50:04Z,8770-7370-4836,1v1 fight pro,manuuueeee,FNC,,1v1,head
2026-09-27T17:50:04Z,4512-3594-4833,GUN GAME RYU A UNE TECH ET ME LE DIT PAS,tyxzy_y,UEFN,,shooter|just for fun|free for all|pvp,head
2026-09-27T17:50:04Z,5707-7172-4647,BUILD WARS,ldl35,UEFN,,1v1|free for all|building|battle,head
2026-09-27T17:50:04Z,5315-7949-3988,SİNİSTER STRİP 1V1  -   ŞERLİ ŞERİT 1V1,kutiwork,FNC,,2v2,head
2026-09-27T17:50:04Z,0179-8856-3647,OG JUGEMENT SHADOW RP 🌴,tekofn,FNC,,role playing|gun game,head
2026-09-27T17:50:04Z,7177-9417-2935,🔫GUN GAME  COOL🔫,vadimostrouhov,UEFN,,music|memes|just for fun|free for all,head
2026-09-27T17:50:04Z,6179-0035-0616,Too good to be true,lilman50,FNC,,2d,head
2026-09-27T17:50:04Z,9365-0176-3521,VORTEX RP 🌃,boby_yt,UEFN,,role playing,head
2026-09-27T17:50:04Z,3205-2473-7603,BRAINROT LUCKY PILLARS MAP,mattiia7,UEFN,,just for fun|minigame|free for all|casual,head
2026-09-27T17:50:04Z,7660-9858-2254,1v1 🇵🇸 فلسطين حرة,mio-khalifa,UEFN,,1v1|2v2|3v3|gun fight,head
2026-09-27T17:50:04Z,3290-6350-2064,4v4v4v4 REALISTICS | BUILD & ZERO BUILD,arekbe,UEFN,,pvp|4v4|gun fight|squad,head
2026-09-27T17:50:04Z,7252-1570-1108,RIVAL FORCES,harken,FNC,,8v8|action|attack|base,head
2026-09-27T17:50:04Z,7044-5461-5374,MONSTER HUNT: WILD WEST [ROGUELIKE],nazarik,UEFN,,roguelike|escape|co-op|deathrun,head
2026-09-27T17:50:04Z,3719-7822-1451,LUGGY DUGGY RED VS BLUE 🔴🔵 MEGA,mnq1,UEFN,Star Wars,team deathmatch|free for all|gun fight|competitive,head
2026-09-27T17:50:04Z,6933-0192-4050,🎪🎲 CIRCUS WORLD TRICKSHOT PARKOUR 🌈,lisufn,UEFN,,deathrun|parkour|minigame|music,head
2026-09-27T17:50:04Z,6773-7877-8833,RED VS BLUE |----| DEVILI NEXT UPCOMER,1v1v1-2v2b,UEFN,,survival|adventure|action|exploration,head
2026-09-27T17:50:04Z,5863-5238-2494,TILTED SNIPER ONE SHOT GUN GAME🎯,tonuzfps,UEFN,,gun game|sniper|just for fun|free for all,head
2026-09-27T17:50:04Z,4980-6623-4379,1VS1 BOX PVP XYRZZ,xyrzz,UEFN,,fighting|battle|boxfight,head
2026-09-27T17:50:04Z,3169-3051-3083,+1 Crunchy Butter Escape,aquayzz,UEFN,,deathrun|simulator|just for fun|parkour,head
2026-09-27T17:50:04Z,5387-0629-5317,💯WZR 1v1💯,weezzer,UEFN,Star Wars,1v1,head
2026-09-27T17:50:04Z,4540-8151-1070,🔥 VNX | TILTED ONE SHOT 🎯,swizzy7,UEFN,,one shot|free for all|just for fun|fighting,head
2026-09-27T17:50:04Z,9510-1743-8969,MYTHIC BOXFIGHT: EVO,g-dark,UEFN,,8v8|fighting|gun fight|shooter,head
2026-09-27T17:50:04Z,4451-4014-8051,[][GUN GAME ][CITY,vadimostrouhov,UEFN,,horror|survival horror|survival|escape,head
2026-09-27T17:50:04Z,5373-8710-2598,MMK ZONE WARS,xxmamukaxx,FNC,,action|free for all|building|competitive,head
2026-09-27T17:50:04Z,0950-0487-7432,1v1 LoXic لوكسيك,r8b,FNC,,6v6,head
2026-09-27T17:50:04Z,8819-9220-7905,SUPER PILLARS 2.0,bichoelcapo,UEFN,,pvp|party game|minigame|funny,head
2026-09-27T17:50:04Z,2766-2721-6217,Wiyak 1v1 v2,wiyak,UEFN,,1v1,head
2026-09-27T17:50:04Z,1237-1631-2296,BOSS PICKME: ULTIMATE LOOT,demonsportsmen67,FNC,,boss battle|team deathmatch|adventure|pve,head
2026-09-27T17:50:04Z,2454-1024-4248,باركور N7uL 24 Stage,7og,FNC,,quiz,head
2026-09-27T17:50:04Z,5806-1618-8240,DEATHRUN EASY 321 LEVELS,lzprime1v5,UEFN,,deathrun|strategy|objective|parkour,head
2026-09-27T17:50:04Z,6320-0782-5515,Haunted PvP,rockonjesse,FNC,,pvp|battle royale|building|atmospheric,head
2026-09-27T17:50:04Z,7275-2147-3542,Jugment 21k,zenova,FNC,,battle royale,head
2026-09-27T17:50:04Z,0545-1046-7688,RED VS BLUE MEGA KOX 🔴🔵,iceymap,UEFN,,team deathmatch|just for fun|free for all|action,head
2026-09-27T17:50:04Z,0565-2342-2240,1vs1 Pxlarizz,pxlarizz,FNC,,1v1,head
2026-09-27T17:50:04Z,9058-7079-5780,HIPER RED VS BLUE 🔴🔵 GOATED,ripmap,UEFN,,team deathmatch|gun game|pvp|just for fun,head
2026-09-27T17:50:04Z,8893-3929-1649,🛣️ROAD FFA - ALL GUNS & CARS,seilfn,UEFN,,free for all|open world|driver simulator|funny,head
2026-09-27T17:50:04Z,8938-9186-5490,BOX FIGHT MMK,xxmamukaxx,FNC,,action|free for all|boxfight|practice,head
2026-09-27T17:50:04Z,2897-3719-4013,WILD LANDS FROM HOLE 1V1 WITH EVERY GUN,davidr2026,FNC,,pvp|just for fun|1v1,head
2026-09-27T17:50:04Z,0776-2003-0779,1v1 Build Fight MMK,xxmamukaxx,FNC,,1v1|practice|building|competitive,head
2026-09-27T17:50:04Z,7430-1455-5888,6 level impossible,sandr9ert,FNC,,deathrun|difficulty: hard|difficulty: impossible,head
2026-09-27T17:50:04Z,1861-8896-9407,INSANEParkour,overmod,UEFN,,parkour|deathrun|just for fun,head
2026-09-27T17:50:04Z,2647-5383-4468,SHELBY 1v1 👑 PRIME,keyedbyshelby,FNC,,1v1,head
2026-09-27T17:50:04Z,8941-3656-2538,Planet 1v1!,2amechoo,UEFN,,1v1|2v2|free for all|just for fun,head
2026-09-27T17:50:04Z,3109-9358-9743,Propnight,annonymousey,FNC,,prop hunt|escape|survival horror|fortnitemares,head
2026-09-27T17:50:04Z,1942-7015-6725,sttert_fight,ya13,UEFN,,free for all,head
2026-09-27T17:50:04Z,5653-5170-7162,TRAIN WITH YOUR PET FOR BRAINROTS,lossfnbr,UEFN,,tycoon|simulator|casual|just for fun,head
2026-09-27T17:50:04Z,6076-9668-6402,SNIPER DUEL 1v1,permaplay,UEFN,,1v1|minigame|competitive|just for fun,head
2026-09-27T17:50:04Z,8402-5229-9927,Chicken Fishy,brngames,UEFN,,free for all|casual|just for fun|building,head
2026-09-27T17:50:04Z,0236-7896-3496,DUELS: Murderers VS Sheriffs⚔️,murad.kurdish,UEFN,,1v1|shooter|practice,head
2026-09-27T17:50:04Z,2647-9279-1497,CHAOS BOX FIGHTS [20 PLAYERS],zeypher,UEFN,,pvp|boxfight|zonewars|shooter,head
2026-09-27T17:50:04Z,4751-2100-4006,SUPER 1V1 FFA - ALL GUNS & VEHICLES,rebootprac,UEFN,,free for all|just for fun|pvp|1v1,head
2026-09-27T17:50:04Z,7113-7765-2056,smartdude77 1v1,thelegendyt,FNC,,1v1,head
2026-09-27T17:50:04Z,1892-2453-0282,AXYS 1v1 Build Fight,xfraaxys,UEFN,,1v1|building|competitive,head
2026-09-27T17:50:04Z,2761-5478-3630,MONZA 🇮🇹 | FF1L,osornojac,UEFN,,race,head
2026-09-27T17:50:04Z,3579-0970-6481,BLOCKY BRICK OBBY PARKOUR 🌈,klgames,UEFN,LEGO,just for fun|parkour|minigame|deathrun,head
2026-09-27T17:50:04Z,1475-4520-0638,COOL MEGA GUNGAME [],vadimostrouhov,UEFN,,adventure|rpg|memes|free for all,head
2026-09-27T17:50:04Z,7059-4966-1658,BareBones 1v1,toasterguy,UEFN,,1v1|battle|battle royale|pvp,head
2026-09-27T17:50:04Z,2832-1727-9508,Tower Wars,ponyyt,FNC,,battle royale|shooter,head
2026-09-27T17:50:04Z,9301-4031-2774,🔴 Battleblue 2.0 - Red Vs Blue,puuw,UEFN,,strategy|fighting|arena|gun fight,head
2026-09-27T17:50:04Z,5321-8181-6306,JUNGLE GUN GAME WOW KO 67 DYZIO & M4R1OU,kailo,UEFN,Star Wars,pvp|gun game|just for fun|one shot,head
2026-09-27T17:50:04Z,1774-5688-8890,1V1V1V,area2,FNC,,free for all,head
2026-09-27T17:50:04Z,7197-8733-2055,FAST 1v1v1 RELOAD - FREE FOR ALL,vaymen,FNC,,free for all|respawn|building|practice,head
2026-09-27T17:50:04Z,0730-9445-6669,Dropper 2.0 Rainbow REMAKE Mich,galito,UEFN,,deathrun|parkour|difficulty: ultra hard|just for fun,head
2026-09-27T17:50:04Z,9188-7386-5226,Free Bulid Kjotto4🔥🔥,kjotto4,UEFN,,base building|building|free for all,head
2026-09-27T17:50:04Z,0841-2137-7465,RED VS BLUE SHIP OF LOVE RVB,baxio,UEFN,,team deathmatch|free for all|gun game|competitive,head
2026-09-27T17:50:04Z,6334-3364-8735,RED VS BLUE GOLD,pluto584,UEFN,,adventure|rpg|just for fun|team deathmatch,head
2026-09-27T17:50:04Z,6154-9486-7406,NEON SPEEDWAY: CAR RACING,panarohd,UEFN,,race|driver simulator|friendly|casual,head
2026-09-27T17:50:04Z,8931-7041-7728,🔴🔵CRAZY RED VS BLUE 🔴🔵 SPRITE,firenis,UEFN,,team deathmatch|pvp|tycoon|just for fun,head
2026-09-27T17:50:04Z,3880-4783-9088,⛏️ VERITY TYCOON,rin_games,UEFN,,simulator|tycoon|casual|just for fun,head
2026-09-27T17:50:04Z,0997-3452-7858,CAR GUN GAME,vadimostrouhov,UEFN,,music|memes|just for fun|free for all,head
2026-09-27T17:50:04Z,5243-1630-6601,🔴🌌CLASH Star Wars🌌🔵,vkaya-studio,UEFN,Star Wars,arena|team deathmatch|battle,head
2026-09-27T17:50:04Z,9833-3483-0504,Jinx 1v1,jinxza,UEFN,,1v1|building|free for all,head
2026-09-27T17:50:04Z,7611-2909-0789,RED VS BLUE MAYHEM OF KINGDOM RVB,saxio,UEFN,,team deathmatch|free for all|gun game|competitive,head
2026-09-27T17:50:04Z,5793-5289-1419,تدريب_ايم_ايديت📝🎯,8mn,UEFN,,1v1|building|training|casual,head
2026-09-27T17:50:04Z,9476-6984-3253,GUN GAME TILTED STAR WARS,messi19,UEFN,Star Wars,gun game|one shot|free for all|just for fun,head
2026-09-27T17:50:04Z,2243-8448-8828,RED VS BLUE OLD TOWN ROAD RVB,naxio,UEFN,,team deathmatch|free for all|gun game|competitive,head
2026-09-27T17:50:04Z,7860-6900-0470,RED VS BLUE STAIR FLOORS RVB,laxio,UEFN,,team deathmatch|free for all|gun game|competitive,head
2026-09-27T17:50:04Z,0640-5881-2592,RED VS BLUE LOVELY GAS,metano67,UEFN,,team deathmatch|free for all|gun game|competitive,head
2026-09-27T17:50:04Z,5020-3233-6649,OG SHADOW RP V3 🌆,toosty,FNC,,role playing,head
2026-09-27T17:50:04Z,7668-1394-1406,SPADASHIM KAT ALLGUNS MEAW,wlmaps,UEFN,,1v1|pvp|free for all|just for fun,head
2026-09-27T17:50:04Z,6056-9777-4167,COOL GUNGAME,vadimostrouhov,UEFN,,horror|survival horror|survival|escape,head
2026-09-27T17:50:04Z,0211-9539-2440,1er Deathrun team croûton,annemarie,FNC,,deathrun,head
2026-09-27T17:50:04Z,3738-4244-4541,BOXING,ezy1,UEFN,,just for fun|1v1|battle|sports,head
2026-09-27T17:50:04Z,8554-8158-9902,Signal Tower,dylanwolfan,FNC,,artistic|battle|respawn|shooter,head
2026-09-27T17:50:04Z,1906-3677-5749,2V2 The Last Storm,realjj,UEFN,,2v2|practice|teams|zonewars,head
2026-09-27T17:50:04Z,3343-1936-4658,PUMP WARS ZERO BUILD,rastaons24ultra,FNC,,free for all|practice|respawn|action,head
2026-09-27T17:50:04Z,2514-5352-2673,MEME BOX PVP,1at,UEFN,,pvp|boxfight|minigame|practice,head
2026-09-27T17:50:04Z,6694-0454-5852,Comet Observatory,dylanwolfan,UEFN,,artistic|battle|respawn|shooter,head
2026-09-27T17:50:04Z,8882-4183-8579,HALLOWEEN ROCKET VS CARS 🎃🏎️,venusdevelop,UEFN,,8v8|race|driver simulator|fortnitemares,head
2026-09-27T17:50:04Z,1833-4471-0043,Whomp's Fortress,dylanwolfan,UEFN,,artistic|battle|respawn|shooter,head
2026-09-27T17:50:04Z,0139-8765-4696,+1 TNT Mining,nuksaa,UEFN,,just for fun|simulator|tycoon|casual,head
2026-09-27T17:50:04Z,1985-2263-5606,Unlimited Piece Control,subx,FNC,,competitive|practice|boxfight|pvp,head
2026-09-27T17:50:04Z,6212-4752-9494,FIND THAT NEEDLE,trigo,UEFN,,tycoon|just for fun|simulator|casual,head
2026-09-27T17:50:04Z,2930-7963-4380,BLACKOUTZ TRAINING 🎯,blackoutz,UEFN,,aim course|edit course|practice|building,head
2026-09-27T17:50:04Z,3739-4036-7838,Bob-Omb Festival,dylanwolfan,UEFN,,artistic|battle|respawn|shooter,head
2026-09-27T17:50:04Z,6530-5477-8566,Bob-Omb Battlefield,dylanwolfan,UEFN,,artistic|battle|respawn|shooter,head
2026-09-27T17:50:04Z,9613-7586-6448,🔫~ GangWar ~,poz7,FNC,,shooter,head
2026-09-27T17:50:04Z,7620-5244-4755,Distortion World,dylanwolfan,FNC,,artistic|battle|respawn|shooter,head
2026-09-27T17:50:04Z,7353-5855-5183,Dive to the Heart,dylanwolfan,UEFN,,artistic|battle|respawn|shooter,head
2026-09-27T17:50:04Z,4594-2400-0782,BOXFIGHTS 📦: SPACE ARENA 🪐,elsnky,FNC,,boxfight|1v1|practice|pvp,head
2026-09-27T17:50:04Z,0589-0874-9275,ZAIRO 1V1,xberu,UEFN,,1v1,head
2026-09-27T20:39:23Z,3198-7713-6417,explosive mammoth tilted one shot,sifrlyx,FNC,,attack|competitive|difficulty: easy|explosives,head
2026-09-27T20:39:23Z,7907-9172-3360,🔍 Needle In A Haystack 🪡,aceuefn,UEFN,,tycoon|simulator|just for fun|casual,head
2026-09-27T20:39:23Z,4831-1849-3380,ARMAS E CARROS CUSTOMIZADOS,ggse,UEFN,,free for all|just for fun|casual|platformer,head
2026-09-27T20:39:23Z,5472-8170-8812,DEATHRUN EASY 418 LEVELS,lzprime1v5,UEFN,,deathrun|parkour|strategy|objective,head
2026-09-27T20:39:23Z,3129-0529-4812,SPEED SWING OPEN OPTIMAL,tungmaps,UEFN,,free for all|teams|music|shooter,head
2026-09-27T20:39:23Z,5875-8504-6903,AIM_EDIT_PIECE A19,gga19,UEFN,,1v1|aim course|practice|free for all,head
2026-09-27T20:39:23Z,0830-9507-1409,STORM Island - BOX FIGHT FFA 8 - BUILD,ewbogdyy,FNC,,building,head
2026-09-27T20:39:23Z,1313-4882-5399,diversao FFA,ggse,UEFN,,shooter|free for all|just for fun|open world,head
2026-09-27T20:39:23Z,4267-0901-7616,🌄DRIVE CITY GG,snoopmaciel,UEFN,The Walking Dead Universe,deathrun|race|just for fun|survival horror,head
2026-09-27T20:39:23Z,4839-6739-7383,Mortal Instinct,slickmotiv3,FNC,,1v1|fighting|melee|side scroller,head
2026-09-27T20:39:23Z,3335-4566-9614,CRAZY RAMP - CAR GAME,miausculo,UEFN,TMNT,race|deathrun|just for fun|open world,head
2026-09-27T20:39:23Z,8770-2951-5218,EGG RAIN 🥚 Pluie d'Œufs Tycoon,kurwatch,UEFN,,friendly|adventure|collection|difficulty: easy,head
2026-09-27T20:39:23Z,0123-8437-4920,Sven Endless Piece Control,sv3nfn,UEFN,,1v1|boxfight,head
2026-09-27T20:39:23Z,3716-9865-8038,Date or mate,nonodfr57,FNC,,hub,head
2026-09-27T20:39:23Z,6786-0958-5628,Super velocidade  car game 2026,snoopmaciel,UEFN,TMNT,race|driver simulator|just for fun|survival,head
2026-09-27T20:39:23Z,2331-9317-8250,Sl4yer Low Gravity Sniping Map,sl4yerr,FNC,,5v5|battle|building|gun fight,head
2026-09-27T20:39:23Z,3180-5137-2370,KeoniFN 1v1,keonifn,UEFN,,1v1|practice,head
2026-09-27T20:39:23Z,1512-0096-1769,🎯One Shot Greasy Grove,kil4nx,UEFN,,sniper|one shot|gun game|free for all,head
2026-09-27T20:39:23Z,9793-4984-2140,🧠 Neural Escape Room,twixmaps,UEFN,,escape|minigame|party game|strategy,head
2026-09-27T20:39:23Z,8166-6673-0107,L'ancienne map de goguste,goguste,FNC,,role playing,head
2026-09-27T20:39:23Z,5354-1396-4502,One Shot - The Shark,sal_gamexx,UEFN,,gun fight|free for all,head
2026-09-27T20:39:23Z,9586-4575-8404,RED VS BLUE |||||| PIXIE BÄÄ FOR THE WIN,martesq,UEFN,,free for all|just for fun|team deathmatch|pvp,head
2026-09-27T20:39:23Z,9597-2534-3829,Car Crash ARENA 🔥🚗,sorami,UEFN,,party game|race|just for fun|driver simulator,head
2026-09-27T20:39:23Z,9045-4839-3842,SUPER ROAD BATTLE- CAR GAME,falaxo2,UEFN,TMNT,race|objective|exploration|survival,head
2026-09-27T20:39:23Z,6298-3771-5060,RED VS BLUE |||| FEET IN THE SKY,topodiragno,UEFN,,adventure|strategy|action|team deathmatch,head
2026-09-27T20:39:23Z,7984-2298-1658,Torres Tortas Zone Wars,fabymafer,FNC,,casual|action|battle|building,head
2026-09-27T20:39:23Z,3844-3636-7816,🔥GUNGAME COOOOOL 🏆,pahanokrat,UEFN,,music|memes|minigame|just for fun,head
2026-09-27T20:39:23Z,8288-1368-5672,Overdrive Box Party,thegoatgames,UEFN,,boxfight|free for all|minigame|pvp,head
2026-09-27T20:39:23Z,0384-0899-2439,free build map,fnbrlate,UEFN,,training,head
2026-09-27T20:39:23Z,6980-0153-9010,❄️ FROSTHAVEN LOUNGE❄️,outerheavensweet,FNC,,pvp|pve|friendly|party world,head
2026-09-27T20:39:23Z,9578-3243-7270,1v1 Arqxzy & Flackzy Build Fights,arqxzy,FNC,,1v1|practice|building|competitive,head
2026-09-27T20:39:23Z,9683-1951-9163,HAPPY MEGA RAMP - CAR GAME,midasgolds,UEFN,TMNT,race|objective|exploration|open world,head
2026-09-27T20:39:23Z,3106-5300-5914,nz jugement rp 🌌,noxiytbb,FNC,,role playing,head
2026-09-27T20:39:23Z,4518-3880-8816,RED VS BLUe ROSE,pluto584,UEFN,,adventure|rpg|just for fun|team deathmatch,head
2026-09-27T20:39:23Z,9327-8159-4512,1V1 BUILD FIGHT📝 [Japan_01],japan_01,UEFN,,1v1|building|shooter|practice,head
2026-09-27T20:39:23Z,0002-3594-6922,JUGEMENT OG SHADOW RP,lost_truce61,UEFN,,friendly,head
2026-09-27T20:39:23Z,1358-7157-6737,CØÐEX 1V1 Build Fights,saintfn,UEFN,,1v1|building|competitive|practice,head
2026-09-27T20:39:23Z,9166-2006-7184,1V1 BUILD FIGHTS [ZAMORA CF],olmofn,UEFN,,1v1|battle|building|solo,head
2026-09-27T20:39:23Z,2696-3865-1229,Repair A Car,matjazv,UEFN,,simulator|just for fun|casual,head
2026-09-27T20:39:23Z,5331-2222-9949,🎮 Rampage of Outpost Red-Vs-Blue,sadparakeet89,UEFN,,strategy|pvp|respawn,head
2026-09-27T20:39:23Z,1688-7893-4843,StormNation:Tropical Battle,mortalgamingyt,FNC,,battle royale|shooter,head
2026-09-27T20:39:23Z,1584-6259-4511,ASCEND : MELEE,artchronicle,UEFN,,rpg|action|pve|shop,head
2026-09-27T20:39:23Z,1502-9862-7205,MEGA RAMP RACE - CAR GAME,jamesrobo,UEFN,TMNT,race|objective|exploration|survival,head
2026-09-27T20:39:23Z,3305-3077-2680,Zombie rush,birdman775,FNC,,action,head
2026-09-27T20:39:23Z,3019-1287-4997,CITY GUNGAME GUNS,pahanokrat,UEFN,,horror|survival horror|survival|pve,head
2026-09-27T20:39:23Z,3269-9021-8096,CRAZY QUAD CRASHER DEATHRUN,lowfacs,UEFN,,deathrun|parkour|just for fun|difficulty: very hard,head
2026-09-27T20:39:23Z,8965-5106-4988,EYED 1V1 BUILD FIGHTS,oneeyed,UEFN,,1v1|competitive|practice,head
2026-09-27T20:39:23Z,9884-9892-8407,LIGHTS OUT,jerryvfx_hh,UEFN,,pvp|free for all|stealth|rounds,head
2026-09-27T20:39:23Z,7373-7692-1902,romsta 1v1,romiew,FNC,,1v1|competitive|gun fight,head
2026-09-27T20:39:23Z,8232-6799-7294,FREEBUILD ADAVANCEDEDIT TRAINING🏃‍♀️‍➡️,wlliamskings,UEFN,,practice|shooter|competitive|funny,head
2026-09-27T20:39:23Z,3625-5585-9926,-=GUN GAME = - GUNS,pahanokrat,UEFN,,adventure|rpg|memes|minigame,head
2026-09-27T20:39:23Z,5373-3806-0902,50/50: PARADISE OR JAIL? 🌴🚔,mother_fluffer22,UEFN,,deathrun|escape|puzzle|duo,head
2026-09-27T20:39:23Z,7457-6576-7679,99 BOTS ULTIMATE ROYALE💥,wlliamskings,UEFN,,battle|battle royale|funny|zonewars,head
2026-09-27T20:39:23Z,6800-9285-5914,PILLARS OF TERROR 💀,boyboy,UEFN,,survival horror|minigame|casual|just for fun,head
2026-09-27T20:39:23Z,0557-5561-0120,DEATHRUN EASY 421 LEVELS,lzprime1v5,UEFN,,deathrun|skills|strategy|parkour,head
2026-09-27T20:39:23Z,7289-6884-3419,=GUN GAME= CITY,pahanokrat,UEFN,,music|memes|just for fun|minigame,head
2026-09-27T20:39:23Z,9254-1083-1318,Nxw deathrun,nmzm,FNC,,atmospheric,head
2026-09-27T20:39:23Z,2436-3464-6968,Ride The Pet [ADVENTURE],witoarte,UEFN,,just for fun|adventure|simulator|tycoon,head
2026-09-27T20:39:23Z,7048-5575-6492,Chapter 5 : Duo Late Game,alx319,UEFN,,duo|zonewars|practice|pvp,head
2026-09-27T20:39:23Z,0676-5881-2805,FREEBUILD MAP ULTRA OPTIMIZED⚡,nowywi,UEFN,,1v1|practice|building|edit course,head
2026-09-27T20:39:23Z,1249-5398-6442,DEATHRUN EASY 365 LEVELS,lzprime1v5,UEFN,,deathrun|strategy|skills|parkour,head
2026-09-27T20:39:23Z,4395-2753-8984,battel island,kucabs,FNC,,battle royale,head
2026-09-27T20:39:23Z,2965-6199-0826,Crash Arena,khm85,UEFN,,shooter|driver simulator|explosives|just for fun,head
2026-09-27T20:39:23Z,5086-8898-6092,RACE TO 30 OG,bramario,FNC,,free for all|solo|shooter|building,head
2026-09-27T20:39:23Z,6682-5367-0672,🔵 The Extreme Breakout — RED VS BLUE 🎆,sixseven6752,UEFN,,respawn|battle|fighting,head
2026-09-27T20:39:23Z,2216-6145-8060,Mahxsh 1v1 Build Fights,dr69,UEFN,,1v1|solo|boxfight|action,head
2026-09-27T20:39:23Z,0400-2631-8302,OG CITY LIFE RP ❄️🏙️,gg_solo,FNC,,rpg,head
2026-09-27T20:39:23Z,3236-7182-0988,MOTEL 13 [TERROR],marionerja,UEFN,The Walking Dead Universe,horror|story|mystery|exploration,head
2026-09-27T20:39:23Z,8204-8554-4170,Adivina al Jugador de Futbol,eritos,UEFN,,minigame|trivia,head
2026-09-27T20:39:23Z,5608-9874-2165,"""باركور Axc  🔥 """,iopw,FNC,,parkour,head
2026-09-27T20:39:23Z,4228-3700-8807,Temple Deathrun,cornigoat,UEFN,,parkour|deathrun|difficulty: hard,head
2026-09-27T20:39:23Z,0138-6174-5441,RACE TO 30 RELOAD,bramario,FNC,,free for all|solo|battle|building,head
2026-09-27T20:39:23Z,2443-6522-6715,1v1 BuildFight Shimo,champion9,UEFN,,1v1,head
2026-09-27T23:26:20Z,3007-1626-0768,CANES 1V1 🍗,thawnefn,UEFN,,1v1|building|competitive,head
2026-09-27T23:26:20Z,6344-9215-8471,DEATHRUN EASY 448 LEVELS,lzprime1v5,UEFN,,deathrun|strategy|objective|parkour,head
2026-09-27T23:26:20Z,1304-3029-4652,SKY PARKOUR 707,vdx1,UEFN,,parkour|moving|minigame|just for fun,head
2026-09-27T23:26:20Z,3369-6311-5050,MEGA SUPER 1V1,galaxynova11,UEFN,,1v1|secrets|free for all|just for fun,head
2026-09-27T23:26:20Z,2431-9119-1180,Chicken Farm,qw1zy,UEFN,,tycoon|farming simulator|collection|casual,head
2026-09-27T23:26:20Z,9712-7626-9187,Gamer 1V1 Buildfight,gamerjannik21,UEFN,,1v1|boxfight|building|just for fun,head
2026-09-27T23:26:20Z,3009-5244-2283,CLASSIC RED VS BLUE,xiana67,UEFN,,arena|practice|just for fun|base,head
2026-09-27T23:26:20Z,4384-4243-8183,TIZNN'S 1v1 MAP,thelegendyt,FNC,,1v1,head
2026-09-27T23:26:20Z,4594-4974-6429,ASMR PILLARS,quizer,UEFN,,pvp|minigame|party game|just for fun,head
2026-09-27T23:26:20Z,8501-9957-2782,Low slopes,fivecornkernels,FNC,,arena,head
2026-09-27T23:26:20Z,7464-6485-5510,DEATHRUN EASY 442 LEVELS,lzprime1v5,UEFN,,deathrun|strategy|skills|parkour,head
2026-09-27T23:26:20Z,1387-2273-4307,🐇 Sensei Escape Room,sleepinrio,UEFN,,escape|minigame|just for fun|puzzle,head
2026-09-27T23:26:20Z,1931-5961-0051,ESCAPE FREDDY'S BACKROOMS,efl1,UEFN,,horror|survival horror|first person|escape,head
2026-09-27T23:26:20Z,2522-8128-0869,ONESHOT 🎯 GUNGAME SUPREME,rafamanon,UEFN,,one shot|gun game|just for fun|pvp,head
2026-09-27T23:26:20Z,0652-8627-3733,⭐PILARES TODOS CAEN JAJAJA⭐,amigazo,FNC,,free for all|skills|funny,head
2026-09-27T23:26:20Z,3738-2215-1753,🗑 No Brain Escape Room,sleepinrio,UEFN,,escape|minigame|party game|strategy,head
2026-09-27T23:26:20Z,8770-3655-7262,CHANGING MAPS ZONE WARS(pro)⭐,bunnykid,UEFN,,zonewars|1v1|action|building,head
2026-09-27T23:26:20Z,5492-3991-6039,TGA CANARIO 1V1,tga.canario,UEFN,,1v1|friendly|building|shooter,head
2026-09-27T23:26:20Z,9266-5767-8274,ZONE SHOWDOWN 🌀 | 5V5 | العاصفة الأخيرة,d1rolly,UEFN,,5v5|pvp|competitive|zonewars,head
2026-09-27T23:26:20Z,7410-8844-1824,Wasteland,silenceroyale,FNC,,event|pvp|gun fight,head
2026-09-27T23:26:20Z,4161-2498-7627,SiXDot X Billie Lounge,httpsdrako,FNC,,peaceful|music|friendly,head
2026-09-27T23:26:20Z,5410-5556-1913,🔫GUNGAME CITY GUUUNS🔫,diorarmani,UEFN,,adventure|rpg|memes|minigame,head
2026-09-27T23:26:20Z,3416-8567-9184,🦫 Capybara Escape Room,twixmaps,UEFN,,escape|minigame|party game|puzzle,head
2026-09-27T23:26:20Z,2472-1391-6371,1v1v1 ROTATE,o7g,UEFN,,party game|pvp|just for fun|minigame,head
2026-09-27T23:26:20Z,2057-0045-5018,Dude Theft Battle,erickvg,UEFN,,battle royale|just for fun|competitive|survival,head
2026-09-27T23:26:20Z,3234-5631-4787,⭐GRANJA SIN CONSTRUCCIÓN⭐,amigazo,FNC,,free for all|skills|funny|just for fun,head
2026-09-27T23:26:20Z,0784-5223-3835,MC SPEED OPEN FREE FIGHT,posa,UEFN,,free for all|teams|building|action,head
2026-09-27T23:26:20Z,4370-1023-5049,1v1 king,elix23,UEFN,,1v1,head
2026-09-27T23:26:20Z,1570-9395-9393,🔫 GUN GAME🎯ONE SHOT  CITY,diorarmani,UEFN,,music|memes|just for fun|minigame,head
2026-09-27T23:26:20Z,0930-2921-2394,MEGA CAR RACE - CAR GAME,pituxoside,UEFN,The Walking Dead Universe,race|driver simulator|just for fun|survival,head
2026-09-27T23:26:20Z,7892-0287-9297,🎃GREASY GRAVES🎃,baddogjmj,UEFN,,adventure|fortnitemares|story|boss battle,head
2026-09-27T23:26:20Z,4790-4884-5149,12 Level Hard Parkour || 🦠,nexor1,UEFN,,parkour,head
2026-09-27T23:26:20Z,6881-8985-2417,DEATHRUN EASY 435 LEVELS,lzprime1v5,UEFN,,deathrun|strategy|parkour|objective,head
2026-09-27T23:26:20Z,3968-9795-0493,ppmak training,ppmakfv,UEFN,,arena,head
2026-09-27T23:26:20Z,4739-7148-2171,Red Vs Blue 1v1,buzzmaps,UEFN,,competitive|practice|free for all|building,head
2026-09-27T23:26:20Z,3400-4530-4239,BREACH POINT,panarohd,UEFN,,teams|objective|pvp|rounds,head
2026-09-27T23:26:20Z,2509-0140-9076,1V1 REALISTICS,xacey,UEFN,,1v1|boxfight|practice|pvp,head
2026-09-27T23:26:20Z,4062-1814-0327,Peregrino 1v1,chori1,FNC,,1v1,head
2026-09-27T23:26:20Z,2039-3000-0391,🎯SNIPER GUN GAME 🎯,diorarmani,UEFN,,horror|survival horror|survival|pve,head
2026-09-27T23:26:20Z,9024-8032-5390,💥 The Rabid Red vs. Blue Reckoning 🛡️,wilenkaaa,UEFN,,pvp|respawn|strategy|practice,head
2026-09-27T23:26:20Z,5011-2214-7979,Proo1v1,xjdestroyel,UEFN,,1v1,head
2026-09-27T23:26:20Z,6367-0496-5006,PARKOUR 250 LEVELS باركور 250 مستوى,mio-khalifa,UEFN,,just for fun|choices matter,head
2026-09-27T23:26:20Z,5164-7557-2296,MEDIUM PARKOUR,zikop,FNC,,1v1,head
2026-09-27T23:26:20Z,1941-8764-4137,Reload rift mania first stand,mrcycx,FNC,,free for all,head
2026-09-27T23:26:20Z,3235-6008-7925,NITRO DOCKS,panarohd,UEFN,,race|driver simulator|friendly|casual,head
2026-09-27T23:26:20Z,3214-4772-5943,FAST WORLD CLASS FFA,brup,UEFN,,teams|music|party game|adventure,head
2026-09-27T23:26:20Z,5663-3255-8877,🔥BRAINROT GUNGAME CITY🎯,pahanokrat,UEFN,,adventure|rpg|memes|just for fun,head
2026-09-27T23:26:20Z,8563-7155-2839,ماب حشر,da722,FNC,,melee|shooter|respawn|free for all,head
2026-09-27T23:26:20Z,5805-2947-6690,SKY SPEED OPEN WORLD,barx,UEFN,,party game|music|free for all|teams,head
2026-09-27T23:26:20Z,6592-4706-9324,meliodas tounament,themeliodas,FNC,,edit course,head
2026-09-27T23:26:20Z,8145-6168-2261,RADICAL KIDS RAMP - CAR GAME,dalilaaraujo,UEFN,SQUID GAME,race|objective|exploration|survival,head
2026-09-27T23:26:20Z,4262-6335-3767,HARD PARKOUR 4747 DEATHRUN باركور,iamspecial,UEFN,,parkour|deathrun|difficulty: hard|difficulty: impossible,head
2026-09-27T23:26:20Z,3859-8345-1461,WACKY RACES - CAR GAME,michaelnoah,UEFN,TMNT,race|objective|exploration|open world,head
2026-09-27T23:26:20Z,0631-5598-4588,🔴🔵 CRAZY RED VS BLUE 🔴🔵 SPRITES,bayabunio,UEFN,,shooter|pvp|tycoon|team deathmatch,head
2026-09-27T23:26:20Z,2017-7016-0427,Zombie shore,zombieworld,FNC,THE WALKING DEAD UNIVERSE,co-op|creatures|pve|rounds,head
2026-09-27T23:26:20Z,3108-7375-7736,RVB RED VS BLUE COOL,verq,UEFN,,team deathmatch|just for fun|free for all|shooter,head
2026-09-27T23:26:20Z,2031-2529-5814,Practica 1 v 1,mario82,UEFN,,1v1|pvp|practice|battle,head
2026-09-27T23:26:20Z,1514-3247-5741,🏃TargetRun🎯,0slt0,FNC,,objective|parkour|action|prop hunt,head
2026-09-27T23:26:20Z,0750-2420-0450,CAR CHAOS: DUO GARAGE WARS,tip94,UEFN,,duo|tycoon|arena|competitive,head
2026-09-27T23:26:20Z,0730-0175-6539,RAPID 1V1 ZONEWARS,bluewtw,UEFN,,1v1|zonewars|practice|competitive,catalog
2026-09-27T23:26:20Z,8310-7189-5665,Fashion Show,bar20428,UEFN,,fashion,catalog
2026-09-27T23:26:20Z,7197-6485-6279,NEXUS COLISEUM: KING OF THE HILL,c3ntral.gg,UEFN,,king of the hill|pvp|arena|competitive,catalog
2026-09-27T23:26:20Z,9353-4374-2762,INFINITE PILLARS,hmos,UEFN,,minigame|just for fun|pvp|party game,catalog
2026-09-27T23:26:20Z,6076-4716-1709,🏙️ NEW Work RP - 2.5 - 🏙️,bxb5-0-4,UEFN,,role playing,catalog
2026-09-27T23:26:20Z,8434-4477-4301,RVB GOATED RED VS BLUE BOSS,1v1-maps,UEFN,,team deathmatch|pvp|just for fun|free for all,catalog
2026-09-27T23:26:20Z,4104-0932-2061,🔥nova RP🔥,andxsniper,UEFN,,role playing,catalog
2026-09-27T23:26:20Z,3345-5863-9020,Justice RP💎,affn98,UEFN,,role playing,catalog
2026-09-27T23:26:20Z,9186-6428-5759,THE PILLERS PIL PILAR,r_e_z_e,UEFN,,just for fun|party game|free for all|minigame,catalog
2026-09-27T23:26:20Z,8870-8857-1491,Minecraft 1,uefn-prime,UEFN,Star Wars,action|8v8|team deathmatch|building,catalog
2026-09-27T23:26:20Z,4051-0960-4665,Dallas Freebuild,xsetclixx,FNC,,building|competitive|edit course|training,catalog
2026-09-27T23:26:20Z,3851-5876-6184,ASMR 1V1V1 ALL GUNS,zaxyfn,UEFN,,free for all|pvp|practice|just for fun,catalog
2026-09-27T23:26:20Z,7699-7764-8362,SUPER PILLERS PILARS PILL,r_e_z_e,UEFN,,just for fun|minigame|party game|pvp,catalog
2026-09-27T23:26:20Z,6320-9180-1408,Athletic for Brainrot[Beta],akinobin,UEFN,,casual|tycoon|deathrun|collection,catalog
2026-09-27T23:26:20Z,5212-0927-5879,MEDIUM PARKOUR ⭐️ 6767 DEATHRUN باركور,qabou,FNC,,parkour|deathrun|difficulty: easy|just for fun,catalog
2026-09-27T23:26:20Z,8740-7016-9912,THE PILLARS PILA,r_e_z_e,UEFN,,just for fun|minigame|party game|pvp,catalog
2026-09-27T23:26:20Z,8791-5491-9372,CRAZY PILLARS PILL,r_e_z_e,UEFN,,battle|just for fun|minigame|free for all,catalog
2026-09-27T23:26:20Z,3604-7778-7518,SUPER PILLERS PILARS,r_e_z_e,UEFN,,just for fun|minigame|party game|pvp,catalog
2026-09-27T23:26:20Z,8709-9911-6318,THE PILLERS PILARS PILERS PVP,r_e_z_e,UEFN,,just for fun|minigame|pvp|free for all,catalog
2026-09-27T23:26:20Z,0676-4793-2189,SUPER PILLARS PILERS,r_e_z_e,UEFN,,just for fun|minigame|pvp|free for all,catalog
2026-09-27T23:26:20Z,5336-3056-8899,SPIDER-MANN BRAND NEW DAY🕸️,zaxyfn,UEFN,,free for all|practice|shooter|competitive,catalog
2026-09-27T23:26:20Z,7910-8528-7656,SUPER PILLARS PILLERS PILARS,r_e_z_e,UEFN,,free for all|minigame|just for fun|pvp,catalog
2026-09-27T23:26:20Z,1865-0034-3283,THE PILLERS PILARS PILAL,r_e_z_e,UEFN,,free for all|minigame|pvp|just for fun,catalog
2026-09-27T23:26:20Z,2976-8710-2004,THE PILLARS PILAL,r_e_z_e,UEFN,,minigame|just for fun|pvp|free for all,catalog
2026-09-27T23:26:20Z,5175-4311-2087,🌴 FBZ paradise 🌴,aplatl4b,UEFN,,role playing,catalog
2026-09-27T23:26:20Z,1743-8788-8196,SUPER PILLARS PIAL,r_e_z_e,UEFN,,minigame|free for all|just for fun|pvp,catalog
2026-09-27T23:26:20Z,5884-5700-7040,Trade A Sprite! 🔄,igooania,UEFN,,role playing|party world|party game|minigame,catalog
2026-09-27T23:26:20Z,0358-4335-2879,ercaudillo3,alex_ytxd,UEFN,,1v1|6v6|7v7|8v8,catalog
2026-09-27T23:26:20Z,0049-6135-8821,THE PILLARS PILAL,r_e_z_e,UEFN,,rounds|free for all|pvp|just for fun,catalog
2026-09-27T23:26:20Z,8012-9940-4468,Scrap Company,jonynoly,UEFN,Star Wars,strategy|prop hunt|collection|deathrun,catalog
2026-09-27T23:26:20Z,6452-1288-9903,Royale blitz,lapin,UEFN,,fighting|building|battle|competitive,catalog
2026-09-27T23:26:20Z,6522-1253-5999,ULTIMATE ZONE WARS (1V1-4V4),sxn1,UEFN,,zonewars|1v1|4v4|building,catalog
2026-09-27T23:26:20Z,4186-8584-2956,DUO LATE GAME COMEBACK !!!,fwooo,UEFN,,zonewars|battle royale|competitive|building,catalog
2026-09-27T23:26:20Z,3347-1581-4305,👑 EL CAUDILLO RP 2.0 FN 👑,alex_ytxd,UEFN,,1v1|3v3|5v5|role playing,catalog
2026-09-27T23:26:20Z,1091-9240-9185,Resolve Vs Fortforge: Red vs Blue,carmichael,UEFN,,pvp|skills|zonewars,catalog
2026-09-27T23:26:20Z,2941-5133-1356,FRENCH PARTY ROYALE 🇫🇷,antouuoine,UEFN,,casual|party world|party game|role playing,catalog
2026-09-27T23:26:20Z,2227-1223-8973,zombie tilted tower chapitre 2 S1,juitag,FNC,,1v1,catalog
2026-09-27T23:26:20Z,4074-7846-2481,ROOFTOP RELOAD RANKED FFA PVP,hitmancobra,UEFN,,free for all|pvp|1v1|boxfight,catalog
2026-09-27T23:26:20Z,8546-6763-1081,TRANSAVIA RP,999nya.exe,UEFN,,role playing|rpg|simulator,catalog
2026-09-27T23:26:20Z,7341-3325-5466,Prop Hunt Noel Wolf,lapin,UEFN,,prop|battle|funny|prop hunt,catalog
2026-09-27T23:26:20Z,8888-5638-8085,1V1 BUILD FIGHTS [SEIL],seilfn,UEFN,,1v1|competitive|training|practice,catalog
2026-09-27T23:26:20Z,9587-2643-5348,BadShiira Paradise 2.0,badshiira,UEFN,,role playing|friendly|sandbox|hub,catalog
2026-09-27T23:26:20Z,9234-5707-6382,FNAF META NIGHT SHIFT SURVIVAL,pbn,UEFN,,survival horror|horror|escape|party game,catalog
2026-09-27T23:26:20Z,4042-5929-9788,Le jugement des casos - diegoroblox54,andxsniper,FNC,,rpg,catalog
2026-09-27T23:26:20Z,0379-4153-2731,CRAZY TUNNELS 1V1 GUNS GALORE FFA,hitmancobra,UEFN,,1v1|free for all|just for fun|pvp,catalog
2026-09-27T23:26:20Z,2089-8604-1491,REPO SURVIVAL,pbn,UEFN,,creatures|survival horror|escape|pve,catalog
2026-09-27T23:26:20Z,0007-1799-1622,THE ELITE 🔴🔵 RED VS BLUE,bouchrif,UEFN,,action|team deathmatch|just for fun|pvp,catalog
2026-09-27T23:26:20Z,7583-0761-1094,BRAINROT 1 SHOT GUN GAME TILTED REMIX,hitmancobra,UEFN,,gun game|memes|just for fun|one shot,catalog
2026-09-27T23:26:20Z,5807-5811-3174,SPOOKY RELOAD 1V1V1 REALISTICS FFA,hitmancobra,UEFN,,zonewars|free for all|1v1|pvp,catalog
2026-09-27T23:26:20Z,3181-7167-2202,SPIN CRAZY RED VS BLUE 🔴🔵,smizox_yt,UEFN,,action|fighting|team deathmatch|just for fun,catalog
2026-09-27T23:26:20Z,8214-5038-4559,PILLARS - FG,fgteev,UEFN,,funny|pvp|rounds|gun game,catalog
2026-09-27T23:26:20Z,0864-7620-6924,1v1 infinite build,1v1-box-arena,UEFN,,1v1|practice|building|competitive,catalog
2026-09-27T23:26:20Z,7450-4377-4644,CHAOS PILLARS,zembix,UEFN,,just for fun|minigame|party game|pvp,catalog
2026-09-27T23:26:20Z,9047-7662-0357,99 BOTS: MEGA,converge,FNC,,practice|pve|training|shooter,catalog
2026-09-27T23:26:20Z,4595-2715-4935,MEGA RAMP ZUMBIS,studiotx3,UEFN,,race|minigame|friendly|boss battle,catalog
2026-09-27T23:26:20Z,9646-6920-5161,(#1) Coral br - Far Beyond 🗺️,tapwrench,FNC,,minigame|free for all|just for fun|shooter,catalog
2026-09-27T23:26:20Z,8226-5268-4622,Bot Royale: SLURP💧,converge,FNC,,pve|practice|training|co-op,catalog
2026-09-27T23:26:20Z,7818-1486-0261,Five Nights at the Pizzeria Survival,triforgedevs,FNC,,survival|adventure|escape|story,catalog
2026-09-27T23:26:20Z,1409-4613-9805,ADHD 1v1 Map,kappy,FNC,,1v1|2v2,catalog
2026-09-27T23:26:20Z,1797-0467-4369,Fvnz Box Fights,munkifv,UEFN,,boxfight|free for all,catalog
2026-09-27T23:26:20Z,0530-7874-6625,Canyon battle royal,minecraftdud21,FNC,,battle royale|just for fun,catalog
2026-09-27T23:26:20Z,9426-2571-2914,charge shotgun box fight,minecraftdud21,FNC,,boxfight|just for fun,catalog
2026-09-27T23:26:20Z,8898-1494-8559,Floating Island (Leo),minecraftdud21,FNC,,just for fun,catalog
2026-09-28T01:57:44Z,4272-2783-3470,PROP HUNT: BlackMirrows,blackmirrows,UEFN,,prop hunt|party game,head
2026-09-28T01:57:44Z,8020-4281-0180,PILLAR BOX FIGHT,sitch,FNC,,boxfight,head
2026-09-28T01:57:44Z,2306-2503-4579,🤷 6 7 Why Escape Room,blurmaps,UEFN,,strategy|minigame|puzzle|party game,head
2026-09-28T01:57:44Z,8199-3269-1209,DEEP RUSH: GUN GAME,hakualejo,UEFN,,gun game|free for all|gun fight|respawn,head
2026-09-28T01:57:44Z,9499-3005-2561,Spooky Hide & Seek,tucknrollma,FNC,,casual|fortnitemares|horror|just for fun,head
2026-09-28T01:57:44Z,9715-9537-6607,Moecing 1v1,moecing,FNC,,1v1,head
2026-09-28T01:57:44Z,6654-7702-0517,ZLX clean 1v1,ykfinn,UEFN,,1v1,head
2026-09-28T01:57:44Z,6022-4046-9115,🏆 Solo Scrims | 7777 ⚡️,r.r,UEFN,,zonewars|pvp|training|free for all,head
2026-09-28T01:57:44Z,2943-2286-4885,NO CHANCE ONESHOT,insider_billy,UEFN,,1v1|free for all|just for fun|one shot,head
2026-09-28T01:57:44Z,8502-9723-0629,9INE BOXFIGHT,xseta,FNC,,boxfight|battle royale|practice|building,head
2026-09-28T01:57:44Z,2447-7402-5339,1v1 box fight 12,pokemon99,FNC,,1v1|action,head
2026-09-28T01:57:44Z,9445-0937-1801,QUICK SHOT,ryansaw,FNC,,8v8|pvp|arena|shooter,head
2026-09-28T01:57:44Z,7994-6182-5648,AURA PILLARS PILERS PILARS,r_e_z_e,UEFN,,just for fun|minigame|party game|pvp,head
2026-09-28T01:57:44Z,9763-3567-5190,🌲 WILDLANDS FFA 🔥,xarch,UEFN,,1v1|free for all|building|casual,head
2026-09-28T01:57:44Z,8465-2655-1782,parkour INFINITE XP,returntoni,UEFN,,parkour|platformer|funny,head
2026-09-28T01:57:44Z,3438-7987-6568,Wreckscally Rocket Remix,valleydweller,UEFN,,timed|difficulty: easy,head
2026-09-28T01:57:44Z,2977-4503-7946,RACE TO WIN - CAR GAME,falamaxo4,UEFN,TMNT,race|just for fun|open world|objective,head
2026-09-28T01:57:44Z,7572-0970-6268,Raise a Pet,artificioo,UEFN,,collection|exploration|simulator|casual,head
2026-09-28T01:57:44Z,4782-7810-1070,SUPER RAMP FOR CARS - CAR GAME,falamaxo3,UEFN,TMNT,race|objective|exploration|survival,head
2026-09-28T01:57:44Z,6762-1223-8191,Défilé 2 mode 🎭,wanted2k26,FNC,,fighting,head
2026-09-28T01:57:44Z,1558-0505-0626,1v1 NEO FIGTHS!,godneo,UEFN,,1v1,head
2026-09-28T01:57:44Z,2955-0384-4679,FLICK FACTORY,panarohd,UEFN,,aim course|training|practice|single player,head
2026-09-28T01:57:44Z,3858-0097-2011,GIGA RED VS BLUE,kafson,FNC,,pvp|team deathmatch|gun game|just for fun,head
2026-09-28T01:57:44Z,8650-7666-3297,CARD CLASH 1V1-4V4,litereyli,UEFN,,1v1|arena|free for all|card game,head
2026-09-28T01:57:44Z,3495-9736-7936,Flanket Ch 1 s1 update 1.1,silenceroyale,FNC,,battle royale,head
2026-09-28T01:57:44Z,3148-8502-6626,HAPPY MEGA RAMP - CAR GAME,falamaxo1,UEFN,TMNT,race|objective|exploration|survival,head
2026-09-28T01:57:44Z,7918-2261-6749,HARD PARKOUR ⭐ 4067 Deathrun باركور,fence,UEFN,,parkour|difficulty: hard|deathrun|skills,head
2026-09-28T01:57:44Z,7972-3992-1320,RED VS BLU ARENA,wazz3,FNC,,8v8,head
2026-09-28T01:57:44Z,5985-3492-8272,التنين الأحمر🔴ضد الزعيق الأزرق🔵,zqzx,FNC,,shooter|competitive|free for all|building,head
2026-09-28T01:57:44Z,0359-5741-5536,Infinite 1v1 practice,astrokitty,UEFN,,1v1|practice,head
2026-09-28T01:57:44Z,6317-4546-8691,Elite Aim Edit Piece Practice🎯 [HaloBT],morehalobt,UEFN,,practice|aim course|edit course|1v1,head
2026-09-28T08:38:17Z,7745-7171-8084,STEAL THE CASH,gamr6798,FNC,,competitive|action|team deathmatch|pvp,head
2026-09-28T08:38:17Z,7797-1890-3768,Battlefort - First Person Shooter,valentronik,UEFN,,first person|battle|shooter|action,head
2026-09-28T08:38:17Z,9147-0130-0914,FINAL BRICK CIRCLE,brixo05,UEFN,,difficulty: hard|escape|survival horror|fashion,head
2026-09-28T08:38:17Z,8979-1581-7270,PAPER SIGNAL BELOW,amino05,UEFN,,4v4|action|battle|boxfight,head
2026-09-28T08:38:17Z,8868-1509-7580,Chicken Chase! 🍗,kuraima,UEFN,,driver simulator|race|open world|minigame,head
2026-09-28T08:38:17Z,6400-3267-3370,zone wars pvp,michas15,FNC,,free for all,head
2026-09-28T08:38:17Z,8693-9800-6183,LIMINAL LEVELS [HORROR ESCAPE],byrdie,UEFN,,horror|escape|survival horror|first person,head
2026-09-28T08:38:17Z,0568-8258-2491,DEATHRUN HALLOWEEN,boyboy,UEFN,,survival horror|parkour|deathrun|fortnitemares,head
2026-09-28T08:38:17Z,2315-1883-0153,RED VS BLUE 🔴🔵 MEGAAA,idg,UEFN,TMNT,team deathmatch|shooter|free for all|pvp,head
2026-09-28T08:38:17Z,9446-9735-1229,Scrap Metal Mayhem,yukiki,UEFN,,driver simulator|race|open world|minigame,head
2026-09-28T08:38:17Z,1130-5659-4638,15 Hard Levels Deathrun 1.0,ryn0x,FNC,,deathrun|difficulty: hard|difficulty: very hard,head
2026-09-28T08:38:17Z,1048-3587-2175,InternetCafeTycoon,happygame,UEFN,,tycoon|simulator|casual|just for fun,head
2026-09-28T08:38:17Z,7819-7631-7675,Veputy's FFA Zonewars,veputy,FNC,,zonewars|free for all,head
2026-09-28T08:38:17Z,4450-7921-7470,Llama Drift Royale,sakuko,UEFN,,driver simulator|race|open world|minigame,head
2026-09-28T08:38:17Z,9879-4921-3777,Futura Skyway,swimmable,UEFN,Rocket Racing,race|party game|atmospheric,head
2026-09-28T08:38:17Z,0287-9627-2093,DEADLOCK,pakennuzis,UEFN,,free for all|battle,head
2026-09-28T08:38:17Z,3558-1012-6686,HER EMPIRE,overmod,UEFN,,tycoon|simulator|role playing,head
2026-09-28T08:38:17Z,4400-6303-7717,🚗Zombie World Driving FFA 🧟,unosteam,UEFN,The Walking Dead Universe,driver simulator|race|open world|creatures,head
2026-09-28T08:38:17Z,1954-0161-1504,KURBO 1V1,kurbofn,FNC,,1v1,head
2026-09-28T08:38:17Z,0044-2387-9473,Neon Drift: T-Rex Rush 🏎️,ryuronin,UEFN,,driver simulator|race|open world|minigame,head
2026-09-28T08:38:17Z,9058-5022-5415,OG LOOT PILLARS,lightningblast,UEFN,,just for fun|minigame|party game|pvp,head
2026-09-28T08:38:17Z,2112-1297-4190,Neon Cliff Run 🏎️,hikaroo,UEFN,,driver simulator|race|open world|minigame,head
2026-09-28T08:38:17Z,3915-5848-6161,Metric Mini Royale,mndstudioz,FNC,,battle|battle royale|building|fighting,head
2026-09-28T08:38:17Z,6478-9969-5721,🎆 Red vs Blue 👑 - Rogue Paradox,ngoty,UEFN,,just for fun|fighting|gun fight|team deathmatch,head
2026-09-28T08:38:17Z,5276-8600-3617,+1 Aura for Brainrot,7stacks,UEFN,,casual|just for fun|simulator|tycoon,head
2026-09-28T08:38:17Z,9634-6299-0957,Turbo Paws: Mech Race 🏎️,hanachan,UEFN,,driver simulator|race|open world|minigame,head
2026-09-28T08:38:17Z,3466-4967-0779,1V1  ZB Showdown,agent810,FNC,,1v1|competitive|pvp|just for fun,head
2026-09-28T08:38:17Z,8069-0498-5801,🔧 DRIVE CITY CAR GAMES🕹️,jhonyside,UEFN,The Walking Dead Universe,race|driver simulator|objective|just for fun,head
2026-09-28T08:38:17Z,4903-7658-7172,HARD PARKOUR⭐ NO CHECKPOINTS,oneshot74,UEFN,,parkour|deathrun|platformer|difficulty: hard,head
2026-09-28T08:38:17Z,4034-4057-3883,SNIPER ONE SHOT 🎯ULTRA SUPREME ✅,rafamanon,UEFN,,one shot|sniper|casual|free for all,head
2026-09-28T08:38:17Z,3610-8989-1839,ZVX ZONE WARS,zvxmatthew,UEFN,,battle|free for all|zonewars|training,head
2026-09-28T08:38:17Z,0600-5113-1592,CITY NEW FREE FOR ALL,jhonyside,UEFN,TMNT,race|objective|just for fun|driver simulator,head
2026-09-28T08:38:17Z,6256-4138-5826,Monster Coast Rush 🏎️,coin-xp-steal,UEFN,,driver simulator|race|open world|minigame,head
2026-09-28T08:38:17Z,5173-4630-1142,🏃 FALLING BALLS OBBY,imran13k,UEFN,,platformer|just for fun|friendly|runner,head
2026-09-28T08:38:17Z,4384-2313-2134,JUMP & JUNK BLEACHERS,xavier67,FNC,,arena|competitive|1v1|boxfight,head
2026-09-28T08:38:17Z,7376-5149-7966,Steal The Cart,3eskr,UEFN,,free for all|funny|party game|minigame,head
2026-09-28T08:38:17Z,0535-4198-6805,NM Royale,ngmp,FNC,,battle royale,head
2026-09-28T08:38:17Z,6670-6276-2195,PARTY ROLL,falcoooz,UEFN,,pvp|minigame|board game|strategy,head
2026-09-28T08:38:17Z,2336-9687-4713,Neon Drift: Rubber Ducky Rampage,fn360,UEFN,,driver simulator|race|open world|minigame,head
2026-09-28T08:38:17Z,0730-8049-1816,🎮ULTRA CARS BATTLE * GIGA 🔴 CITY🚗,pituxoside,UEFN,SQUID GAME,race|driver simulator|just for fun|survival,head
2026-09-28T08:38:17Z,7046-6721-0943,Clean All The Leaves,volvawen,UEFN,,just for fun|simulator|adventure|tycoon,head
2026-09-28T08:38:17Z,0661-7744-4305,TRIO ENDGAME [PRACTICE],luisda0,UEFN,,competitive|building|trios|practice,head
2026-09-28T08:38:17Z,8102-8397-6816,1V1V1 RELOAD DINO,dinosaure,FNC,,1v1|pvp|practice|battle royale,head
2026-09-28T08:38:17Z,8825-7328-5779,ANI poyect RP,animations11,FNC,,2d,head
2026-09-28T08:38:17Z,2830-0003-1682,10v10 WAR,back-slide26,UEFN,,8v8|3v3|1v1|free for all,head
2026-09-28T08:38:17Z,4331-0580-4989,PILLARS OF TERROR,boyboy,UEFN,,survival horror|minigame|party game|casual,head
2026-09-28T08:38:17Z,6330-2585-4553,🌫️ FOG TRICKSHOT HUNT 🌫️🎯,kolo123pl,UEFN,,deathrun|parkour|minigame|music,head
2026-09-28T08:38:17Z,8061-8605-0515,SUPER CITY BATTLE - CAR GAME,falaxo2,UEFN,SQUID GAME,race|objective|exploration|creatures,head
2026-09-28T08:38:17Z,7909-9485-2898,SVP Zone Wars (V2),babyplutosvp,FNC,,zonewars,head
2026-09-28T08:38:17Z,0871-9490-5270,MATAS 1V1 BUILD FIGHTS 🏆,tylerxfps,FNC,,1v1|building|practice|competitive,head
2026-09-28T08:38:17Z,1996-1312-3945,Silo 1v1 Build Fights (200 pump),silo1x,UEFN,,1v1|2v2|3v3,head
2026-09-28T08:38:17Z,3060-5657-4108,Gun Game: Dark Castle,d2n1to,FNC,,shooter|free for all|horror|battle,head
2026-09-28T08:38:17Z,2239-4782-2673,Mayhem 🔴 Red Vs Blue 🔴 🌀,magixxlff,UEFN,,shooter|team deathmatch|party game|pvp,head
2026-09-28T08:38:17Z,1755-6919-3683,Emerald's Temple 4v4,juke13,FNC,,4v4|squad|free for all,head
2026-09-28T08:38:17Z,9520-9112-0696,SUPER-SPEED - CAR GAME,murilorios,UEFN,TMNT,race|objective|just for fun|open world,head
2026-09-28T08:38:17Z,8685-5298-3210,The Coming event,silenceroyale,FNC,,event,head
2026-09-28T08:38:17Z,6133-9486-7789,Nashflx 1v1,nashflx,FNC,,1v1,head
2026-09-28T08:38:17Z,9166-5560-9492,REDvsBLUE — Reckoning 🔵,chocolatefarm1,UEFN,,strategy|teams|pvp|just for fun,head
2026-09-28T08:38:17Z,4042-1225-8092,JUGEMENT 66z RP 🌆 #2k26,wanted2k26,FNC,,survival|fighting,head
2026-09-28T08:38:17Z,2558-0951-1393,🚨 ILLEGAL FOOTBALL ⚽,guli,UEFN,,just for fun|party game|minigame|pvp,head
2026-09-28T08:38:17Z,0086-6329-1659,ITEM_MASTER,plepa,UEFN,,just for fun|casual|party game,head
2026-09-28T08:38:17Z,4340-9588-1891,Just Up: 8 Worlds Parkour 🌍,arounio,UEFN,,parkour|deathrun|platformer|skills,head
2026-09-28T08:38:17Z,6202-9966-8081,🚗 Fortnitemares Road 🚗,racemaps,UEFN,The Walking Dead Universe,driver simulator|adventure|fortnitemares|just for fun,head
2026-09-28T08:38:17Z,7992-2431-5869,Battle CIty 🏙️,sachiko,UEFN,,free for all|creatures|open world|fortnitemares,head
2026-09-28T08:38:17Z,3918-0251-1061,Major Blast [Music Rhythm Shooter],herogameaudio,UEFN,,music|shooter|classes|teams,head
2026-09-28T08:38:17Z,8541-5086-2780,FIND THE NEEDLE,dani280n2,UEFN,,tycoon|base|strategy|search & destroy,head
2026-09-28T17:04:16Z,5130-5434-2838,⭐GUESS THE CORRECT LOGOS🔍 [BRAINROT] 🤣,allweapons,UEFN,FALL GUYS,deathrun|parkour|quiz|just for fun,head
2026-09-28T17:04:16Z,0674-1496-9561,RED VS BLIUE TITLE MON RVB,faxio,UEFN,,team deathmatch|free for all|gun game|competitive,head
2026-09-28T17:04:16Z,2607-5812-0757,Xren Endgame,xren7,UEFN,,zonewars|solo|competitive|practice,head
2026-09-28T17:04:16Z,2404-0961-2620,RED VS BLUE RVB POWER SUPER,gaxio,UEFN,,team deathmatch|free for all|gun game|competitive,head
2026-09-28T17:04:16Z,2573-0130-9526,🦫 ANGRY BEAVER TRICKSHOT — 80 Levels 🪵,vivalorizzodai,UEFN,,deathrun|minigame|parkour|just for fun,head
2026-09-28T17:04:16Z,0475-6944-9917,RED VS BLUE 🔴🔵 UNSTOPPABLE,runner2,UEFN,,just for fun|free for all|action|team deathmatch,head
2026-09-28T17:04:16Z,1257-4855-3910,BlakeFN Box Fights,blake_fn,FNC,,boxfight|building|shooter,head
2026-09-28T17:04:16Z,1987-7958-3518,RED VS BLUE🔴🔵 IZZI,fantum23,UEFN,,just for fun|free for all|action|team deathmatch,head
2026-09-28T17:04:16Z,8055-1049-2809,RED VS BLUE🔴🔵🏆 Victory Focused,armando23,UEFN,,just for fun|free for all|action|team deathmatch,head
2026-09-28T17:04:16Z,6206-4426-9582,1v1 VEXON BUILD FIGHTS,v.xn,UEFN,,1v1|pvp|building,head
2026-09-28T17:04:16Z,7047-3810-8250,DEATHRUN EASY 355 LEVELS,lzprime1v5,UEFN,,deathrun|strategy|skills|parkour,head
2026-09-28T17:04:16Z,8445-1409-2292,GUESS THE LOGO 🔎 PARKOUR OBBY NITRO 🌈,parkourdeathrun,UEFN,LEGO,deathrun|parkour|minigame|just for fun,head
2026-09-28T17:04:16Z,5816-4494-7756,ANIME PILLARS pillers pilars pilers,oliboibtw,UEFN,,minigame|party game|adventure|free for all,head
2026-09-28T17:04:16Z,8872-4510-8888,OG JUGEMENT SHADOW 🎃,tekofn,FNC,,rpg|friendly,head
2026-09-28T17:04:16Z,9164-3954-9904,RIVALS BOSS,shortyx7,UEFN,Star Wars,adventure|rpg|just for fun|funny,head
2026-09-28T17:04:16Z,8831-4149-3283,POPPY PLAYTIME SCARY 6 [HORROR],misolo3,UEFN,,survival horror|horror|escape|party game,head
2026-09-28T17:04:16Z,tournament_epicgames_s42_psnickeh30_zb_br,,epic,,,competitive,head
2026-09-28T17:04:16Z,tournament_epicgames_s42_psnickeh30_br,,epic,,,competitive,head
2026-09-28T17:04:16Z,tournament_epicgames_s42_psnickeh30_me,,epic,,,competitive,head
2026-09-28T17:04:16Z,tournament_epicgames_s42_psnickeh30_zb_asia,,epic,,,competitive,head
2026-09-28T17:04:16Z,tournament_epicgames_s42_psnickeh30_nac,,epic,,,competitive,head
2026-09-28T17:04:16Z,tournament_epicgames_s42_psnickeh30_zb_nac,,epic,,,competitive,head
2026-09-28T17:04:16Z,tournament_epicgames_s42_psnickeh30_asia,,epic,,,competitive,head
2026-09-28T17:04:16Z,tournament_epicgames_s42_psnickeh30_zb_naw,,epic,,,competitive,head
2026-09-28T17:04:16Z,tournament_epicgames_s42_psnickeh30_zb_oce,,epic,,,competitive,head
2026-09-28T17:04:16Z,tournament_epicgames_s42_psnickeh30_naw,,epic,,,competitive,head
2026-09-28T17:04:16Z,tournament_epicgames_s42_psnickeh30_oce,,epic,,,competitive,head
2026-09-28T17:04:16Z,tournament_epicgames_s42_psnickeh30_eu,,epic,,,competitive,head
2026-09-28T17:04:16Z,tournament_epicgames_s42_psnickeh30_zb_eu,,epic,,,competitive,head
2026-09-28T17:04:16Z,tournament_epicgames_s42_psnickeh30_zb_me,,epic,,,competitive,head
2026-09-28T17:04:16Z,9435-4855-2926,MODERN MANSION HIDE AND SEEK 👀,seyyou,UEFN,,minigame|just for fun|infection|party game,head
2026-09-28T17:04:16Z,9277-7757-1803,MEDIUM PARKOUR 250 LEVELS 8111 DEATHRUN,piplays9,UEFN,,deathrun|funny|difficulty: medium|difficulty: hard,head
2026-09-28T17:04:16Z,9029-6984-8118,DEATHRUN EASY 347 LEVELS,lzprime1v5,UEFN,,deathrun|strategy|skills|parkour,head
2026-09-28T17:04:16Z,7012-8841-7629,POPPY PLAYTIME EVIL [HORROR],misolo3,UEFN,,horror|survival horror|pve|escape,head
2026-09-28T17:04:16Z,2069-4311-1803,PatitaFN 1v1,syncalvarito,FNC,,1v1|respawn|building|battle,head
2026-09-28T17:04:16Z,0597-8279-0107,Champion BOX PVP,edmire,UEFN,,pvp|boxfight|zonewars,head
2026-09-28T17:04:16Z,1597-7413-5119,MELT JELLY FOR BRAINROTS,auga,UEFN,,tycoon|casual|simulator|just for fun,head
2026-09-28T17:04:16Z,3108-0014-8284,🔴 RED VS BLUE 🔵 | 8V8 ARENA,esurb,UEFN,,8v8|action|teams|arena,head
2026-09-28T17:04:16Z,3601-6523-2439,TEAM ML LÉGENDE,immortel,FNC,,1v1|fighting|action,head
2026-09-28T17:04:16Z,6567-2495-8285,LAST STORM  🌀 - SOLO,roroocorp2.0,FNC,,solo|practice|zonewars|building,head
2026-09-28T17:04:16Z,8287-7654-8852,LKSS 1v1 MAP (200 PUMPS),lksprime,UEFN,,1v1|competitive|building|practice,head
2026-09-28T17:04:16Z,4031-0333-9911,DUOLATE G,mio-khalifa,UEFN,,1v1|2v2|3v3|4v4,head
2026-09-28T17:04:16Z,8036-0475-1121,THE PROS,alhaiyana,FNC,,team deathmatch,head
2026-09-28T17:04:16Z,9146-1881-2792,🧩ESCAPE ROOM 67 CRAZY🧩,mrkentaki,UEFN,LEGO,deathrun|escape|minigame|just for fun,head
2026-09-28T17:04:16Z,0116-9702-0569,reload 1v1v1 reload,kevinsixx,UEFN,,free for all|practice|pvp|1v1,head
2026-09-28T17:04:16Z,0326-8407-3730,🧠BRAINROTS BOXFIGHTS [V2.0]📦,brainrot67,UEFN,,boxfight|pvp|practice|memes,head
2026-09-28T17:04:16Z,4276-3872-3776,HARD PARKOUR 20 LEVEL 😈 1567 باركور,alan001,UEFN,,deathrun|difficulty: impossible|difficulty: hard|parkour,head
2026-09-28T17:04:16Z,3180-0403-7870,BRAINROT DRILL TYCOON,pickstudio,UEFN,,tycoon|simulator|casual,head
2026-09-28T17:04:16Z,4408-6023-1319,1v1v1 ROTATE,o7g,UEFN,,party game|pvp|just for fun|minigame,head
2026-09-28T17:04:16Z,8833-9428-1628,GUESS THE LOGO QUIZ GAME 🧠,goatbot,UEFN,LEGO,quiz|difficulty: easy|funny,head
2026-09-28T17:04:16Z,9199-2362-8493,باركور 13 مرحله صعب,3551-5071-0923-y,FNC,,parkour,head
2026-09-28T17:04:16Z,6257-1947-4008,Animal Battle Stats,a2-ozoll,UEFN,,collection|card game|creatures|boss battle,head
2026-09-28T17:04:16Z,8004-8456-4754,IAXU DEATHRUN 1.0  ⭐ +20 HARD LEVELS,iaxu,UEFN,,parkour|deathrun|just for fun|difficulty: impossible,head
2026-09-28T17:04:16Z,4066-8841-6040,1v1 Arena,nightmp,FNC,,1v1|practice|building|competitive,head
2026-09-28T17:04:16Z,5459-7171-2956,LANE DASH FFA,dna424,UEFN,,free for all|pvp|minigame|party game,head
2026-09-28T17:04:16Z,8980-0198-3292,RED VS BLUE | DONALD GRIMALDO,donald67,UEFN,,team deathmatch|action|competitive|pvp,head
2026-09-28T17:04:16Z,8940-5689-7282,🐐 CLASSIC GO GOATED - ZONE WARS 🐐,oscarcougar,FNC,,battle|zonewars|pvp|practice,head
2026-09-28T17:04:16Z,7601-6426-3391,Grass Cutting Simulator 🌾💪,vexora,UEFN,,farming simulator|simulator|collection|tycoon,head
2026-09-28T17:04:16Z,5563-7406-0856,ONLY PUMP,pinkcrea,UEFN,,free for all|practice|pvp|boxfight,head
2026-09-28T17:04:16Z,4685-7513-9164,rom4nfn 1v1,rom4nfn,UEFN,,1v1|practice|competitive|fighting,head
2026-09-28T17:04:16Z,7785-6049-1198,Raider V4 1v1 edit,17strom,FNC,,1v1|edit course,head
2026-09-28T17:04:16Z,7660-7651-0916,1v1 venom,venom78,FNC,,1v1,head
2026-09-28T17:04:16Z,8693-4344-1846,Edit Wars 🔥 PVE,miazkka,FNC,,just for fun|casual|minigame|arena,head
2026-09-28T17:04:16Z,3914-4388-1428,🛡️ KNIGHT TRICKSHOT TRIAL 🛡️🎯,januszbiedra,UEFN,,music|deathrun|parkour|just for fun,head
2026-09-28T17:04:16Z,5806-7486-0073,تحدي السرعه (8276) THE FLASH,klt7,UEFN,,deathrun|parkour|just for fun|difficulty: medium,head
2026-09-28T17:04:16Z,4553-0739-9901,1v1 or 16 players,x_ostora_x,FNC,,building|1v1|free for all|training,head
2026-09-28T17:04:16Z,8234-7940-1781,QUIET BRIDGE MEMORY,mavik05,UEFN,,moba|simulator|hub|tutorial,head
2026-09-28T17:04:16Z,5388-3618-9718,SOLID ROPE SIGNAL,veylo05,UEFN,,zonewars|peaceful|boss battle|difficulty: very hard,head
2026-09-28T17:04:16Z,9058-8952-1958,HOLLOW PAPER MACHINE,faron,UEFN,,base building|shooter|deathrun|runner,head
2026-09-28T17:04:16Z,7640-4930-9242,MELLOW STONE SIGNAL,praven,UEFN,,shooter|card game|crafting|7v7,head
2026-09-28T17:04:16Z,6984-2629-4901,FAINT CLOCK MEMORY,uven,UEFN,,fighting|friendly|co-op|show,head
2026-09-28T17:04:16Z,1457-7179-9806,EMPTY FRAME CIRCLE,ryla,UEFN,,base building|training|king of the hill|difficulty: impossible,head
2026-09-28T17:04:16Z,8981-3145-4568,ORANGE MIRROR BELOW,evrin,UEFN,,space|story|arena|defend,head
2026-09-28T17:04:16Z,3546-4330-3460,THIN BOTTLE SIGNAL,sylar05,UEFN,,space|attack|gun game|deathrun,head
2026-09-28T17:04:16Z,5959-4232-5059,DUSTY POCKET WINDOW,keral05,UEFN,,horror|shop|1v1|episodic,head
2026-09-28T17:04:16Z,7374-6474-7417,BROKEN RIBBON HOUSE,nerlo,UEFN,,choices matter|rpg|shop|top-down,head
2026-09-28T17:04:16Z,2744-9969-3076,SILENT MARBLE SIGNAL,glymo,UEFN,,prop hunt|seasonal|building|farming simulator,head
2026-09-28T17:04:16Z,7142-8929-5207,CROOKED LAMP THEORY,juvan,UEFN,,timed|co-op|squad|2v2,head
2026-09-28T17:04:16Z,9850-5709-5517,Box fight 1vs1 2vs2,veg3ta10,FNC,,1v1|2v2|3v3|4v4,head
2026-09-28T17:04:16Z,9331-5278-8527,WARM SCREEN MEMORY,savio05,UEFN,,boxfight|visual novel|zonewars|duo,head
2026-09-28T17:04:16Z,6186-7155-5984,VELVET SIGNAL HOUSE,cevan05,UEFN,,zonewars|retro|infection|difficulty: impossible,head
2026-09-28T17:04:16Z,8045-1014-9512,ROUND SHADOW MACHINE,orbel,UEFN,,pvp|difficulty: very hard|story|gun game,head
2026-09-28T17:04:16Z,6456-8939-4901,PALE WINDOW THEORY,drelio,UEFN,,parkour|card game|edit course|difficulty: hard,head
2026-09-28T17:04:16Z,6788-3674-6878,FADING CIRCLE PANEL,lirox05,UEFN,,search & destroy|prop hunt|boss battle|unbalanced teams,head
2026-09-28T17:04:16Z,8410-0520-9820,LIGHT CARPET THEORY,qavro,UEFN,,battle|competitive|roguelike|5v5,head
2026-09-28T17:04:16Z,3927-4568-5627,MISTY BUTTON MEMORY,huvan,UEFN,,fashion|gun fight|just for fun|open world,head
2026-09-28T17:04:16Z,7961-9698-1944,COLLECT BEES 🐝 🍯[NEW],globefn,UEFN,,tycoon|simulator|just for fun|casual,head
2026-09-28T17:04:16Z,1678-4806-6282,SOFT GLASS STATION,ildon,UEFN,,gun game|boss battle|artistic|roguelike,head
2026-09-28T17:04:16Z,5340-4479-2946,CALM TILE MACHINE,tovra,UEFN,,single player|horror|space|collection,head
2026-09-28T17:04:16Z,9456-4876-1926,سلط فايت 🎯 ALL SKINS 1V1,sl6,UEFN,Star Wars,free for all|1v1|practice|pvp,head
2026-09-28T17:04:16Z,8923-4468-4800,ODD GARDEN THEORY,tylor05,UEFN,,difficulty: impossible|top-down|practice|shooter,head
2026-09-28T17:04:16Z,0155-6015-0822,FESIL 1V1,fesilitaa,UEFN,,1v1,head
2026-09-28T17:04:16Z,2655-2232-7806,Easy lvl,rafaello07,UEFN,LEGO,horror|escape|minigame|just for fun,head
2026-09-28T17:04:16Z,9601-4662-5803,CARS AND GUNGAME 100+WEAPONS,vadimostrouhov,UEFN,,horror|survival horror|survival|escape,head
2026-09-28T17:04:16Z,6214-9922-8241,SOLO CHAPTER 5 LATEGAME OPTIMIZED😶‍🌫️,went0,UEFN,,battle royale|battle|simulator|clicker,head
2026-09-28T17:04:16Z,5254-9217-3387,PILLARS ASMR,michaelmoon,UEFN,,pvp|minigame|funny|party game,head
2026-09-28T17:04:16Z,4031-4635-0800,🕶️ STEALTH TRICKSHOT MISSION 🕶️🎯,sembasiasimy,UEFN,,deathrun|parkour|minigame|music,head
2026-09-28T17:04:16Z,7796-7701-5703,All AGAINST All,codeh,UEFN,,free for all|pvp|1v1|practice,head
2026-09-28T17:04:16Z,1457-4880-4526,1V1 AMAZING,tortik,UEFN,Star Wars,1v1|practice|building|competitive,head
2026-09-28T17:04:16Z,7595-6212-7592,RED VS BLUE | GRIMORIO DEL QUADRIFOGLIO,topodiragno,UEFN,,team deathmatch|action|competitive|pvp,head
2026-09-28T17:04:16Z,0567-9858-3628,MECHANICS TRAINING + free  build,tlf2,UEFN,,building|edit course,head
2026-09-28T17:04:16Z,3869-7705-8164,FOUR IN A ROW,msh3a,UEFN,,board game|strategy|turn-based|1v1,head
2026-09-28T17:04:16Z,4151-6574-3599,🎪🎲 GUN GAME 100+++🌈,vadimostrouhov,UEFN,,adventure|rpg|memes|just for fun,head
2026-09-28T17:04:16Z,2118-6893-9905,BOX PVP (sweat edition),odygamer,FNC,,difficulty: hard|competitive|8v8|fighting,head
2026-09-28T17:04:16Z,1795-1220-7739,🌲🚕🌲 DRIVING VALLEY 🌲🚕🌲,rtdox,UEFN,,adventure|role playing|party game|just for fun,head
2026-09-28T17:04:16Z,2306-1964-2311,❓ 9999 IQ TEST ❓ ESCAPE ROOM,dummymaps,UEFN,,strategy|escape|platformer|parkour,head
2026-09-28T17:04:16Z,6466-3211-3730,GODZILLA BOSS FIGHT EVENT - BOSSFIGHT,trineelgames,UEFN,,boss battle|survival|creatures|event,head
2026-09-28T17:04:16Z,9675-3006-0905,RED VS BLUE |||| TAB IN 5 HOURS,martesq,UEFN,,survival|team deathmatch|action|strategy,head
2026-09-28T17:04:16Z,8055-2368-9140,WILD LANDS FIGHT 1V1 WITH EVERY GUN,davidr2026,FNC,,pvp|just for fun|1v1,head
2026-09-28T17:04:16Z,5020-2891-1703,🏙️ SKYSCRAPER TRICKSHOT 🏙️🎯,ksiazulo,UEFN,,deathrun|parkour|minigame|music,head
2026-09-28T17:04:16Z,5197-2720-7641,Tilted towers power zone wars,thccowieninja,FNC,,zonewars,head
2026-09-28T17:04:16Z,8909-1214-4993,JUGEMENT TDM,el_escobar84,FNC,,free for all,head
2026-09-28T17:04:16Z,0347-4640-6107,KEEMY 1V1 MAP (200 PUMP),keemy11,UEFN,,1v1|practice|competitive|building,head
2026-09-28T17:04:16Z,9008-7720-5832,Mutant Tycon,eduardojribeiro,UEFN,,tycoon|collection|creatures|arena,head
2026-09-28T17:04:16Z,5917-7982-3756,BlakeFN Edit Wars,blake_fn,FNC,,action|survival|edit course,head
2026-09-28T17:04:16Z,8552-2345-8301,👑 AWESOME GUN GAME,diorarmani,UEFN,,music|memes|just for fun|free for all,head
2026-09-28T17:04:16Z,6342-7342-8257,Realistic Haunted House,coldhippo,FNC,SQUID GAME,horror,head
2026-09-28T17:04:16Z,0974-3700-3481,🌲 JUNGLE TRICKSHOT EXPEDITION 🌲🎯,kolo123pl,UEFN,,music|deathrun|parkour|minigame,head
2026-09-28T17:04:16Z,9562-9332-5212,RED VS BLUE ||| SKYFALL FLY,metano67,UEFN,,team deathmatch|strategy|action|adventure,head
2026-09-28T17:04:16Z,2768-4479-2208,7707,parkour67,FNC,,parkour,head
2026-09-28T17:04:16Z,7032-2588-7999,🎮 GAMER TRICKSHOT CHALLENGE 🎮🎯,martyna67,UEFN,,music|deathrun|parkour|minigame,head
2026-09-28T17:04:16Z,1190-3671-1222,🧲 POLAR TRICKSHOT BATTLE 🧲🎯,sicariobang,UEFN,,music|deathrun|just for fun|respawn,head
2026-09-28T17:04:16Z,6928-6141-1874,SNIPERS STAR WARS 🎯,budge0,UEFN,Star Wars,adventure|one shot|sniper|just for fun,head
2026-09-28T17:04:16Z,0497-7258-3393,FARM FOR EGGS PETS🐶,miconito,UEFN,LEGO,adventure|just for fun|tycoon|simulator,head
2026-09-28T17:04:16Z,7014-6844-6308,i just wanted to be my briother,notenough1,UEFN,,5v5|capture the flag|base building|minigame,head
2026-09-28T17:04:16Z,7122-8314-0384,🏆GUNGAME WITH🏆,diorarmani,UEFN,,horror|survival horror|pve|escape,head
2026-09-28T17:04:16Z,3661-8828-3645,spot premium reprofution,bbsaimon,UEFN,,2d|artistic|board game|1v1,head
2026-09-28T17:04:16Z,5317-6272-9816,🔥 250 LEVEL PARKOUR CHALLENGE! 🏆🔥,yohy,UEFN,,deathrun|difficulty: easy|just for fun|platformer,head
2026-09-28T17:04:16Z,0874-4442-5135,حشر 4Me,0f0,UEFN,,free for all|1v1,head
2026-09-28T17:04:16Z,1997-8201-9714,SNIPERS SQUID GAME 2 🎯,budge0,UEFN,SQUID GAME,one shot|shooter|aim course|event,head
2026-09-28T17:04:16Z,7451-5001-2979,🌋 EARTHQUAKE TRICKSHOT CHAOS 🌋🎯,crackhouse,UEFN,,deathrun|parkour|minigame|just for fun,head
2026-09-28T17:04:16Z,4508-5432-2594,🧊 ICEBERG TRICKSHOT SURVIVAL 🧊🎯,sigmatiktoker,UEFN,,deathrun|minigame|just for fun|music,head
2026-09-28T17:04:16Z,8122-8071-0519,[][][GUN GAMEGUNS ][][][,diorarmani,UEFN,,adventure|rpg|memes|just for fun,head
2026-09-28T17:04:16Z,6500-8647-4934,🏜️ PYRAMID TRICKSHOT QUEST 🏜️🎯,leniwiec4x,UEFN,,music|deathrun|parkour|minigame,head
2026-09-28T17:04:16Z,7595-3893-2703,🌈 RAINBOW TRICKSHOT WORLD 🌈🎯,zenekigma,UEFN,,deathrun|parkour|minigame|music,head
2026-09-28T17:04:16Z,2314-0440-9698,king vamp in the game,getintheway,UEFN,,atmospheric|capture the flag|difficulty: very hard|2d,head
2026-09-28T17:04:16Z,1633-8743-2444,sorry bout that,howtodoit,UEFN,,6v6|explosives|exploration|fashion,head
2026-09-28T17:04:16Z,5432-4025-2927,FREE BUILDING FFA PRO,c7i,FNC,,1v1|pvp|building|just for fun,head
2026-09-28T17:04:16Z,5055-8735-0538,ranked1v1LRS,lebambiino,UEFN,,solo|competitive|1v1|practice,head
2026-09-28T17:04:16Z,2662-6767-7966,Edit Course Training [WARM UP] 🎯,mezzx,UEFN,,single player|edit course|practice|solo,head
2026-09-28T17:04:16Z,1137-5532-3688,The Last Storm - 2v2 حروب المنطقة,1v1-1v1v1-maps,UEFN,,2v2|shooter|team deathmatch|zonewars,head
2026-09-28T17:04:16Z,5080-4524-8727,POPPY PLAYTIME SCARY [HORROR],diorarmani,UEFN,,horror|survival horror|boss battle|party game,head
2026-09-28T17:04:16Z,0115-3576-3286,تلتد x,obidax,FNC,,battle,head
2026-09-28T17:04:16Z,7574-8351-6959,Desert 1v1,chulah,FNC,,1v1|battle,head
2026-09-28T17:04:16Z,9113-8794-3687,تحديات جبرتي جماعية,jabrti,FNC,,capture the flag,head
2026-09-28T17:04:16Z,2569-8952-1958,OG 100 Level DEATHRUN,miazkka,FNC,,deathrun|parkour|just for fun|difficulty: easy,head
2026-09-28T17:04:16Z,3324-5038-7185,Omar Horror Island,adamcreator,UEFN,,pvp,head
2026-09-28T17:04:16Z,2217-8345-6957,SQUID GAME,1tht,UEFN,SQUID GAME,1v1|respawn|free for all,head
2026-09-28T17:04:16Z,8596-4220-5406,OG BHE 1v1 Build Fights,miazkka,FNC,,1v1|arena|just for fun|shooter,head
2026-09-28T17:04:16Z,6719-1403-7966,RICH FFA RIVALS ORIGINAL,coin-xp-brainrot,UEFN,,survival horror|creatures|race|driver simulator,head
2026-09-28T17:04:16Z,4408-2413-7071,FFA CITY RP MC,1v1-brainrot,UEFN,,survival horror|creatures|race|driver simulator,head
2026-09-28T17:04:16Z,8375-8655-1960,MEGA FFA CITY RP,1v1-brainrot,UEFN,,creatures|race|driver simulator|sports,head
2026-09-28T17:04:16Z,3781-6184-7915,BEST FFA CITY RP,x.o,UEFN,,survival horror|creatures|race|driver simulator,head
2026-09-28T17:04:16Z,3537-8369-8994,DRIVE WITH NEW DLSS5,mullvad,UEFN,,survival horror|creatures|race|driver simulator,head
2026-09-28T17:04:16Z,4293-1224-8252,DRIVE FFA RICH,uyj,UEFN,,survival horror|creatures|race|driver simulator,head
2026-09-28T17:04:16Z,0049-9946-9933,招待してね（招待OK状態です）,kogin,UEFN,,event,head
2026-09-28T17:04:16Z,6482-1145-8631,9667 ⚡ HARD PARKOUR DEATHRUN باركور,byemiliog,UEFN,,deathrun|parkour|difficulty: hard|difficulty: impossible,head
2026-09-28T17:04:16Z,2806-7240-1779,Og Moving Zone,orme,FNC,,action|battle royale|competitive,head
2026-09-28T17:04:16Z,4670-4599-4703,Driver Hood City🏙️,stanag50,UEFN,,role playing|open world|race|just for fun,head
2026-09-28T17:04:16Z,6594-6604-3713,MICH' DROPPER V1.5 REMAKE,rsf_studio,UEFN,,deathrun|parkour|just for fun|minigame,head
2026-09-28T17:04:16Z,0311-8536-8590,Reroll Arsenal,landers,UEFN,,practice|free for all|pvp|party game,head
2026-09-28T17:04:16Z,8688-9074-0789,REALISTIC PVP RELOAD,gatosfn,UEFN,Star Wars,1v1|practice|free for all|zonewars,head
2026-09-28T17:04:16Z,3622-4530-5547,Just for fun - Ranked 1v1,stanag50,UEFN,,1v1|action|just for fun|difficulty: hard,head
2026-09-28T17:04:16Z,7320-2000-4845,REALISTIC CHAPITRE 2 RELOAD - SNOKZY,snokzy,UEFN,,1v1|building|practice|pvp,head
2026-09-28T17:04:16Z,7713-3519-2989,PARKOR APEX,ap_ex,FNC,,parkour,head
2026-09-28T17:04:16Z,7541-0938-8558,The Last Storm - 2V2 Zone Wars,realjj,UEFN,,2v2|practice|team deathmatch|shooter,head
2026-09-28T17:04:16Z,5444-6569-9341,The Last Storm - 2V2,1v1-1v1v1-maps,UEFN,,2v2|shooter|team deathmatch|free for all,head
2026-09-28T17:04:16Z,0600-8584-3298,不可能跳跃跑酷50关,the_air,UEFN,,action,head
2026-09-28T17:04:16Z,3541-8506-1519,🚗DEMONS DRIVE🚗,rocketracingmaps,UEFN,KPop Demon Hunters,driver simulator|open world|fortnitemares|race,head
2026-09-28T17:04:16Z,4086-7638-9717,TOKYO FFA,treza,FNC,,fighting|pvp|survival|funny,head
2026-09-28T17:04:16Z,0696-4257-0791,Mega Battle City,pdgames,UEFN,,role playing|open world|fortnitemares|survival horror,head
2026-09-28T17:04:16Z,3849-1819-5735,25 Level Deathrun Hard صعب,timurrr,UEFN,,parkour|deathrun|difficulty: hard,head
2026-09-28T17:04:16Z,7630-9206-8279,Efflux Horizon 2,jonesymakes,UEFN,,race,head
2026-09-28T17:04:16Z,1550-6281-5370,HORROR things,nedjmo,UEFN,,action,head
2026-09-28T22:31:30Z,8036-5863-8944,PLATINUM PULSE BOX FIGHTS,nito15,FNC,,free for all|boxfight|fighting|just for fun,head
2026-09-28T22:31:30Z,1700-7603-9390,DEATHRUN EASY 288 LEVELS,lzprime1v5,UEFN,,deathrun|strategy|skills|parkour,head
2026-09-28T22:31:30Z,4136-4317-9619,Vulcano War,velascoo,UEFN,,pvp|just for fun|battle royale|survival,head
2026-09-28T22:31:30Z,6364-4143-7835,🤔GUESS THE SKIN🤔 BRIDGE,minombreespatoyt,UEFN,,puzzle|deathrun|casual|minigame,head
2026-09-28T22:31:30Z,8578-7851-5488,BOX RUSH PVP,latrellofc,FNC,,free for all|practice|shooter|rounds,head
2026-09-28T22:31:30Z,1740-8810-2573,سكرمز سيرفس,hwwld,FNC,,5v5,head
2026-09-28T22:31:30Z,7770-4509-1335,1v1 - Practice Build Fight,ammis,UEFN,,1v1|battle|respawn|fighting,head
2026-09-28T22:31:30Z,0235-9939-3965,ZAHCHY CUP ENDGAME ZONEWARS 🏆 [SOLO],deem,UEFN,,zonewars|practice|pvp|action,head
2026-09-28T22:31:30Z,1152-1109-8628,Cave 2v2,secicermin321,FNC,,2v2|free for all|battle|practice,head
2026-09-28T22:31:30Z,2677-8991-6457,PVP ZERO BUILD 1.0.0,wanzelli,FNC,,action|arena|competitive|boxfight,head
2026-09-28T22:31:30Z,2091-6267-0935,INFECTED 🧟,hmida,UEFN,The Walking Dead Universe,open world|role playing|pvp|pve,head
2026-09-28T22:31:30Z,9255-1420-7051,dmzx1,dmz7,UEFN,,1v1|adventure|attack|battle royale,head
2026-09-28T22:31:30Z,9403-2488-8515,🐱 Kitten Escape Room,twixmaps,UEFN,,memes|escape|minigame|puzzle,head
2026-09-28T22:31:30Z,8664-7258-6083,Yubi's Color switch,yubi,UEFN,,minigame|party game|casual|just for fun,head
2026-09-28T22:31:30Z,0106-9166-8292,F6Q1,flobr,FNC,,parkour,head
2026-09-28T22:31:30Z,7233-8863-6369,🛡️ Red Vs Blue 🛡️ | Hyper Rebellion,ngoty,UEFN,,teams|arena|pvp|fighting,head
2026-09-28T22:31:30Z,7774-1542-2044,1v1 Build Fight [YESCRAFT],yescraft,FNC,,1v1|competitive|boxfight|fighting,head
2026-09-28T22:31:30Z,5838-3406-2285,Splashy's Freebuild Map!,splashy7x,FNC,,1v1,head
2026-09-28T22:31:30Z,8502-8972-6716,1V1 SALMAN,omer2,FNC,,1v1|building,head
2026-09-28T22:31:30Z,7089-7516-9592,99 BOTS AI PRACTICE🏃‍♀️‍➡️,ladpyspot,UEFN,,funny|competitive|practice|shooter,head
2026-09-28T22:31:30Z,3708-7209-1900,RIVALS KING,galaxysprite,UEFN,Star Wars,adventure|just for fun|respawn|pvp,head
2026-09-28T22:31:30Z,2190-9825-3687,FIRE TIGER ALLGUNS S2,wlsiix,UEFN,,1v1|free for all|pvp|just for fun,head
2026-09-28T22:31:30Z,5452-5357-3275,Archive 1v1,sm0kgz,FNC,,1v1,head
2026-09-28T22:31:30Z,2665-0251-4329,DEATHRUN EASY 392 LEVELS,lzprime1v5,UEFN,,deathrun|strategy|skills|parkour,head
2026-09-28T22:31:30Z,8578-8579-9482,HARD DEATHRUN - MICH REMAKE TEAM CROUTON,smizoxyt,UEFN,,difficulty: hard|friendly|funny|deathrun,head
2026-09-28T22:31:30Z,7562-3754-2192,اصعب ماب باركور,kd123,FNC,,parkour|strategy|exploration|mystery,head
2026-09-28T22:31:30Z,9564-2947-9286,MortalGaming's Bike Race,mortalgamingyt,FNC,,sports|race,head
2026-09-28T22:31:30Z,8344-7105-0559,Jungle royale,r-a-f-a,FNC,,4v4|action|adventure|arena,head
2026-09-28T22:31:30Z,3110-6525-4170,Find a Needle,banisher,UEFN,Star Wars,casual|just for fun|tycoon|simulator,head
2026-09-28T22:31:30Z,1448-4882-6546,Super Fun Free for All - OP Weapons,swiftyeti,FNC,,casual,head
2026-09-28T22:31:30Z,5210-5223-0723,My Cutie's place<3,sunnyiszealous,FNC,,casual|atmospheric|friendly|role playing,head
2026-09-28T22:31:30Z,6483-2234-6070,🍪 COOKIE TRICKSHOT CHAOS 🍪🎯,lisufn,UEFN,,deathrun|parkour|minigame|music,head
2026-09-28T22:31:30Z,4350-9744-3376,Berserk | RED VS. BLUE | Gauntlet 2.0 🚨,xiana67,UEFN,,just for fun|fighting|pvp|battle,head
2026-09-28T22:31:30Z,0403-9735-1490,LIGHTDRAGON ALLGUNS BOLT,wlmaps,UEFN,,1v1|pvp|free for all|just for fun,head
2026-09-28T22:31:30Z,1987-5670-6957,SNIPERS DEMONIC ONE SHOT🏆,ladpyspot,UEFN,,one shot|shooter|competitive|funny,head
2026-09-28T22:31:30Z,4790-1098-2837,FFA RELOAD 🔥🏆,waan,UEFN,,gun game|respawn|free for all,head
2026-09-28T22:31:30Z,3931-8040-0900,Cowboy 1v1 ( NEW ),xberu,UEFN,,1v1,head
2026-09-28T22:31:30Z,6145-4012-1031,WARSHARK ALLGUNS OCEAN,wlmaps,UEFN,,1v1|pvp|free for all|just for fun,head
2026-09-28T22:31:30Z,2119-8006-5833,1v1v1Reload- Exotic Mythic,axoloter,UEFN,,1v1|practice|free for all|pvp,head
2026-09-28T22:31:30Z,0579-2026-7251,Red vs Blue XXL,ciroplay,UEFN,,team deathmatch|shooter|zonewars|training,head
2026-09-28T22:31:30Z,8464-6990-5656,MEME BOXFIGHTPOWER,lukas200,UEFN,,boxfight|memes|free for all|building,head
2026-09-28T22:31:30Z,3300-2275-7053,Super Boxfights [wyrmonaut],wyrmonaut,FNC,,boxfight|pvp|free for all|zonewars,head
2026-09-28T22:31:30Z,1221-7592-0190,Slide Space,painterrer,UEFN,,minigame|just for fun|parkour|casual,head
2026-09-28T22:31:30Z,4104-3752-0142,⭐HARD PARKOUR ⭐6767 DEATHRUN باركور صعب,kovaiq,UEFN,,parkour|deathrun|difficulty: hard|difficulty: impossible,head
2026-09-28T22:31:30Z,9302-6039-2706,🚀Star Wars Castle Escape Room🚀,vkaya-studio,UEFN,Star Wars,escape|puzzle|minigame,head
2026-09-28T22:31:30Z,5035-7897-3164,🔴RED VS BLUE F8N🔵,f8n,UEFN,,practice|pvp|team deathmatch|just for fun,head
2026-09-28T22:31:30Z,5928-4066-5129,UPGRADE ONE SHOT🎯GUNGAME,bellyjerry,UEFN,,free for all|sniper|pvp|one shot,head
2026-09-28T22:31:30Z,0252-0606-5315,باركور دحم,d7am,FNC,,heroes,head
2026-09-28T22:31:30Z,8400-8444-9077,Party Royale i10 1.2,i515,FNC,,fashion|party game,head
2026-09-28T22:31:30Z,6828-1020-9280,1v1 cutecore,loveeanna,FNC,,1v1,head
2026-09-28T22:31:30Z,7032-8336-5878,NexusWar,mythmaker,UEFN,,8v8|capture the flag|defend|teams,head
2026-09-28T22:31:30Z,2363-5711-6712,městečko,fortrush_12,FNC,,action|arena|attack|battle royale,head
2026-09-28T22:31:30Z,1797-5750-9756,☣️ FFA UMBRELLA ZONE,herohero,UEFN,The Walking Dead Universe,creatures|survival|survival horror|base,head
2026-09-28T22:31:30Z,3849-9841-5950,SKINS 1V1,rip0,UEFN,Star Wars,practice|1v1|free for all|just for fun,head
2026-09-28T22:31:30Z,1971-7899-6849,MEGA PARKOUR 350+,dawidandg,UEFN,SQUID GAME,deathrun|parkour|minigame|just for fun,head
2026-09-28T22:31:30Z,4909-2740-0160,STUCK IN THE RV,sxgames,UEFN,,casual|friendly|artistic|open world,head
2026-09-28T22:31:30Z,5251-6733-3470,Royal City,wastinhoplayer,UEFN,,role playing|open world,head
2026-09-28T22:31:30Z,4959-4761-4865,👑 BOX PVP 👑 fights - solo,colin_frt,UEFN,,boxfight|free for all|battle|competitive,head
2026-09-28T22:31:30Z,0962-6795-1450,WAYZ FFA 1V1 BUILD FIGHTS ( 6 players ),wayz.fr,UEFN,,friendly|fighting|building|practice,head
2026-09-28T22:31:30Z,0004-8208-3676,1v1 999 clan BuildFight [200 Pump],cyborgclan,UEFN,,1v1|fighting|battle|building,head
2026-09-28T22:31:30Z,5696-1000-4109,island exploration,ggsnipe,FNC,,adventure,head
2026-09-28T22:31:30Z,4410-7676-3540,SUPER ZOMBIE BATTLE - ZOMBIE GAME,jamesrobo,UEFN,SQUID GAME,survival|creatures|objective|exploration,head
2026-09-28T22:31:30Z,7578-2189-7519,SKINS FREE BUILD,1tht,UEFN,Star Wars,free for all|just for fun|pvp|practice,head
2026-09-28T22:31:30Z,5948-8807-2109,MEGA CRAZY CAR - CAR GAME,fogao,UEFN,TMNT,race|objective|exploration|open world,head
2026-09-28T22:31:30Z,6982-0894-1737,TRAINING MECANICS GRAND 6 ★★★★☆,anzomber,UEFN,,training|practice|aim course|shooter,head
2026-09-28T22:31:30Z,4054-9821-2343,peaks freebuild,p321k,UEFN,,practice|edit course|building|training,head
2026-09-28T22:31:30Z,3841-6932-5518,🥊 1V1 BOXE 🥊,rickpep3,FNC,,1v1|battle|fighting,head
2026-09-28T22:31:30Z,4471-2476-5182,NZX RP,nzxrp,FNC,,role playing|rpg|action|friendly,head
2026-09-28T22:31:30Z,6489-6767-5271,parkour_radx,n-4,UEFN,,parkour,head
2026-09-28T22:31:30Z,7214-7491-8708,PRO FREE BUILDING,tonuzfps,UEFN,,practice|1v1|2v2|pvp,head
2026-09-28T22:31:30Z,5937-4529-8008,LAVA TRAP DEATHRUN 🔥 100 LEVELS,double_fps,UEFN,,deathrun|parkour|difficulty: easy|just for fun,head
2026-09-28T22:31:30Z,6485-9634-2631,والله ون شوت,kqm,UEFN,,sniper|free for all|one shot|zonewars,head
2026-09-28T22:31:30Z,5201-1551-1170,Aura Pillars ✨,gfizz,UEFN,,pvp|minigame|just for fun|rounds,head
2026-09-28T22:31:30Z,9188-1632-7825,PULL AN EGG🥚,dimax,UEFN,,casual|just for fun|tycoon|simulator,head
2026-09-28T22:31:30Z,5584-4436-9052,DEVLINE//Orange,fortunenofame,UEFN,,5v5|one life|arena|rounds,head
2026-09-28T22:31:30Z,9180-5778-6380,PILLARS: LAST ONE STANDING,gazzuto,UEFN,,party game|minigame|funny|pvp,head
2026-09-28T22:31:30Z,8674-1593-8041,Clip Royale Deathrun!,clip-royale,FNC,,deathrun|action|just for fun|difficulty: very hard,head
2026-09-28T22:31:30Z,0990-1881-5956,ZAIRO 1v1,zairo,UEFN,,1v1,head
2026-09-28T22:31:30Z,8007-6974-9396,RACE TO WIN - CAR GAME,jamesmark10,UEFN,SQUID GAME,race|objective|exploration|survival,head
2026-09-28T22:31:30Z,2517-3824-7492,FFA ZOMBIE,frmcvt,UEFN,The Walking Dead Universe,creatures|survival|survival horror|party world,head
2026-09-28T22:31:30Z,6200-6576-1051,1v1 BF,mnpyoutube,FNC,,1v1,head
2026-09-28T22:31:30Z,5690-5038-9482,99 BOTS TMNT 🐢 TURTLE PVP 🔥 ALL GUN 🎯,khibase,UEFN,TMNT,open world|free for all|co-op|boss battle,head
2026-09-28T22:31:30Z,2207-1157-2672,Pistol Arena 🎯 One Shot,hublum,UEFN,,one shot|shooter|free for all|sniper,head
2026-09-28T22:31:30Z,1861-0773-2281,MEGA BOSS PARKOUR 500+🌟,tomfshelby,UEFN,SQUID GAME,deathrun|parkour|minigame|just for fun,head
2026-09-28T22:31:30Z,4276-7370-0558,🔥 FIRE FLAMETHROWER BRAINROTS🧊,rvbfast,UEFN,,tycoon|simulator|just for fun|casual,head
2026-09-28T22:31:30Z,2222-0395-1615,FREE BUILD [ELITE],roni1w20,FNC,,1v1|free for all,head
2026-09-28T22:31:30Z,1215-6398-8756,FRENZY RED VS BLUE🔴🔵,fobos2,UEFN,,funny|shooter|teams|friendly,head
2026-09-28T22:31:30Z,9961-1266-2407,MADISON 1V1 FFA - ALL GUNS & DRIVE 999,realferins,UEFN,,free for all|practice|just for fun|pvp,head
2026-09-28T22:31:30Z,9445-4368-1758,Tend & Defend: Farm Friends,razorgods,UEFN,,farming simulator|casual|tycoon|co-op,head
2026-09-28T22:31:30Z,1533-0992-6167,SUPER CARS - CAR GAME,supercargame,UEFN,TMNT,race|objective|exploration|survival,head
2026-09-28T22:31:30Z,7963-9963-0173,RED VS YELLOW - TMNT 🔴🌕,j3str,UEFN,TMNT,free for all|team deathmatch|just for fun|pvp,head
2026-09-28T22:31:30Z,3739-8935-2450,30 Halloween Escape,vkaya-studio,UEFN,,escape|fortnitemares|puzzle|minigame,head
2026-09-28T22:31:30Z,3717-9863-8240,RED VS BLUE CRAZY HIT,jaxio,UEFN,,team deathmatch|free for all|gun game|competitive,head
2026-09-28T22:31:30Z,5555-4654-7590,RED VS BLUE CRAZY WEATHER RVB,haxio,UEFN,,team deathmatch|free for all|gun game|competitive,head
2026-09-28T22:31:30Z,3448-9589-6746,BUGGI'S PARTY ROYALE,tucki,FNC,,adventure|casual|friendly|open world,head
2026-09-28T22:31:30Z,1440-0173-0329,1440 / ❄️Speed run ❄️,bvvv,FNC,,difficulty: easy|parkour|deathrun|atmospheric,head
2026-09-28T22:31:30Z,7026-9617-6041,Ghost Cam,goodmorninggames,UEFN,,horror|survival horror|strategy|co-op,head
2026-09-28T22:31:30Z,7870-0287-4801,SAKURA 1v1,yeezu,UEFN,,1v1|free for all|just for fun|pvp,head
2026-09-28T22:31:30Z,6176-8722-8148,Pick a Side,mobileanarchy,UEFN,,pvp|building|team deathmatch|free for all,head
2026-09-28T22:31:30Z,5567-8081-8739,1v1 every gun practice,glitch34,FNC,,1v1,head
2026-09-28T22:31:30Z,1425-0584-6706,ZONEWARS 1V1(SPEED),disodium,UEFN,,1v1|zonewars|competitive|practice,head
2026-09-28T22:31:30Z,3326-6180-4405,MONOCHROME👁️,lafowl,UEFN,,horror|survival horror|first person|escape,head
2026-09-29T02:16:41Z,4580-3179-8418,Duo Zone Wars,ziggygamer,FNC,,2v2,head
2026-09-29T02:16:41Z,7235-5981-7802,SURVIVE THE TSUNAMI FOR BRAINROTS,letmeseeyouself,UEFN,,tycoon|casual|simulator|just for fun,head
2026-09-29T02:16:41Z,5162-9397-6488,🏃🏻⚡ باركور بندريتا دث ران s14s⚡🏃🏻,s14s,FNC,,deathrun|parkour|race|competitive,head
2026-09-29T02:16:41Z,9630-2585-5468,TheBattlePit,loboedits,UEFN,,battle|action|building|free for all,head
2026-09-29T02:16:41Z,0348-7255-4191,SUPER ROAD BATTLE - CAR GAME,midasgolds,UEFN,TMNT,race|objective|exploration|survival,head
2026-09-29T02:16:41Z,2744-5777-5934,Red Vs Blue 🌟 The Savage Inferno 🎲,magixxlff,UEFN,,base|attack|team deathmatch|teams,head
2026-09-29T02:16:41Z,7485-3578-6091,20 PLAYER ZONE WARS [PRO & CUP],dragon46x,FNC,,competitive|practice,head
2026-09-29T02:16:41Z,6495-6465-7216,PARKOUR IMPOSIBLE,returntoni,UEFN,,friendly|runner|deathrun,head
2026-09-29T02:16:41Z,8398-2441-5801,number 1 whattt ii i i i i,iaintgoingback,UEFN,,casual|escape|economy|battle royale,head
2026-09-29T02:16:41Z,1624-7154-6983,🔵Green VS Blue 🟢VS,ibanez3,FNC,,shooter|2v2,head
2026-09-29T02:16:41Z,5619-5520-5338,oh my naaaaaaaaaaa,rvb1v1-2v2-3v3,UEFN,,7v7|4v4|attack|battle,head
2026-09-29T02:16:41Z,8698-6843-5801,Ultimate Box pvp,ztogs,FNC,,1v1|boxfight|action|arena,head
2026-09-29T02:16:41Z,1019-5152-7386,Ares 1v1 Build Fight,aresftn,FNC,,1v1,head
2026-09-29T02:16:41Z,3549-5809-1804,FFA Bots,jgwindsor,FNC,,action|fighting|free for all|shooter,head
2026-09-29T02:16:41Z,1215-5486-7687,THE PILLARS pillers pilars (NEW VERSION),r_e_z_e,UEFN,,just for fun|party game|minigame|pvp,head
2026-09-29T02:16:41Z,1316-3118-6740,GUN GAME PIZZA POULET CURRY GRATUIT,yadada,UEFN,,one shot|just for fun|gun game,head
2026-09-29T02:16:41Z,5495-1256-8748,🦄 Unicorn Log Escape Room,twixmaps,UEFN,,escape|minigame|puzzle|platformer,head
2026-09-29T02:16:41Z,7574-8380-4813,Flayme 1v1 Build Fight,flaymefn,FNC,,1v1|building|practice|competitive,head
2026-09-29T02:16:41Z,2816-9470-9350,Core Run Blackout [HORROR],brugi,UEFN,,horror|escape|first person|survival horror,head
2026-09-29T02:16:41Z,9168-9431-5070,1V1 ABU ZAHRAH,ibanez3,FNC,,1v1,head
2026-09-29T02:16:41Z,4618-5353-8539,BridgeBreakers,abafaboy,UEFN,,capture the flag|teams|pvp|base building,head
2026-09-29T02:16:41Z,9553-6621-5967,🚀 Cosmic Pig Escape Room,sleepinrio,UEFN,,escape|strategy|minigame|party game,head
2026-09-29T02:16:41Z,1910-7060-8290,SUPER ROAD BATTLE,dj-side,UEFN,TMNT,race|driver simulator|objective|just for fun,head
2026-09-29T02:16:41Z,0567-9096-3713,Simplified 1v1,ballistics,UEFN,,1v1|just for fun|pvp,head
2026-09-29T02:16:41Z,9001-2346-7902,Cat In The Hat Pillars Pillers Pilars,sallatis,UEFN,,free for all|minigame|pvp|party game,head
2026-09-29T02:16:41Z,7874-4796-6073,GUN GAME 2 EUROS EN BOUCLE,theshaggyy,UEFN,,gun game|just for fun|one shot|pvp,head
2026-09-29T02:16:41Z,6284-8551-1472,🎯Rapid Solo Zero Build Practice🚫,nagua,UEFN,,battle|zonewars|battle royale,head
2026-09-29T02:16:41Z,3329-2547-9486,RACE TO WIN - CAR GAME,dj-side,UEFN,The Walking Dead Universe,race|driver simulator|just for fun|survival horror,head
2026-09-29T02:16:41Z,8469-5228-2491,Tank Game,alsokiwi,UEFN,,just for fun|casual|classes|free for all,head
2026-09-29T02:16:41Z,5330-8703-1669,1V1 ZEROBUILD REALISTICS ( RELOAD ),papier,UEFN,,1v1|practice|competitive|solo,head
2026-09-29T02:16:41Z,5619-5263-6236,🐺 Wolf Escape Room,sleepinrio,UEFN,,escape|memes|minigame|just for fun,head
2026-09-29T02:16:41Z,7198-2778-2737,Entrainement SoloBuild,moreautv,UEFN,,sandbox|building|open world,head
2026-09-29T02:16:41Z,0984-8798-8610,super royal,themixcreeper,FNC,,battle royale,head
2026-09-29T02:16:41Z,7950-5664-6074,Island War,hi20,UEFN,,1v1|building|practice|just for fun,head
2026-09-29T02:16:41Z,1644-6426-6626,GO UP FOR DINOS,yakodak,UEFN,,tycoon|casual|just for fun|simulator,head
2026-09-29T02:16:41Z,6543-5536-7517,🐹 61 Hamster Escape Room,twixmaps,UEFN,,puzzle|memes|minigame|escape,head
2026-09-29T02:16:41Z,3389-1450-9164,🎃 GOGOATED: HALLOWEEN ZONE WARS 🎃,ravenrecone,UEFN,,4v4|zonewars|team deathmatch|battle royale,head
2026-09-29T02:16:41Z,6198-4887-0063,jariri's spot!,jaririi,FNC,,adventure|friendly|party game,head
2026-09-29T02:16:41Z,8134-4431-5214,Wrong Stop ⚠️,breakoutgames,UEFN,,story|solo|co-op|horror,head
2026-09-29T02:16:41Z,9377-2525-4627,The Last Zone - 2V2 حروب المنطقة,1v1-1v1v1-maps,UEFN,,2v2|practice|team deathmatch|shooter,head
2026-09-29T02:16:41Z,0148-2165-8063,🎶 GO UP KEYBOARD TOWERS 🎵 MEME SONGS,itachiifn,UEFN,FALL GUYS,music|platformer|funny|just for fun,head
2026-09-29T02:16:41Z,7540-1730-7556,Graveyard Party Royale,tizmtt,UEFN,,atmospheric|music|minigame|event,catalog
2026-09-29T02:16:41Z,0551-5207-1529,🏜️ Desert 1v1,trox1,UEFN,Star Wars,1v1|competitive|training|building,catalog
2026-09-29T02:16:41Z,9684-4513-2618,DUO PILLERS PILLARS pilars pilers,oliboibtw,UEFN,,party game|2v2|just for fun|minigame,catalog
2026-09-29T02:16:41Z,9884-9616-4726,CHAOS PILLARs – SOLO & DUO,toebe,UEFN,,action|2v2|1v1,catalog
2026-09-29T02:16:41Z,9212-9652-3870,RK3 ARENA BOX ⚡,rk3,UEFN,,1v1|boxfight|training|free for all,catalog
2026-09-29T02:16:41Z,1147-4512-2010,DADA GUN GAME TRY TO BE THE BEST 🌴,granpy,UEFN,,gun game|just for fun|one shot|platformer,catalog
2026-09-29T02:16:41Z,2955-4298-6205,اصعب ماب باركور l72,l72,FNC,,parkour|strategy,catalog
2026-09-29T02:16:41Z,2830-8588-8492,DO NOT CLICK 33 LVL ESCAPE,hustlercreative,UEFN,KPop Demon Hunters,escape|music|just for fun|casual,catalog
2026-09-29T02:16:41Z,5284-1831-0379,EASY DEATHRUN [PARKOUR],tonuzfps,UEFN,,deathrun|parkour|just for fun|difficulty: easy,catalog
2026-09-29T02:16:41Z,6910-9285-4217,🚪 HAMSTER ESCAPE ROOM,twixmaps,UEFN,,minigame|escape|party game|strategy,catalog
2026-09-29T02:16:41Z,1536-6662-1170,IMPOSSIBLE PARKOUR - DEATHRUN,miazkka,FNC,,deathrun|parkour|just for fun|difficulty: impossible,catalog
2026-09-29T02:16:41Z,9602-7996-9824,Amazing Spider-Hero,waelo,FNC,,co-op|open world|free for all|shooter,catalog
2026-09-29T02:16:41Z,0995-5366-9550,2x2-4x4 DO LÍNGUA 👅,butoo,UEFN,,1v1|2v2|3v3|4v4,catalog
2026-09-29T02:16:41Z,5394-8113-2205,Spider Mann Rvb red vs Blue,big-money-maker,UEFN,Star Wars,action|team deathmatch|boxfight|casual,catalog
2026-09-29T02:16:41Z,1025-6659-8727,❄️ Winter Gun Game - Ascend,miazkka,FNC,,1v1|pve|gun game|gun fight,catalog
2026-09-29T02:16:41Z,7890-3805-0338,1v1ADIR,1v1adirbg,UEFN,,1v1|free for all|friendly,catalog
2026-09-29T02:16:41Z,4185-2793-2945,SPIDER MULTIVERSE,marnik,UEFN,,free for all|music|tutorial|boss battle,catalog
2026-09-29T02:16:41Z,7047-2891-3963,WALKING PRISON BETA,codefdex,UEFN,The Walking Dead Universe,survival horror|first person|co-op,catalog
2026-09-29T02:16:41Z,6111-5874-1409,🎡PARTY ROYAL WTR🎡,wtr2,FNC,,open world|party game|minigame|sandbox,catalog
2026-09-29T02:16:41Z,4087-3582-6370,1v1 Build Fights [v0.4],oxufnn,UEFN,,1v1|building|practice|competitive,catalog
2026-09-29T02:16:41Z,5262-6268-6930,Brainrot in 🧱,fortnitegamerok,UEFN,LEGO,tycoon|casual|just for fun|minigame,catalog
2026-09-29T02:16:41Z,1469-5436-9691,BOX FIGHT MVN,mavenxf,UEFN,,boxfight|free for all|pvp|practice,catalog
2026-09-29T02:16:41Z,9316-7168-1908,💯 pro V2 〖🎃〗,sdwww,FNC,,battle|difficulty: easy|defend|shooter,catalog
2026-09-29T02:16:41Z,7325-4457-6690,LIX RP,andxsniper,FNC,,friendly,catalog
2026-09-29T02:16:41Z,5629-0579-4605,🎄CHRISTMAS GUESS BRAINROT SONG OR DIE🎶,foxit,UEFN,KPop Demon Hunters,memes|music|casual|funny,catalog
2026-09-29T02:16:41Z,6554-0390-4679,1v1 2v2,zhigerx,UEFN,,2v2|practice|1v1|zonewars,catalog
2026-09-29T02:16:41Z,2436-0599-6543,3v3 Team Fight,zhigerx,UEFN,,3v3|practice|2v2|1v1,catalog
2026-09-29T02:16:41Z,2108-2676-2651,1v1 r,tlvr,UEFN,,1v1|training|pvp|building,catalog
2026-09-29T02:16:41Z,6807-1798-9746,🌧️ Rains Party,rnya,UEFN,,just for fun,catalog
2026-09-29T02:16:41Z,3946-1910-2854,4v4v4 TILTED TOWERS ZONE,zhigerx,UEFN,,zonewars|pvp|4v4|team deathmatch,catalog
2026-09-29T02:16:41Z,4451-9302-4864,🔴RVB🔵LEGENDS👑,edusky19,UEFN,KPop Demon Hunters,just for fun|team deathmatch|shooter|practice,catalog
2026-09-29T02:16:41Z,9562-8829-2901,HALLOWEEN HIDE AND SEEK 🎃,hidehub,UEFN,,just for fun|horror|secrets|casual,catalog
2026-09-29T02:16:41Z,9169-1172-5439,The most impossible death run,squanchcreate,FNC,,deathrun|parkour|escape|runner,catalog
2026-09-29T02:16:41Z,9100-5560-5880,Parkour RZQ,x4or,FNC,,difficulty: hard|just for fun|strategy|survival,catalog
2026-09-29T02:16:41Z,3323-3659-7948,Vibin' Zoo,murdercase,UEFN,,just for fun|adventure|open world,catalog
2026-09-29T02:16:41Z,5143-6579-3778,Shoreline Spies - Spy Ops [Archive],rockstarpolar,FNC,,adventure|co-op|just for fun|story,catalog
2026-09-29T02:16:41Z,0555-9302-6543,3v3v3v3 go goated remake,minecraftdud21,FNC,,just for fun,catalog
2026-09-29T02:16:41Z,4309-9779-2629,bounce boxfight,minecraftdud21,FNC,,just for fun,catalog
2026-09-29T02:16:41Z,1557-6515-4219,Slide Parkour (#1),pyrox,UEFN,,parkour|deathrun|just for fun|hardcore,catalog
2026-09-29T08:43:48Z,4451-9734-8659,FFA ZONE,herohero,UEFN,The Walking Dead Universe,creatures|survival|survival horror|base,head
2026-09-29T08:43:48Z,2077-7758-5217,💀 ONLY UP: TRICKSHOT,friskyfool,UEFN,,deathrun|minigame|parkour|just for fun,head
2026-09-29T08:43:48Z,9981-9886-6260,FCRE | ZANDVOORT | 🇳🇱,k1eran_fn,FNC,,race,head
2026-09-29T08:43:48Z,0578-5693-6566,Steal a Beast,kxrsfn,UEFN,,tycoon|adventure|pvp|casual,head
2026-09-29T08:43:48Z,8973-4139-4418,💣 Red VS Blue ⚔️ Frontier ⚔️,sadparakeet89,UEFN,,gun fight|arena|funny|strategy,head
2026-09-29T08:43:48Z,1258-7316-3975,MEGAMAN  1V1 FFA - ALL GUNS & CARS 67,brainrot67,UEFN,,free for all|pvp|just for fun|practice,head
2026-09-29T08:43:48Z,2117-3158-4104,Skye Pillars,schnider,UEFN,,free for all|minigame|pvp|party game,head
2026-09-29T08:43:48Z,1888-6375-3142,Monster Drift 🚗💨,yukiki,UEFN,,driver simulator|race|open world|minigame,head
2026-09-29T08:43:48Z,1465-9118-6830,Vynox 1v1,crazzvnx,FNC,,1v1,head
2026-09-29T08:43:48Z,3169-1387-9040,1v1 build fights APX,jpandas3.6.5,FNC,,1v1,head
2026-09-29T08:43:48Z,6077-1752-4694,🌀 Unhinged RED VS BLUE Uproar Reloaded,sixseven6752,UEFN,,just for fun|funny|strategy|gun fight,head
2026-09-29T08:43:48Z,9651-6558-4291,vDrRaceOhNo Speedrun01 Remix Alpha,valleydweller,UEFN,,difficulty: medium,head
2026-09-29T08:43:48Z,7430-8411-7817,Turbo Duck Derby,sakuko,UEFN,,driver simulator|race|open world|minigame,head
2026-09-29T08:43:48Z,8236-2393-2505,Turbo Chaos 🏎️,ryuronin,UEFN,,driver simulator|race|open world|minigame,head
2026-09-29T08:43:48Z,6462-7107-6628,NORMAL FFA,frmcvt,UEFN,The Walking Dead Universe,creatures|survival|survival horror|action,head
2026-09-29T08:43:48Z,2242-1150-9297,🔫CITY TAKEOVER🔥,taysoo,UEFN,,role playing|open world|race|free for all,head
2026-09-29T08:43:48Z,4550-9428-8914,🕹️ Neon Wicked Fusion Red vs Blue,puuw,UEFN,,arena|just for fun|battle|gun fight,head
2026-09-29T08:43:48Z,5692-7873-9814,K-Work Man : Late Commute,projectr,UEFN,,deathrun,head
2026-09-29T08:43:48Z,6142-0062-6848,🎮 THE FREEBUILD TRAININIG 🎯,zeltox,FNC,,fighting|free for all|practice|solo,head
2026-09-29T08:43:48Z,6632-6136-0218,mythic Wars,fr4less,FNC,,fighting|free for all|shooter,head
2026-09-29T08:43:48Z,9128-0044-4416,Mecha-Llama Kart Fury 🏁,hikaroo,UEFN,,driver simulator|race|open world|minigame,head
2026-09-29T08:43:48Z,8421-7269-9194,Aldih Scan Wars,supabem,UEFN,,action|pvp|free for all|just for fun,head
2026-09-29T08:43:48Z,6031-0137-0750,Llama Rush: Apex Chase 🦙⚡,hanachan,UEFN,,driver simulator|race|open world|minigame,head
2026-09-29T08:43:48Z,0612-9093-0967,1VS1 Soleil,turturchayt,FNC,,action|attack|battle royale,head
2026-09-29T08:43:48Z,7343-7554-4399,RAMP CHALLENGE - CAR GAME,noahplay,UEFN,TMNT,race|platformer|deathrun|open world,head
2026-09-29T08:43:48Z,2012-9040-6655,Brainrot big Tsunami Escape 🌊,raavag22,UEFN,,tycoon|escape|collection|survival,head
2026-09-29T08:43:48Z,4367-7714-6802,THE VENGADORES 🦸‍♂️,superfornite2027,UEFN,,heroes|free for all|respawn|casual,head
2026-09-29T08:43:48Z,9932-9192-6062,KINGS OF SPEED- CAR GAME,dalilaaraujo,UEFN,SQUID GAME,race|deathrun|just for fun|open world,head
2026-09-29T08:43:48Z,9212-3125-2859,STEAL AN EGG FOR BRAINROTS,pollitochido,UEFN,,simulator|casual|tycoon|just for fun,head
2026-09-29T08:43:48Z,6429-2748-2280,CyberFish Chase 🏎️,coin-xp-steal,UEFN,,driver simulator|race|open world|minigame,head
2026-09-29T08:43:48Z,0079-9095-3492,FREE BUILD WARMUP,lboygame,UEFN,,practice|2v2|1v1|free for all,head
2026-09-29T08:43:48Z,8134-1332-9867,LEGENDS OF SPEED - CAR GAME,murilorios,UEFN,TMNT,race|objective|exploration|open world,head
2026-09-29T08:43:48Z,2526-3078-0738,STAR WARS DRIVE CITY🚔 FFA💥,bouchrif,UEFN,Star Wars,open world|race|role playing|just for fun,head
2026-09-29T08:43:48Z,1852-4723-3282,💡Sniper Tower Escape🚀,tadj,UEFN,LEGO,deathrun|escape|parkour,head
2026-09-29T08:43:48Z,0586-4488-0494,TILTED TOWER ZONEWARS (FFA),dakotaxp,UEFN,,pvp|zonewars|1v1|free for all,head
2026-09-29T08:43:48Z,2677-5687-5603,xvklve's 1v1,xvklve,FNC,,1v1|competitive|building|free for all,head
2026-09-29T08:43:48Z,1448-7166-0167,JELLY ARENA,raz0rarmy,UEFN,,free for all|practice|just for fun|pvp,head
2026-09-29T08:43:48Z,8013-9413-4469,DRIVE IN THE WORLD OF RAMPS - CAR GAME,miausculo,UEFN,TMNT,race|objective|exploration|survival,head
2026-09-29T08:43:48Z,5432-2245-3820,Primal | Red-Vs-Blue | Insane🔥,glrr,UEFN,,pvp|teams|attack|arena,head
2026-09-29T08:43:48Z,2326-6750-5568,NITRODROP,nitrodad,UEFN,,survival|party game|minigame,head
2026-09-29T08:43:48Z,9319-5754-3308,🌇 RAMP 🚔DRIVE CITY - ALL WEAPONS💥,djside,UEFN,TMNT,race|driver simulator|just for fun|roguelike,head
2026-09-29T08:43:48Z,8265-6863-6529,SUPER CAR GAME,falaxo2,UEFN,TMNT,race|objective|exploration|survival,head
2026-09-29T08:43:48Z,1569-1194-5955,Rusted Zone Wars 🌵,total_fresh,FNC,,pvp|practice|zonewars|free for all,head
2026-09-29T08:43:48Z,0268-3107-0860,DEATHRUN EASY 497 LEVELS,lzprime1v5,UEFN,,deathrun|strategy|skills|parkour,head
2026-09-29T08:43:48Z,0996-8561-2222,🌇 NEW CITY DRIVE 🚙,djside,UEFN,The Walking Dead Universe,driver simulator|race|just for fun|deathrun,head
2026-09-29T08:43:48Z,5354-1162-2813,Master of All Seasons** Weapons**,qoxmos,UEFN,,pvp|free for all,head
2026-09-29T08:43:48Z,4750-3268-1860,Project R.I.F.T,forestking,FNC,,adventure|action|boss battle|choices matter,head
2026-09-29T08:43:48Z,4052-8868-3240,DEATHRUN EASY 473 LEVELS,lzprime1v5,UEFN,,deathrun|strategy|skills|parkour,head
2026-09-29T08:43:48Z,7088-7504-0889,سكرمز المغرب 🥇🏆🇲🇦MOROCCO SCRIMS,3mw,UEFN,,arena|battle|zonewars|competitive,head
2026-09-29T08:43:48Z,3400-4886-4512,🌽 Fatal Fields Zone Wars OG 🌽,falleyfights,UEFN,,zonewars,head
2026-09-29T08:43:48Z,4157-7467-5280,1v1v1v1 SYNC,pab3d,UEFN,,building|pvp|practice|shooter,head
2026-09-29T08:43:48Z,8466-6688-1416,END RIFT ZERO BUILD ⚡,rgb1,UEFN,,free for all|zonewars|practice,head
2026-09-29T08:43:48Z,3248-8018-1792,RIVALS FFA DRIVE RICH,1v1-brainrot,UEFN,,race|driver simulator|sports|simulator,head
2026-09-29T08:43:48Z,4275-9910-2140,4u,u4u,UEFN,,1v1,head
2026-09-29T08:43:48Z,4395-6366-0636,CAR DRIVE (VACATION) 🌴,megaramp,UEFN,TMNT,free for all|open world|driver simulator|creatures,head
2026-09-29T08:43:48Z,8126-6039-3668,REAL DRIVING - CITY FUN,racingmaps,UEFN,TMNT,free for all|open world|just for fun|race,head
2026-09-29T08:43:48Z,0284-7040-1945,Fortnitemares Drive,deardenstudios,UEFN,,fortnitemares|creatures|survival horror|open world,head
2026-09-29T15:09:06Z,8695-3929-8094,PALE BRICK MEMORY,tovra,UEFN,,trios|tutorial|choices matter|runner,head
2026-09-29T15:09:06Z,9883-9029-1670,mini město,fortrush_12,FNC,,arena|attack|battle royale,head
2026-09-29T15:09:06Z,7056-9228-5659,TSUNAMI VS BRAINROT,act_def,UEFN,,roguelike|tycoon|rpg|role playing,head
2026-09-29T15:09:06Z,7782-2400-7358,🐙 DEEP SEA TRICKSHOT 🐙🎯,lavastudio,UEFN,,music|memes|one in the chamber|just for fun,head
2026-09-29T15:09:06Z,6164-8895-4238,💎 DIAMOND TRICKSHOT PARADISE 💎🎯,1v1-1v1s,UEFN,,deathrun|parkour|minigame|music,head
2026-09-29T15:09:06Z,3526-2323-7247,YOUNG TEXUGO ALLGUNS MATS,wlmaps,UEFN,,1v1|pvp|free for all|just for fun,head
2026-09-29T15:09:06Z,6472-8911-1716,POPPY PLAYTIME 6 SCARY [HORROR],sysel,UEFN,,horror|survival horror|escape|pve,head
2026-09-29T15:09:06Z,4990-2462-8690,TWDU - SUPER BATTLE RAMP,a7l1o2,UEFN,The Walking Dead Universe,deathrun|free for all|action|survival,head
2026-09-29T15:09:06Z,1591-8927-5082,LIGHT CANDLE MACHINE,praven,UEFN,,music|boss battle|winterfest|8v8,head
2026-09-29T15:09:06Z,3479-9424-0360,PALE CANDLE SIGNAL,cevan05,UEFN,,solo|objective|deathrun|atmospheric,head
2026-09-29T15:09:06Z,0887-1389-9798,WARM BRICK SIGNAL,nerlo,UEFN,,tutorial|fighting|4v4|trios,head
2026-09-29T15:09:06Z,7719-7543-8092,1v1 for the GOATS,zzenyth,FNC,,free for all|practice|1v1|respawn,head
2026-09-29T15:09:06Z,5031-0588-8459,HOLLOW COLOR SIGNAL,tylor05,UEFN,,point capture|patchwork|heroes|difficulty: impossible,head
2026-09-29T15:09:06Z,8015-5786-3066,VELVET STONE BELOW,uven,UEFN,,retro|pve|skills|survival,head
2026-09-29T15:09:06Z,1004-5279-8161,QUIET GLASS BELOW,lirox05,UEFN,,economy|battle royale|word games|practice,head
2026-09-29T15:09:06Z,2400-5645-2879,RVB SECRET ROOM (RED VS BLUE) 🔴🔵,mxvy,UEFN,,shooter|pvp|fighting|team deathmatch,head
2026-09-29T15:09:06Z,4660-1847-5957,THIN ORANGE MEMORY,qavro,UEFN,,pve|king of the hill|rounds|crafting,head
2026-09-29T15:09:06Z,1892-2285-5835,CALM PAPER THEORY,savio05,UEFN,,exploration|pixel art|infection|8v8,head
2026-09-29T15:09:06Z,1873-5476-9309,4sqaure 1v1,armin23,FNC,,1v1|building|fighting,head
2026-09-29T15:09:06Z,2656-0154-6975,FAINT STONE THEORY,juvan,UEFN,,infection|memes|pvp|practice,head
2026-09-29T15:09:06Z,8750-8894-2220,BROKEN LEMON MEMORY,mavik05,UEFN,,educational|zonewars|survival|parkour,head
2026-09-29T15:09:06Z,7000-3381-7162,Escape Room: Temple Ruins 🗿,reitor,UEFN,,escape|strategy|puzzle|party game,head
2026-09-29T15:09:06Z,2311-1194-7839,MISTY COLOR SIGNAL,ildon,UEFN,,fashion|capture the flag|competitive|infection,head
2026-09-29T15:09:06Z,2229-8482-3854,CROOKED WINDOW MEMORY,huvan,UEFN,,party game|sandbox|moba|retro,head
2026-09-29T15:09:06Z,2535-8029-9880,🧭 LOST TRICKSHOT EXPEDITION 🧭🎯,majorka,UEFN,,music|just for fun|objective|memes,head
2026-09-29T15:09:06Z,3106-2460-8140,DUSTY MIRROR MACHINE,faron,UEFN,,2d|pve|collection|roguelike,head
2026-09-29T15:09:06Z,4682-4018-7936,VELVET ORANGE THEORY,amino05,UEFN,,adventure|physics|hardcore|visual novel,head
2026-09-29T15:09:06Z,7893-1312-4512,SOFT PEACH CIRCLE,glymo,UEFN,,rpg|5v5|survival horror|sports,head
2026-09-29T15:09:06Z,5032-1073-8021,MELLOW SHADOW MEMORY,veylo05,UEFN,,sandbox|parkour|adventure|party game,head
2026-09-29T15:09:06Z,4971-6999-5986,JELLY ARENA,raz0rarmy,UEFN,,pvp|just for fun|practice|free for all,head
2026-09-29T15:09:06Z,5795-0282-9451,SILVER PAPER SIGNAL,tripolistudios,UEFN,,first person|jam system|prop hunt|king of the hill,head
2026-09-29T15:09:06Z,3715-6900-9099,EMPTY SHADOW THEORY,orbel,UEFN,,music|4v4|2d|solo,head
2026-09-29T15:09:06Z,0120-0505-8164,ROUND PAPER MACHINE,keral05,UEFN,,roguelike|party game|show|explosives,head
2026-09-29T15:09:06Z,9341-8807-6837,SILENT BRICK THEORY,evrin,UEFN,,peaceful|pve|rpg|hardcore,head
2026-09-29T15:09:06Z,3587-5941-5925,Zoro map,zro2,FNC,,fashion|parkour,head
2026-09-29T15:09:06Z,1099-3713-9691,Cool 1v1,popek6,UEFN,,1v1|building|pvp|practice,head
2026-09-29T15:09:06Z,6311-7316-4535,DUSTY ORANGE MACHINE,nicolaski,UEFN,,retro|casual|action|team deathmatch,head
2026-09-29T15:09:06Z,1777-0475-9119,FINAL GLASS MACHINE,sylar05,UEFN,,1v1|winterfest|pve|battle,head
2026-09-29T15:09:06Z,5065-6435-4633,HOLLOW GLASS MEMORY,brixo05,UEFN,,sports|retro|top-down|clicker,head
2026-09-29T15:09:06Z,8832-3541-1823,MELLOW PAPER WINDOW,drelio,UEFN,,base building|top-down|zonewars|jam system,head
2026-09-29T15:09:06Z,3839-5452-4016,ODD MIRROR SIGNAL,ryla,UEFN,,team deathmatch|shooter|base|5v5,head
2026-09-29T15:09:06Z,4692-3346-3660,ikayaki_world,decoboco,FNC,,zonewars,head
2026-09-29T15:09:06Z,0776-7609-7801,Impending Horror,wapple,FNC,,artistic|fashion,head
2026-09-29T15:09:06Z,0332-3122-0427,kakkii i1v1,diefmy17,UEFN,,1v1|pvp|practice|competitive,head
2026-09-29T15:09:06Z,9337-9271-4896,RED VS BLUE FNAF VS SCREAM AND RUN 🔴🔵,panzi,UEFN,,shooter|just for fun|pvp|team deathmatch,head
2026-09-29T15:09:06Z,7099-3614-2771,Mega rampa x fall guys,21winners,FNC,,race,head
2026-09-29T15:09:06Z,1887-7552-4397,RED VS BLUE | TAZZINA BALLERINA,donald67,UEFN,,team deathmatch|action|competitive|pvp,head
2026-09-29T15:09:06Z,5263-6176-9556,Griddin 1v1 Build Fights (185 Pumps),griddin,UEFN,,1v1|building,head
2026-09-29T15:09:06Z,0378-4276-8019,GREEN VS WHITE,sweetghost,UEFN,TMNT,team deathmatch|action|just for fun|battle,head
2026-09-29T15:09:06Z,8554-7797-2906,🛰️ LASER TRICKSHOT FACILITY 🛰️🎯,sembasiasimy,UEFN,,music|just for fun|memes|moving,head
2026-09-29T15:09:06Z,6102-0362-5989,1v1v1 CRAZY ROTATE,o7g,UEFN,,party game|pvp|just for fun|minigame,head
2026-09-29T15:09:06Z,2861-2992-4083,Rp rilode,arzelox66,FNC,,role playing,head
2026-09-29T15:09:06Z,tournament_season015_f01f80c9-e934-4bac-9396-bf5fe54d60c9,,epic,,,competitive,head
2026-09-29T15:09:06Z,tournament_season015_47ff715d-0106-40b6-bce5-4512aa3db6b6,,epic,,,competitive,head
2026-09-29T15:09:06Z,1374-3198-6923,1V1 KNS,studio_kns,FNC,,1v1,head
2026-09-29T15:09:06Z,5288-9137-0072,🏁 SUPER ROAD – TMNT! 🐢💨,a7l1o2,UEFN,TMNT,race|just for fun|adventure|roguelike,head
2026-09-29T15:09:06Z,2600-6630-3245,SOLOBUILD TCHIKI BRR 🔥,kheyzo,UEFN,,solo|training,head
2026-09-29T15:09:06Z,5142-4362-6664,🧯 FIRESTORM TRICKSHOT SURVIVAL 🧯🎯,ksiazulo,UEFN,,music|memes|classes|just for fun,head
2026-09-29T15:09:06Z,1430-9087-5292,🚢 SHIPWRECK TRICKSHOT QUEST 🚢🎯,ksiazulo,UEFN,,music|memes|just for fun|board game,head
2026-09-29T15:09:06Z,8442-7431-2622,OBBY 150+,mikep,UEFN,The Walking Dead Universe,deathrun|parkour|difficulty: easy|fortnitemares,head
2026-09-29T15:09:06Z,tournament_epicgames_s42_performanceevaluationtrios_nac,,epic,,,competitive,head
2026-09-29T15:09:06Z,tournament_epicgames_s42_performanceevaluationtrios_eu,,epic,,,competitive,head
2026-09-29T15:09:06Z,9961-2881-4206,RED VS BLUE FROG,pluto584,UEFN,,adventure|rpg|just for fun|team deathmatch,head
2026-09-29T15:09:06Z,8391-5039-7291,Don't look away,reverse13,UEFN,,atmospheric|co-op|horror|first person,head
2026-09-29T15:09:06Z,5598-5984-3188,Mirage Rp,naxuu,UEFN,,rpg|role playing,head
2026-09-29T15:09:06Z,9311-8608-6040,🧱 MAZE TRICKSHOT ESCAPE 🧱🎯,kolo123pl,UEFN,,music|memes|strategy|just for fun,head
2026-09-29T15:09:06Z,3327-5596-7776,☄️ METEOR TRICKSHOT MADNESS ☄️🎯,lisufn,UEFN,,deathrun|parkour|minigame|music,head
2026-09-29T15:09:06Z,7335-7701-6936,Lb's World,jellyswish007,UEFN,,atmospheric|adventure|peaceful|friendly,head
2026-09-29T15:09:06Z,3538-5374-1438,SHELL.SIMPLE 1V1,teamshell,FNC,,1v1,head
2026-09-29T15:09:06Z,1326-5227-7738,🏂 SNOWBOARD TRICKSHOT RIDE 🏂🎯,sicariobang,UEFN,,music|one in the chamber|one life|just for fun,head
2026-09-29T15:09:06Z,8763-8538-3832,Tiroedit6 (bugs fix),tirogualee,FNC,,edit course|building|difficulty: hard,head
2026-09-29T15:09:06Z,8840-1493-5955,TROVA E NASCONDITI,kiccho,FNC,,competitive,head
2026-09-29T15:09:06Z,4682-5677-5516,trk 1v1,ez23,UEFN,,1v1,head
2026-09-29T15:09:06Z,3623-8335-5921,RIDE THE PET,johnyw,UEFN,,adventure|tycoon|collection|just for fun,head
2026-09-29T15:09:06Z,6772-9704-6704,GGsniper's ultra  zone wars,ggsnipe,FNC,,zonewars,head
2026-09-29T15:09:06Z,1657-6383-5084,SKINS SNEAKY SNIPERS 🎯,budge0,UEFN,Star Wars,one shot|sniper|shooter|gun fight,head
2026-09-29T15:09:06Z,9281-0719-1838,GUESS THE LOGO 🫣,shortymaps,UEFN,FALL GUYS,music|deathrun|party game|just for fun,head
2026-09-29T15:09:06Z,1499-1268-3683,🪄 WIZARD TRICKSHOT ACADEMY 🪄🎯,martyna67,UEFN,,practice|music|just for fun|classes,head
2026-09-29T15:09:06Z,8783-4984-5424,DIG FOR ASMR,jomap,UEFN,,just for fun|casual|tycoon|simulator,head
2026-09-29T15:09:06Z,6753-5685-2409,9872 PARKOUR 10+LEVELS باركور,a19,UEFN,,parkour|adventure|skills|moving,head
2026-09-29T15:09:06Z,2044-3064-6307,Heist Empire Tycoon,gurama,UEFN,,tycoon|casual|simulator|just for fun,head
2026-09-29T15:09:06Z,8510-5337-9806,🗼 TOWER TRICKSHOT ASCENT 🗼🎯,crackhouse,UEFN,,music|one in the chamber|word games|clicker,head
2026-09-29T15:09:06Z,7286-7188-7934,Resident Evil RPD,gingerninjan,FNC,,adventure|exploration|rpg|horror,head
2026-09-29T15:09:06Z,2366-5215-0559,Impossible Hard DeathRun,smarttrooper,FNC,,deathrun|parkour|difficulty: hard|difficulty: impossible,head
2026-09-29T15:09:06Z,0524-4919-1759,CAR PARKOUR,c7i,FNC,,parkour|race|difficulty: very hard|difficulty: impossible,head
2026-09-29T15:09:06Z,9554-7531-8350,🪐 ASTEROID TRICKSHOT FIELD 🪐🎯,sigmatiktoker,UEFN,,music|one in the chamber|just for fun|classes,head
2026-09-29T15:09:06Z,9575-7521-9708,RED VS BLUE | TUNG TANG SAHAR,mizzica,UEFN,,team deathmatch|action|competitive|pvp,head
2026-09-29T15:09:06Z,2357-3960-3186,1v1 Oxyaex YT,oxyaex,FNC,,1v1|fighting|boxfight|duo,head
2026-09-29T15:09:06Z,5184-6665-9405,CITY FFA,tarjo1,FNC,,shooter|free for all|retro|strategy,head
2026-09-29T15:09:06Z,3726-7048-8401,MONSTER CITY - BOSS FIGHT,giadjaa,UEFN,,survival|boss battle|pve|party game,head
2026-09-29T15:09:06Z,3404-0048-3565,🏄 SURF TRICKSHOT RIDE 🏄🎯,leniwiec4x,UEFN,,music|stealth|just for fun|space,head
2026-09-29T15:09:06Z,4451-1179-6568,STAR WARS ARENA FIGHING,sunqur,UEFN,Star Wars,shooter|respawn|free for all|competitive,head
2026-09-29T15:09:06Z,5481-3220-3744,👑 Cat Escape Room | by GT 👑,titanhammer07,UEFN,,escape|strategy|parkour|platformer,head
2026-09-29T15:09:06Z,6326-9826-5688,Fnaflegacy,arkhamking,UEFN,,fortnitemares,head
2026-09-29T15:09:06Z,1721-9210-6533,ZIXX 1V1,klyzixx,UEFN,,1v1|competitive|pvp|building,head
2026-09-29T15:09:06Z,9940-1079-4632,❄️ FROSTLOCK ONE SHOT GUN GAME 🎯,strong_fil,UEFN,,pvp|one shot|gun game|free for all,head
2026-09-29T15:09:06Z,3011-5504-6717,Desert Tilted 1v1s,smicc,FNC,,1v1,head
2026-09-29T15:09:06Z,0810-3850-6390,99 BOTS ZOMBIE ROYALE,punisheroops,UEFN,The Walking Dead Universe,survival|battle royale|pve|free for all,head
2026-09-29T15:09:06Z,4266-6999-8197,BOX FIGHT PVP FFA,tcmbaba,UEFN,,boxfight|pvp|just for fun|survival,head
2026-09-29T15:09:06Z,7286-6273-2587,+1 ORB VS BRAINROTS,gamelifegg,UEFN,,just for fun|simulator|casual|tycoon,head
2026-09-29T15:09:06Z,3825-1612-5312,SUPER SNIPER GUN GAME 💥 ONE SHOT,mksaxd,UEFN,,free for all|one in the chamber|pvp|sniper,head
2026-09-29T15:09:06Z,3814-1432-2385,ICE ZONE WARS,thegoatgames,UEFN,,zonewars|pvp|one life|solo,head
2026-09-29T15:09:06Z,0654-6950-3392,🧨 DYNAMITE TRICKSHOT ESCAPE 🧨🎯,zenekigma,UEFN,,music|strategy|deathrun|just for fun,head
2026-09-29T15:09:06Z,1953-5000-1791,GUN GAME SHOOTER FFA 2,kyojur,UEFN,,pvp|shooter|one shot|practice,head
2026-09-29T15:09:06Z,0378-3375-8922,Pillars 2.0,saameemv,UEFN,,just for fun|minigame|party game|pvp,head
2026-09-29T15:09:06Z,7288-1030-7847,NEW LIGHTS — CHAPTER I,cundria,UEFN,,action|adventure,head
2026-09-29T15:09:06Z,4032-5289-7382,PRO 1V1 BUILD FIGHTS (COMPETITIVE)📝,aghafn,UEFN,,1v1|building|practice|competitive,head
2026-09-29T15:09:06Z,9254-5733-1073,GUN GAME FFA SHOTER 58.15,kyojuro,UEFN,,shooter|practice|pvp|one shot,head
2026-09-29T15:09:06Z,7104-4578-8724,DRIVE CITY FFA RP,uyj,UEFN,,survival horror|creatures|race|driver simulator,head
2026-09-29T15:09:06Z,2569-9767-2803,Simple BOX FIGHT,pigeon0,UEFN,,pvp|practice|boxfight|zonewars,head
2026-09-29T15:09:06Z,0277-5036-0132,1v1 kikrelio,kikrelio,FNC,,1v1,head
2026-09-29T15:09:06Z,4815-1464-8702,MASTER DEATHRUN 10 LEVEL - OG MOVEMENT !,wayz.fr,FNC,,deathrun|parkour|just for fun|difficulty: impossible,head
2026-09-29T15:09:06Z,8476-1676-7617,FFA RIVALS,mullvad,UEFN,,survival horror|creatures|race|driver simulator,head
2026-09-29T15:09:06Z,4197-2984-9414,"Have Fun, Punch Hard, Don't Fall!",kebabandrice,UEFN,,pvp|casual|party game|free for all,head
2026-09-29T15:09:06Z,0385-7921-4786,FFA RIVALS FIGHT,coin-xp-brainrot,UEFN,,survival horror|creatures|race|driver simulator,head
2026-09-29T15:09:06Z,6053-3524-9415,Nouveau25,alphonse0909,FNC,,free for all,head
2026-09-29T15:09:06Z,8574-1711-6396,SOCCER BOXFIGHTS,criblin,UEFN,,just for fun|boxfight|shooter|funny,head
2026-09-29T15:09:06Z,7241-4220-7137,🔑 BeBe 😺 Escape Room 🧠,rtdox,UEFN,,escape|strategy|parkour|platformer,head
2026-09-29T15:09:06Z,1399-7969-6481,Palm City Drive Road,stanag50,UEFN,,just for fun|open world|driver simulator|race,head
2026-09-29T15:09:06Z,9078-1963-8243,X-stream pickaxe zone wars,x-streamnicholas,FNC,,free for all,head
2026-09-29T15:09:06Z,5151-9349-9556,⭐EASY PARKOUR 250+ LEVELS⭐الباركور,rauli20,UEFN,,parkour|deathrun|difficulty: easy|just for fun,head
2026-09-29T15:09:06Z,0666-6753-1438,23 LEVEL HARD VALOUZZ,klss4,FNC,,deathrun,head
2026-09-29T15:09:06Z,4729-6731-9073,WAIFU PILLARS pillers pilars pilers,oliboibtw,UEFN,,minigame|party game|just for fun|adventure,head
2026-09-29T15:09:06Z,5210-9676-9516,X-stream OP zone wars,x-streamnicholas,FNC,,building|free for all,head
2026-09-29T15:09:06Z,6541-2353-7944,SHOVE THE PILLAR!,liuras,UEFN,,action|attack|battle|skills,head
2026-09-29T15:09:06Z,4939-3917-4568,Potion Commotion!,tricktyger,UEFN,,arcade|tycoon|party game|funny,head
2026-09-29T15:09:06Z,3738-5266-7183,DTBR Chapter 2 Season 1,crzraptor,FNC,,battle royale,head
2026-09-29T15:09:06Z,8105-0294-9967,PVP Durr Burger,val7122000,FNC,,friendly|free for all|seasonal|respawn,head
2026-09-29T15:09:06Z,6653-2793-0749,The Last Zone - 2V2 مباريات تدريبية,realjj,UEFN,,2v2|team deathmatch|practice|zonewars,head
2026-09-29T15:09:06Z,9113-8457-6931,+1 Speed For Brainrot Eggs,tycoon-brainrot,UEFN,,simulator|tycoon|collection|casual,head
2026-09-29T15:09:06Z,7201-9314-4855,Squid CIty Drive,patrickmaps,UEFN,SQUID GAME,free for all|creatures|open world|driver simulator,head
2026-09-29T15:09:06Z,2960-8027-5170,باركور rov1 صعب و ممتع,rov1,FNC,,parkour,head
2026-09-29T15:09:06Z,0786-6765-0263,DRAFT WARS 1V1,buckfn6,UEFN,,1v1|just for fun|minigame|casual,head
2026-09-29T15:09:06Z,0821-7101-0016,GRAND FIGHTING V99 MEGA DRIVING,88pv,UEFN,,free for all|open world|building|shooter,head
2026-09-29T15:09:06Z,9892-1531-8229,FREE FOR ALL GRAND DRIVE,lupen,UEFN,,free for all|building|just for fun|shooter,head
2026-09-29T15:09:06Z,1266-6627-2282,🎯GUN GAME FFA SHOOTER PRIME⚔️,johancooks,UEFN,,shooter|one shot|pvp|practice,head
2026-09-29T20:02:51Z,9145-7874-2947,R3XON ROYALE | s1 peace,rexy_01,FNC,,battle royale|free for all|competitive,head
2026-09-29T20:02:51Z,4483-6068-1064,FUNNY 1V1 FFA GUNS & SECRETS,st3llar,UEFN,,pvp|free for all|1v1|practice,head
2026-09-29T20:02:51Z,8820-7895-5943,🟢 SIOKBUILDFIGHT1v1 🟢,losmanfredsiok,UEFN,,1v1|pvp|practice,head
2026-09-29T20:02:51Z,6345-6834-9967,1vs1 S 1 v 1 1vs1 1 vs 1,teeko,UEFN,Star Wars,creatures|1v1|adventure|tycoon,head
2026-09-29T20:02:51Z,1687-0316-7937,+1 Aura for Brainrot,everybodytalks,UEFN,,casual|just for fun|simulator|tycoon,head
2026-09-29T20:02:51Z,8773-2463-6959,FOOD BOX PVP - BOX FIGHTS (BOX),alx319,UEFN,,boxfight|pvp|practice|minigame,head
2026-09-29T20:02:51Z,2443-5455-8626,Pandalii's royale,pandalii,FNC,,action,head
2026-09-29T20:02:51Z,4465-2056-6329,Pillars France,slazeur,FNC,,action,head
2026-09-29T20:02:51Z,8168-3410-5566,Pull An Egg!,adyy,UEFN,,tycoon|simulator|just for fun|casual,head
2026-09-29T20:02:51Z,1525-3965-9680,STEAL or DOUBLE 💰😈,t0meu,UEFN,,strategy|minigame|party game|just for fun,head
2026-09-29T20:02:51Z,6182-4569-2616,SkatePark One Shot,etothen,FNC,,free for all|shooter|respawn|one life,head
2026-09-29T20:02:51Z,1810-7584-9134,⭐50 LEVELS EASY PARKOUR,hardmaps,UEFN,,deathrun|parkour|difficulty: easy|just for fun,head
2026-09-29T20:02:51Z,3328-6320-6415,kollotte1v1,diefmy17,UEFN,,1v1|pvp|practice|competitive,head
2026-09-29T20:02:51Z,6891-7741-8070,PVP,antoniofn500,FNC,,1v1,head
2026-09-29T20:02:51Z,0710-7113-4289,85+ ESCAPE ROOM,pillars-pilers,UEFN,,escape|just for fun|puzzle|party game,head
2026-09-29T20:02:51Z,0325-5403-9031,Endgame Practice Duo (MHK Plays),mhk_plays,UEFN,,action|battle royale|building|duo,head
2026-09-29T20:02:51Z,2631-6933-2160,Unhinged: Red vs. Blue: Arena 🎯,punypiranha,UEFN,,strategy|fighting|party game|attack,head
2026-09-29T20:02:51Z,5300-4412-9409,PILLARS EVENTS (NEW),boyboy,UEFN,,party game|minigame|casual|just for fun,head
2026-09-29T20:02:51Z,2133-9560-7816,TOWER OF SATAN 😈,fruzzy,UEFN,,parkour|skills|deathrun|difficulty: impossible,head
2026-09-29T20:02:51Z,8159-2651-6989,Phantom Season 2,doggoiscracked,FNC,STAR WARS,battle royale,head
2026-09-29T20:02:51Z,8495-5138-3657,🔥 ZONE WARS: MAYHEM,ofelipevz,FNC,,action,head
2026-09-29T20:02:51Z,1671-1175-7815,REDvsBLUE Epic Vendetta 🚨,ngoty,UEFN,,shooter|just for fun|arena|battle,head
2026-09-29T20:02:51Z,3949-8368-9140,1v1 flobr,flobr,FNC,,1v1,head
2026-09-29T20:02:51Z,5179-4479-9690,Who offers more?,apexbread,UEFN,,1v1|choices matter|gun fight|pvp,head
2026-09-29T20:02:51Z,5709-8389-0823,Zombie Farm: Chickens & Zombies.,doisvalmir2,UEFN,,survival horror|creatures|shooter,head
2026-09-29T20:02:51Z,3691-0487-0926,INFINITE BOX PVP FFA,ohiofredster,UEFN,,boxfight|attack|solo,head
2026-09-29T20:02:51Z,5892-9050-6749,Stade Bollaert-Delelis,sngg04,UEFN,,5v5,head
2026-09-29T20:02:51Z,3215-4768-2989,The Seven Bedwars,ujkavanja,UEFN,,base|minigame|tycoon|pvp,head
2026-09-29T20:02:51Z,6090-5239-3083,STARZ CITY 7.0 RP,akai.otoko,UEFN,,casual,head
2026-09-29T20:02:51Z,1578-8353-3702,⛈️ THUNDER TRICKSHOT ARENA ⛈️🎯,legendsneverdie,UEFN,,deathrun|parkour|minigame|just for fun,head
2026-09-29T20:02:51Z,8631-7357-1350,Paradise Ranked Gun Game🎯,stanag50,UEFN,,one shot|gun game|just for fun|free for all,head
2026-09-29T20:02:51Z,3806-8885-7654,DRK TRAINING,drk-clouse,UEFN,,1v1|boxfight|event,head
2026-09-29T20:02:51Z,3385-0094-3910,Townsville 🛸 RP CITY ALL GUNS VEHICLES,iijxmii,UEFN,,just for fun|open world|role playing|shooter,head
2026-09-29T20:02:51Z,3123-7735-6291,Fvnz ZW,munkifv,UEFN,,zonewars|1v1|2v2|4v4,head
2026-09-29T20:02:51Z,6240-7789-5745,🔥 100 LEVELS HARDISH 🔥,relentlessl_tony,FNC,,difficulty: hard|hardcore|deathrun|platformer,head
2026-09-29T20:02:51Z,3958-7112-9081,🏎️ EXTREME RAMP - CAR GAME,falaxo2,UEFN,SQUID GAME,race|deathrun|objective|exploration,head
2026-09-29T20:02:51Z,7298-5056-3710,VEXOTWEAKS 1V1,prooxxyfn,UEFN,,1v1|competitive|battle royale,head
2026-09-29T20:02:51Z,0733-2016-3030,⛈️ THUNDER TRICKSHOT ARENA ⛈️🎯,newgen1337,UEFN,,deathrun|parkour|minigame|just for fun,head
2026-09-29T20:02:51Z,4914-6643-3407,FrandmarBoxfight,frandmar,UEFN,,boxfight|pvp|competitive|practice,head
2026-09-29T20:02:51Z,9377-3237-9720,AUTUMN RED VS BLUE,stason,UEFN,,pvp|team deathmatch|just for fun|practice,head
2026-09-29T20:02:51Z,3526-4111-8049,Steal the Monsters Tycoon,gameleap,UEFN,,tycoon|simulator|pvp|casual,head
2026-09-29T20:02:51Z,1547-6394-2378,🔥HARDCORE🔥9900,3ss,FNC,,parkour,head
2026-09-29T20:02:51Z,3359-4907-1538,1v1 Build Fights [TOP G],topgmatik,FNC,,1v1|building|battle|attack,head
2026-09-29T20:02:51Z,5130-0176-5082,Push Off: Sky Sumo,mobileanarchy,UEFN,,party game|pvp|free for all|teams,head
2026-09-29T20:02:51Z,3066-5956-7020,SUPER CAR JUMP - CAR GAME,dalilaaraujo,UEFN,TMNT,race|deathrun|objective|exploration,head
2026-09-29T20:02:51Z,2515-1085-2828,Deathrun Race,5py-d,FNC,,difficulty: easy|deathrun|parkour|minigame,head
2026-09-29T20:02:51Z,7730-1681-3712,REDvsBLUE 🎮: Shadow Eclipse 2.0,refinedrook2873,UEFN,,team deathmatch|practice|funny|base,head
2026-09-29T20:02:51Z,3837-0926-4315,DØQIX  1v1,trovex,FNC,,1v1,head
2026-09-29T20:02:51Z,7929-3156-1509,Alley Jam,beemoh68,UEFN,,3v3|competitive|sports|physics,head
2026-09-29T20:02:51Z,4708-3025-6556,📦 Duo Endless Boxfights [Jon09as],jon09as,FNC,,boxfight|building|duo|pvp,head
2026-09-29T20:02:51Z,4420-6444-8890,🔫FOREST GUN GAME ♾️ RTX,rtxstudio,UEFN,Star Wars,pvp|gun game|one shot|just for fun,head
2026-09-29T20:02:51Z,5063-5881-0957,DTS Zero Build Endgame,ingobanana,FNC,,1v1|zonewars|free for all,head
2026-09-29T20:02:51Z,8451-9684-3025,🎯 GUN GAME CHAPITRE 7 : 140 ARMES ! 🔫,jl_ltk,FNC,,gun game,head
2026-09-29T20:02:51Z,7983-4451-5685,1v1 dbso,dbso,UEFN,,1v1,head
2026-09-29T20:02:51Z,6863-8977-1062,City 🏙️ OneShot 🎯 GunGame,quekdgamestudios,FNC,,gun game|free for all|competitive|first person,head
2026-09-29T20:02:51Z,3903-3827-3994,TURBO KIDS - CAR GAME,extremeramp,UEFN,TMNT,race|deathrun|platformer|driver simulator,head
2026-09-29T20:02:51Z,5636-3876-8021,RED VS BLUE SUPER HAPPY OF IT,saxio,UEFN,,team deathmatch|free for all|gun game|competitive,head
2026-09-29T20:02:51Z,1712-6892-5731,RED VS BLUE SUPER TOWER,naxio,UEFN,,team deathmatch|free for all|gun game|competitive,head
2026-09-29T20:02:51Z,0366-5767-4558,Red Vs Blue: Dynasty Pro 🆚,wilenkaaa,UEFN,,party game|teams|team deathmatch|practice,head
2026-09-29T20:02:51Z,8476-4489-3956,"DESTROY 8,000 BLOCKS | AEROLICIOUS",michadestroy,UEFN,,mining|clicker|economy|co-op,head
2026-09-29T20:02:51Z,7269-2594-0252,Extreme Ramp Car Game,superramp,UEFN,TMNT,race|deathrun|platformer|open world,head
2026-09-29T20:02:51Z,1312-9676-1131,Hard Og Deathrun 20 Levels [Parkour],relty,FNC,,parkour|deathrun|difficulty: very hard|difficulty: impossible,head
2026-09-29T20:02:51Z,3039-8884-2185,Xren Box PvP,xren7,UEFN,,boxfight|practice|pvp|zonewars,head
2026-09-29T20:02:51Z,4685-4269-8008,1v1 RYX,ryx_ryvex,FNC,,1v1,head
2026-09-29T20:02:51Z,2018-5178-5731,🌊 FLOOD TRICKSHOT ESCAPE 🌊🎯,klickpickbick,UEFN,,deathrun|parkour|minigame|music,head
2026-09-29T20:02:51Z,2832-1242-7163,RED VS BLUE: NO SAFE ZONE,armando23,UEFN,,just for fun|free for all|action|team deathmatch,head
2026-09-29T20:02:51Z,8116-2763-6968,THE OLD CITY,taysoo,UEFN,,race|just for fun|role playing|roguelike,head
2026-09-29T20:02:51Z,6423-7822-0955,RED VS BLUE STAIR QUAD RVB,laxio,UEFN,,team deathmatch|free for all|gun game|competitive,head
2026-09-29T20:02:51Z,8864-3501-7415,Deathrun Ragnarok,lacagouleprime,FNC,,difficulty: impossible|deathrun,head
2026-09-29T20:02:51Z,8111-4807-9976,SUPER EXTREME ROJO RED VS BLUE RVB,kaxio,UEFN,,team deathmatch|free for all|gun game|competitive,head
2026-09-29T20:02:51Z,2500-3499-6821,⚡ OLYMPUS PILLARS ⚡,relentlessl_tony,UEFN,,building|gun fight|survival|arena,head
2026-09-29T20:02:51Z,2931-8059-5311,Armin 1v1 (0-delay),armin23,FNC,,1v1|building|fighting,head
2026-09-29T20:02:51Z,9521-8509-1490,🚪67 LEVEL ESCAPE ROOM 🧠,drgonzo,UEFN,LEGO,strategy|escape|minigame|just for fun,head
2026-09-29T20:02:51Z,8310-0277-6515,smurf 1vs1,smurfzin,FNC,,1v1|competitive,head
2026-09-29T20:02:51Z,3202-5510-7502,FortyDash - Stereo Madnesss,linkuwey,UEFN,,arcade|trivia|race,head
2026-09-29T20:02:51Z,8851-5720-7614,WACKY RACES - CAR GAME,murilorios,UEFN,SQUID GAME,race|objective|just for fun|open world,head
2026-09-29T20:02:51Z,0378-9343-6604,FACELESS SCARY [HORROR],filstudio,UEFN,,survival horror|horror|party game|escape,head
2026-09-29T20:02:51Z,7066-9654-1207,BIG BOX PVP,gustaph,UEFN,,boxfight|free for all,head
2026-09-29T20:02:51Z,7266-9687-7083,RED VS BLUE: THE LAST TERRITORY,franciscocruz45,UEFN,,just for fun|free for all|action|team deathmatch,head
2026-09-29T20:02:51Z,1167-1164-8680,[][][ SPIDERS CITY COOL CRUISE ][][],borzoi,UEFN,,music|memes|just for fun|minigame,head
2026-09-29T20:02:51Z,1820-8782-7540,SPEED RUN: 3 LEVELS 🟧🟥🟩  �,twj7,FNC,,parkour|race|role playing|puzzle,head
2026-09-29T20:02:51Z,8025-8446-6739,Escape tsunami for Crazy Brainrots 🌹✨,krusekfv,UEFN,,simulator|just for fun|tycoon|funny,head
2026-09-29T20:02:51Z,7997-5191-9450,DEATHRUN EASY 312 LEVELS,lzprime1v5,UEFN,,deathrun|strategy|skills|parkour,head
2026-09-29T20:02:51Z,3669-2747-8904,SUPRM 1v1,suprm,UEFN,,1v1|building|respawn|battle,head
2026-09-29T20:02:51Z,9598-7970-1907,HARD PARKOUR 17 LEVELS! OG ⭐,naticsvv,UEFN,,parkour|difficulty: impossible|difficulty: very hard,head
2026-09-29T20:02:51Z,8323-1695-4060,RED VS BLUE: BREAK THE BILANCE,tungtungstudios,UEFN,,just for fun|free for all|action|team deathmatch,head
2026-09-29T20:02:51Z,9212-0497-5747,🎯 SECRET ONE SHOT GUN GAME 😎 ARENA FFA,giftmap,UEFN,,gun game|one shot|secrets|difficulty: easy,head
2026-09-29T20:02:51Z,5295-7536-4191,PARKOUR 15 LEVEL{4080},ftq,UEFN,,parkour|survival|action,head
2026-09-29T20:02:51Z,0127-7649-5956,A7 | باركور 🔥[ 2.0 ],l7ol,UEFN,,parkour|competitive|deathrun|action,head
2026-09-29T20:02:51Z,7547-5633-2484,n4giz 1v1,n4gi_elit22,FNC,,1v1|building,head
2026-09-29T20:02:51Z,4906-0681-1381,POPPY PLAYTIME 6 EVIL SCARY [HORROR],pando4ka,UEFN,,horror|survival horror|survival|escape,head
2026-09-29T20:02:51Z,9436-4116-2372,Grand Luxury City 🚗,tvku,UEFN,SQUID GAME,open world|role playing|race|just for fun,head
2026-09-29T20:02:51Z,8024-0960-0713,RED VS BLUE: THE BATTLE NEVER ENDS,runner2,UEFN,,just for fun|free for all|action|team deathmatch,head
2026-09-29T20:02:51Z,9024-1981-1988,DOGROBOTIC ALLGUNS ELETRIC,wlmaps,UEFN,,1v1|pvp|free for all|just for fun,head
2026-09-29T20:02:51Z,7534-5501-2419,BOXFIGHT: PERFECTED-FFA,emua,UEFN,,boxfight|practice|just for fun|shooter,head
2026-09-29T20:02:51Z,3329-4974-3940,GUN GAME TURC VS KURDE EVENT,yadada,UEFN,,gun game|one shot|just for fun,head
2026-09-29T20:02:51Z,0993-0272-9660,💥 ALL GUNS 💥 1v1 ROOM 💥 FFA,dummymaps,UEFN,,free for all|just for fun|party game|1v1,head
2026-09-29T20:02:51Z,4928-8428-4703,INPUT LOG FREEBUILD,saneatsu,UEFN,,practice,head
2026-09-29T20:02:51Z,9024-1680-4008,CAR GAMES ROAD,a7l1o2,UEFN,SQUID GAME,race|free for all|solo|open world,head
2026-09-29T20:02:51Z,7818-1166-0490,Slide Pit 1v1v1v1,franpro1978,UEFN,,building|pvp|free for all|practice,head
2026-09-29T20:02:51Z,3290-7024-0203,BoomAcademy,qwertgamesfn,FNC,,battle|aim course|attack|gun fight,head
2026-09-29T20:02:51Z,6730-5149-4700,GUN GAME FUTUR ARISTOCRATE PARISIEN,theshaggyy,UEFN,,gun game|just for fun|one shot,head
2026-09-29T20:02:51Z,7960-8697-4520,The Last Zone - 2V2 سكرمز العاصفه 🌀,1v1-1v1v1-maps,UEFN,,2v2|practice|shooter|free for all,head
2026-09-29T20:02:51Z,8577-4345-5117,The Last Zone - 2V2 سكرمز العاصفه 🌀,realjj,UEFN,,2v2|practice|team deathmatch|shooter,head
2026-09-29T20:02:51Z,3514-6987-1207,GUESS THE LOGO QUIZ GAME 🧠,goatbot,UEFN,LEGO,quiz|just for fun|difficulty: easy,head
2026-09-29T20:02:51Z,8266-6552-4071,FCRE | Bugatti Circuit | 🇲🇫,k1eran_fn,FNC,,race,head
2026-09-29T20:02:51Z,6500-4767-0878,Horror House 🎃 Zero Build,kiraios,FNC,,battle royale|fortnitemares|free for all|minigame,head
2026-09-29T20:02:51Z,7909-6671-9165,FEED KLOMBO,brixco,FNC,,tycoon|casual|just for fun|peaceful,head
2026-09-29T20:02:51Z,6582-9737-9517,♾️ GUN GAME INSANE 🎵 MUSIC IN CHAOS🎯,itachiifn,UEFN,Star Wars,music|gun game|just for fun|adventure,head
2026-09-29T20:02:51Z,8003-8677-0537,FREE SKINS,aidanvr,FNC,STAR WARS,educational,head
2026-09-29T20:02:51Z,0930-7525-7428,PORTO PARCEL,luborek,UEFN,,casual|timed|party game|exploration,head
2026-09-29T20:02:51Z,1712-6086-7062,One-Shot... but better,stanag50,UEFN,,one shot|gun game|action|difficulty: hard,head
2026-09-29T20:02:51Z,1545-6359-4424,MAYORK RP OG BACK EVOLUTION,slay9,UEFN,,rpg,head
2026-09-29T20:02:51Z,1963-1851-1945,Asteria City RP,lazaac,UEFN,,rpg|role playing|funny|just for fun,head
2026-09-29T20:02:51Z,8317-9890-4934,Horizon rp,zyrox_off,UEFN,,open world|simulator|role playing|rpg,head
2026-09-29T20:02:51Z,2316-4152-2279,Kitsune Zone Wars,barakone,UEFN,,practice|competitive|zonewars|free for all,head
2026-09-29T23:40:13Z,8233-3859-0054,FINAL RACE - CAR GAME,extremeramp,UEFN,SQUID GAME,race|objective|exploration|survival,head
2026-09-29T23:40:13Z,9288-0795-0144,BOX FIGHT VISION,mapvision,UEFN,,boxfight|pvp|free for all|practice,head
2026-09-29T23:40:13Z,4388-3571-6060,🎯 The Frozen Crossfire Red vs Blue 🏆,cronus208,UEFN,,base|fighting|arena|gun fight,head
2026-09-29T23:40:13Z,8123-0013-4170,DEATHRUN EASY 356 LEVELS,lzprime1v5,UEFN,,deathrun|strategy|moving|parkour,head
2026-09-29T23:40:13Z,7473-5343-8060,BOUNCE ADVENTURE,mapvision,UEFN,,just for fun|casual|free for all|tycoon,head
2026-09-29T23:40:13Z,8751-8840-3733,PULL AN EGG,ma-da,UEFN,,tycoon|just for fun|simulator|casual,head
2026-09-29T23:40:13Z,3795-3372-7902,The Robot Factory,shystiez,FNC,,difficulty: medium|escape|adventure|boss battle,head
2026-09-29T23:40:13Z,2688-0819-1914,Survive Goku For Brainrot,laman,UEFN,,casual|tycoon|just for fun|simulator,head
2026-09-29T23:40:13Z,8594-4334-5976,DRIVER ROAD - CAR GAME,superramp,UEFN,SQUID GAME,race|objective|exploration|survival,head
2026-09-29T23:40:13Z,7879-2284-4867,AHZO,ahzostore,UEFN,,1v1|adventure|arena|2v2,head
2026-09-29T23:40:13Z,4206-1902-8151,DEATHRUN EASY 332 LEVELS,lzprime1v5,UEFN,,deathrun|skills|moving|parkour,head
2026-09-29T23:40:13Z,1784-2355-3194,GUNGAME ONESHOT[NOZE09],noze09,FNC,,gun fight|first person|solo,head
2026-09-29T23:40:13Z,4419-5743-9703,Metropolis,unrealstx,UEFN,,casual|winterfest|music,head
2026-09-29T23:40:13Z,9320-7314-8240,✈️ TOY GUN GAME BATTLE 🚗 FFA ONESHOT 🧸,vamosfn,UEFN,,pve|gun game|gun fight|one shot,head
2026-09-29T23:40:13Z,6133-9118-8873,Infinite Portal Pinball,epicjames,FNC,,arcade|aim course|action|1v1,head
2026-09-29T23:40:13Z,0555-3762-5941,+1 Tongue Escape,onefallenember,UEFN,,parkour|simulator|escape|casual,head
2026-09-29T23:40:13Z,8847-5798-7827,LOCKDOWN RED VS BLUE 🔐,bayer4ik14,UEFN,,arena|battle|team deathmatch|shooter,head
2026-09-29T23:40:13Z,0018-0461-2608,DEATHRUN EASY 291 LEVELS,lzprime1v5,UEFN,,deathrun|strategy|skills|parkour,head
2026-09-29T23:40:13Z,1755-8037-0461,APX Box fights 2v2,jpandas3.6.5,FNC,,2v2,head
2026-09-29T23:40:13Z,1004-2830-4558,1v1 Build Fights {1e0nix},1e0nix,FNC,,1v1|competitive|building|practice,head
2026-09-29T23:40:13Z,0796-1268-6541,1v1 بو مايد,habar,FNC,,1v1|building|battle,head
2026-09-29T23:40:13Z,2674-0672-7327,RED VS BLUE MOONLIGHT RVB,faxio,UEFN,,team deathmatch|free for all|gun game|competitive,head
2026-09-29T23:40:13Z,5680-9602-6863,👑 Mega Brain Escape Room,twixmaps,UEFN,,memes|escape|strategy|party game,head
2026-09-29T23:40:13Z,7884-4253-7738,color swich,dbso,UEFN,,strategy,head
2026-09-29T23:40:13Z,5591-2712-4152,40 LEVEL HARD PARKOUR 💀 4067 باركور صعب,fence,UEFN,,deathrun|parkour|difficulty: hard|skills,head
2026-09-29T23:40:13Z,7983-2972-0096,RED VS BLUE KEYBOARD RVB,vaxio,UEFN,,team deathmatch|free for all|gun game|competitive,head
2026-09-29T23:40:13Z,4384-8182-0636,RED VS BLUE LITERAL AUTUMN,zaxio,UEFN,,team deathmatch|free for all|gun game|competitive,head
2026-09-29T23:40:13Z,9216-8339-3865,RED VS BLUE TROLLY BLURRY,baxio,UEFN,,team deathmatch|free for all|gun game|competitive,head
2026-09-29T23:40:13Z,6812-7845-2605,1v1 Build Fights [SMoney],sorvz,UEFN,,1v1|building|practice|competitive,head
2026-09-29T23:40:13Z,8347-7361-0998,Secrets FFA 2,object-noah,UEFN,,1v1|free for all,head
2026-09-29T23:40:13Z,5964-8251-9273,Box Fight Dojo,snick70,UEFN,,boxfight|free for all|practice|pvp,head
2026-09-29T23:40:13Z,4892-8235-8074,One Shot Lawless Mammoth,painterrer,UEFN,,one shot|building|free for all|pvp,head
2026-09-29T23:40:13Z,8773-0046-6822,DEATHRUN MEDIUM｜CTFR0ZEN,ctfr0zen,FNC,,deathrun|practice|just for fun,head
2026-09-29T23:40:13Z,3623-0991-3640,BOX PVP FFA • 15 ROUNDS,bdm_studio,UEFN,,boxfight|pvp|free for all|rounds,head
2026-09-29T23:40:13Z,7043-4473-2056,Players vs 99 Luans Gameplays,luizfe_181,UEFN,,action|attack|battle|difficulty: very hard,head
2026-09-29T23:40:13Z,8650-6674-4553,1v1 todos contra todos,koven67,FNC,,1v1|battle,head
2026-09-29T23:40:13Z,1403-0396-4528,+1 SQUISH ESCAPE,tomes,UEFN,,just for fun|simulator|parkour|deathrun,head
2026-09-29T23:40:13Z,4349-2074-1955,Sections 2,tt_bubbles,FNC,,atmospheric,head
2026-09-29T23:40:13Z,2139-1422-5205,🕊️ Pigeon's Escape Room,twixmaps,UEFN,,puzzle|memes|minigame|escape,head
2026-09-29T23:40:13Z,2237-9094-2815,2V2 SPEED REALISTIC,mio-khalifa,UEFN,,2v2,head
2026-09-29T23:40:13Z,5572-0789-4615,FTNLUCCA 1V1,ftnlucca,UEFN,,1v1|building|practice|competitive,head
2026-09-29T23:40:13Z,1712-7621-7514,🌴 COASTLINE TURBO DRIVE 🏎️,icestudios,UEFN,,driver simulator|just for fun|open world|race,head
2026-09-29T23:40:13Z,6097-6577-6027,1v1 Build Fights [syke.o!],syke.o,FNC,,1v1|shooter|fighting,head
2026-09-29T23:40:13Z,6458-5778-3380,GRAND DRIVE AUTO 6,philip2w,UEFN,,race|free for all|open world|just for fun,head
2026-09-29T23:40:13Z,8421-4813-4604,🏚️ PRISON TRICKSHOT BREAKOUT 🏚️🎯,legendsneverdie,UEFN,,deathrun|parkour|minigame|music,head
2026-09-29T23:40:13Z,2122-0822-5370,Blitz &: Red vs. Blue: Havoc 💯,pstewa32,UEFN,,fighting|respawn|just for fun,head
2026-09-29T23:40:13Z,8900-0715-3922,Nerox,ner1x,FNC,,deathrun|difficulty: medium,head
2026-09-29T23:40:13Z,5707-2799-9260,Milk 1v1 Map [NEW],milkfnn,UEFN,,1v1,head
2026-09-29T23:40:13Z,0332-0835-5615,DEATHRUN EASY 363 LEVELS,lzprime1v5,UEFN,,deathrun|objective|strategy|parkour,head
2026-09-29T23:40:13Z,2166-1242-5901,Blackwater Bot Battle,bombosef,FNC,,battle|exploration|adventure,head
2026-09-29T23:40:13Z,2070-8037-3672,💡 LIGHT SWITCH TRICKSHOT 💡🎯,trickshotmaker,UEFN,,deathrun|parkour|minigame|music,head
2026-09-29T23:40:13Z,3904-3994-0506,🔥 9 LEVEL HARD DEATHRUN 🔥,05bonzo,FNC,,deathrun|difficulty: impossible|just for fun|parkour,head
2026-09-29T23:40:13Z,2972-8922-1858,Parkour Speed Run island 0555,awham,FNC,,parkour,head
2026-09-29T23:40:13Z,1774-4136-3701,ASMR Only Up,princessy,UEFN,,just for fun|parkour|deathrun|escape,head
2026-09-29T23:40:13Z,0791-1383-2429,DESA 1 VS 1,desa,FNC,,1v1|fighting|competitive|turn-based,head
2026-09-29T23:40:13Z,2577-5850-2344,1V1 FAST PRACTICE,applecreates,UEFN,,1v1|practice|building|just for fun,head
2026-09-29T23:40:13Z,9930-6943-7823,Country RNG 🌍,malumo,UEFN,,simulator|collection|tycoon|casual,head
2026-09-29T23:40:13Z,6130-8538-4534,The Last Zone - 2V2 سكرمز العاصفه 🌀,realjj,UEFN,,2v2|free for all|zonewars|practice,head
2026-09-29T23:40:13Z,8929-4032-3377,Deathrun Mesh (4373),e81,FNC,,parkour|strategy|deathrun,head
2026-09-29T23:40:13Z,0023-5304-8727,Sprite Garden Hunt Map,themythicaljinx,FNC,,adventure|puzzle|parkour|collection,head
2026-09-29T23:40:13Z,4914-5909-5438,🎶 GO UP KEYBOARD TOWERS 🎵 MEME SONGS,itachiifn,UEFN,LEGO,music|platformer|parkour|just for fun,head
2026-09-29T23:40:13Z,8358-0355-1748,BALL BATTLE,pepycek1,UEFN,,arcade|just for fun|casual|party game,head
2026-09-29T23:40:13Z,1793-2892-3744,VORTEX FFA CITY RP,silkymap,UEFN,The Walking Dead Universe,race|sports|casual|driver simulator,head
2026-09-29T23:40:13Z,1602-3306-8239,Chapter 2 Simon Says,strawhatmessi,UEFN,,minigame,head
